# Domain: isosceles_triangle (DST, dense eig full spectrum)
# Resolution M = 35, dofs = 595
n,lambda_n
1,4.99989564347334
2,9.9992542475801
3,12.9997077919104
4,16.9973600580999
5,19.998305143529
6,24.9994202928
7,25.9931812981529
8,28.9947628308064
9,33.9969438366798
10,36.9853388800567
11,39.9877049297241
12,40.9990259255997
13,44.9912001629748
14,49.9720637402291
15,51.9951355443244
16,52.9753660323497
17,57.9804301991877
18,60.9985144122326
19,64.9511406611616
20,64.9865790792015
21,67.9555348710829
22,72.9624295712077
23,73.9928319676305
24,79.9711623661452
25,81.9198356272995
26,84.9254813517822
27,84.9978717098342
28,88.9807725166074
29,89.9344751189493
30,96.9461726683321
31,99.9899677481476
32,100.87480264204
33,103.88186289586
34,105.959637862772
35,108.893230424088
36,112.997078906574
37,115.908283067125
38,116.973609380807
39,121.811964532797
40,124.82060443273
41,124.926114769361
42,129.834624585066
43,129.986454997735
44,135.945502152088
45,136.853429506349
46,144.72636017616
47,144.996110522451
48,145.876149526926
49,147.736744703641
50,148.964859073906
51,152.753696451609
52,156.901607903204
53,159.776652230738
54,163.982174634247
55,168.804786306796
56,169.611947821623
57,169.928275069086
58,172.624237375287
59,177.644393053607
60,179.836978304067
61,180.994931790984
62,184.671890069144
63,184.954207092459
64,192.871768094742
65,193.705955530571
66,196.461350215619
67,199.475693857275
68,201.9769626792
69,204.499307184515
70,204.745537059067
71,207.907294806398
72,211.531712107083
73,217.789258016791
74,220.572196474166
75,220.993494231096
76,224.941214093775
77,225.265521188194
78,228.282045518204
79,231.61978917345
80,232.835361205662
81,233.309334515278
82,240.346961378715
83,243.970586692909
84,244.673216759435
85,249.394287799301
86,249.881623885588
87,256.013305363727
88,259.032096492712
89,259.730845811558
90,260.450438012825
91,264.06321069567
92,264.991727783408
93,268.925246601541
94,271.106280707494
95,273.514258333317
96,276.790604858288
97,280.160751229587
98,288.584265823514
99,288.690849072919
100,289.962703680498
101,291.225852878257
102,291.711924595997
103,295.849876484756
104,296.746898025386
105,303.795465542719
106,304.300573724528
107,305.658575770871
108,312.857164453981
109,312.989526444755
110,316.905344207202
111,319.383602591871
112,323.280801368346
113,323.931337437581
114,324.734797970071
115,326.304063294105
116,331.342734855387
117,336.473280123557
118,337.017124617805
119,338.396578520297
120,339.952777879613
121,345.809888540808
122,347.465209283891
123,352.113414568786
124,355.567491619117
125,358.548090067018
126,359.761213397357
127,362.786372599094
128,364.986718144675
129,367.828255150962
130,368.879947700833
131,369.218790343249
132,371.6445012863
133,374.886671751215
134,376.663545606872
135,383.961297575854
136,386.753520641405
137,388.331459719358
138,393.939897978116
139,395.051669388604
140,398.103990567098
141,399.757975540572
142,401.130441004427
143,403.873973033897
144,406.174501178627
145,408.15715909774
146,409.449147168915
147,413.235982324103
148,420.982993676098
149,422.314544953354
150,423.004384192683
151,423.276956898235
152,424.846252842523
153,432.568932397792
154,433.409688048517
155,438.272676497307
156,440.410018248527
157,441.299276456728
158,444.142894769813
159,446.343548437618
160,446.520703868763
161,451.922307371486
162,453.405191870449
163,457.687017405782
164,459.555024676912
165,461.646634218309
166,462.483666858303
167,467.287153469399
168,473.578136233113
169,478.786172988546
170,480.219188663421
171,480.710284976179
172,480.977700742169
173,483.24387434824
174,484.798330357195
175,486.687362520621
176,488.284770160734
177,492.434154057317
178,495.341199193918
179,497.937495262982
180,501.809504701721
181,503.873603012348
182,504.411980697553
183,513.895823301027
184,515.49521272588
185,518.941743587047
186,519.097927450551
187,519.580000257593
188,523.878871809902
189,526.897939561555
190,528.587943814647
191,529.042039879278
192,531.928944685775
193,538.07951814696
194,538.970223287217
195,542.263188936031
196,543.685397144983
197,544.969007042298
198,548.018875308143
199,548.719450957163
200,556.211347051622
201,559.07013999696
202,559.21462901849
203,560.77934197966
204,567.425485610752
205,569.162716756531
206,572.116076166081
207,572.169419911235
208,577.178478448593
209,579.843623080543
210,579.856106218316
211,582.330101402568
212,584.185765449412
213,585.374442479015
214,587.142751501265
215,593.184018207875
216,594.566135621943
217,600.877561740687
218,604.12287356985
219,604.160973734442
220,607.381433099556
221,612.946436543483
222,615.944530895645
223,616.512353602572
224,617.092958811794
225,618.926127699833
226,622.997701680501
227,623.613611166414
228,623.75743446792
229,623.89005079252
230,630.825770635294
231,631.936197411713
232,634.18008681071
233,639.71429816438
234,643.596468827483
235,648.084415141937
236,648.489693614009
237,648.587824095538
238,650.519831585476
239,652.406275409074
240,660.234393963137
241,663.169375975555
242,664.038433913866
243,665.0595569569
244,666.736242052075
245,666.969429445279
246,671.839927693918
247,671.964271225913
248,677.486139435657
249,678.62221140878
250,683.735049112105
251,685.206663680045
252,687.260538726121
253,687.578786147595
254,689.317447776853
255,692.848282831453
256,696.460356716234
257,697.632950382271
258,704.863923315154
259,707.051909004669
260,709.410432821723
261,712.145173296081
262,713.155676050876
263,715.979143704322
264,720.354197804825
265,720.648033966984
266,723.439420149263
267,724.272259333944
268,727.058095579566
269,730.078455148939
270,730.403639003594
271,734.997418213055
272,735.330440230678
273,739.08798512913
274,743.595254243084
275,746.403684329969
276,749.245085064876
277,757.418988673098
278,757.867597515419
279,760.975929353249
280,761.780140324319
281,762.808064954859
282,764.714663231001
283,765.367850967396
284,769.445176061508
285,770.7914964112
286,771.490044562653
287,774.57146347968
288,774.633029718528
289,778.890120698765
290,785.671808929972
291,786.754166192028
292,788.352550383452
293,791.370833962455
294,798.058779145755
295,799.671046912706
296,801.843261035668
297,806.984712305916
298,807.256473195559
299,811.998962111391
300,813.26440112787
301,813.535640783542
302,814.914692122654
303,815.136742512204
304,819.96861656956
305,822.615458485019
306,824.319944316311
307,826.654002506168
308,830.76002079219
309,832.833668118399
310,840.882215963177
311,841.166795226466
312,844.532205203016
313,845.044673208354
314,846.045362648522
315,848.345859754761
316,851.343146184054
317,857.779411342781
318,859.653288237736
319,859.992120695713
320,860.374805908014
321,861.89333110845
322,865.231578957468
323,868.330696659093
324,872.410689836138
325,873.48788969071
326,879.571153470266
327,882.853855586286
328,883.4968600947
329,884.106257404491
330,888.699697798822
331,892.420168085576
332,894.746865768525
333,895.384809823016
334,896.127923458054
335,899.85575638423
336,900.978106603107
337,904.273355487877
338,909.632459747468
339,910.1347808269
340,913.311170369568
341,917.716637964257
342,920.005792510987
343,923.977351794928
344,925.106510220364
345,928.156019475023
346,928.888505012849
347,931.634580010322
348,932.218631316711
349,936.73306985317
350,939.231383555367
351,940.234349792016
352,941.966764758233
353,946.711407604746
354,948.185107848632
355,951.691576775307
356,953.003373135977
357,957.733430027852
358,962.858463461768
359,964.349056637477
360,966.453424997112
361,969.850795017369
362,973.319146444822
363,974.135241772443
364,976.649653778673
365,977.177703702547
366,979.202555969214
367,984.881680836704
368,985.423264415223
369,986.532313004896
370,988.653832318219
371,993.231620131609
372,998.731130789588
373,999.294509480599
374,1003.09622433096
375,1007.29102719211
376,1011.21003344625
377,1011.33803560529
378,1012.47667206257
379,1013.23030766225
380,1013.61743593623
381,1017.61142760535
382,1021.33190328531
383,1022.01708622301
384,1025.65702163083
385,1029.83503428442
386,1032.73339451089
387,1033.09129407731
388,1036.39420495569
389,1040.08360881554
390,1040.95205167379
391,1045.00501549241
392,1048.46041327533
393,1051.35226029507
394,1056.03538467993
395,1056.55800608271
396,1059.79638123007
397,1063.42760348608
398,1065.30324667163
399,1065.64058095911
400,1067.94119999461
401,1071.928739975
402,1072.98695011512
403,1073.83790344539
404,1076.01203209037
405,1083.87963158831
406,1083.89440700829
407,1086.47299581725
408,1089.76095507624
409,1093.69256004112
410,1094.54322518766
411,1096.57044929981
412,1101.54943871388
413,1104.97969065721
414,1107.110447778
415,1108.18923862723
416,1109.21516243788
417,1111.16047884365
418,1115.58828626745
419,1116.60531153906
420,1118.39432019543
421,1122.72595030769
422,1124.70057874469
423,1127.32743973205
424,1130.76262748077
425,1132.25342797594
426,1133.56144990399
427,1139.97948589507
428,1143.94306517262
429,1144.49092682644
430,1147.03889842793
431,1147.42998358799
432,1153.78428007127
433,1155.89948105233
434,1158.73189912884
435,1159.73815401649
436,1160.01435015539
437,1164.88926568511
438,1166.21183782861
439,1168.43926933551
440,1170.40919011668
441,1173.80313184953
442,1179.8054318432
443,1181.49132434886
444,1184.11517143227
445,1186.04236115106
446,1186.96064936942
447,1193.0823851267
448,1195.53221997818
449,1199.73877853992
450,1200.92177609288
451,1204.06131302481
452,1204.24446958656
453,1207.73873739283
454,1207.83748910574
455,1208.95677128169
456,1211.87860670895
457,1215.61914033749
458,1218.53803085378
459,1219.55976213612
460,1225.02699219455
461,1226.41998458981
462,1231.33862010087
463,1231.34997267311
464,1236.36021894
465,1237.49072290901
466,1241.67547365705
467,1245.4198831753
468,1250.49118079854
469,1251.59089687111
470,1252.82143979711
471,1256.99771110585
472,1258.47178984383
473,1262.94681181453
474,1262.96723214198
475,1266.90736336167
476,1273.46860785038
477,1275.57942903235
478,1277.71080031684
479,1281.08196823662
480,1287.47021119742
481,1292.02767982303
482,1294.89110377992
483,1299.01723197496
484,1301.04406018191
485,1303.64357534196
486,1304.94408307262
487,1311.13981431589
488,1312.11584461737
489,1316.28422056701
490,1321.37145285179
491,1321.93673338764
492,1330.8525346404
493,1330.91386710808
494,1335.82750006374
495,1347.136313656
496,1347.22578533803
497,1352.62843166267
498,1353.67477899148
499,1358.23857579449
500,1362.20191533259
501,1365.51143298229
502,1367.30172773053
503,1376.24618858726
504,1380.52425561371
505,1381.79325026947
506,1389.56093709216
507,1396.07068714394
508,1402.61361400166
509,1404.85674257167
510,1407.48659583574
511,1411.87261721823
512,1415.37905312565
513,1416.9308542756
514,1420.72541096685
515,1430.51491298206
516,1432.81050540443
517,1442.7103652579
518,1449.81637322662
519,1455.48227734398
520,1456.41825567464
521,1460.38270551359
522,1466.37756283229
523,1471.80279798103
524,1475.17757157728
525,1486.11539900379
526,1488.22202756836
527,1496.71828284433
528,1498.70522961323
529,1512.96936030487
530,1513.06451346924
531,1516.60287080425
532,1523.33482955332
533,1528.4229496825
534,1532.43761837561
535,1537.77400060559
536,1543.50102594227
537,1556.55385835126
538,1569.60207675525
539,1570.67756465855
540,1574.17695582402
541,1580.04984178121
542,1581.24772758802
543,1590.62152079764
544,1602.2447122356
545,1615.04317532572
546,1623.99387526607
547,1624.80802905769
548,1627.27624448517
549,1632.28645986335
550,1639.97799148115
551,1650.13320599078
552,1661.54993877585
553,1669.81157303905
554,1682.292828811
555,1685.4454675151
556,1691.57579457763
557,1700.2389348864
558,1710.22307559225
559,1717.61751181512
560,1738.45662451082
561,1741.19249416927
562,1745.54071576473
563,1752.60162625066
564,1761.08678968899
565,1767.48498835328
566,1794.71046376737
567,1802.02646137
568,1807.26308891632
569,1814.1620941948
570,1819.46569213606
571,1851.86635443592
572,1860.94657315752
573,1864.23106077845
574,1869.46064003984
575,1873.59840515224
576,1910.38745087005
577,1923.44842376686
578,1926.97548115734
579,1929.91361594611
580,1970.54594247695
581,1984.78523572055
582,1986.66613772898
583,1988.44013425574
584,2032.54173092205
585,2048.39697781192
586,2049.2495822168
587,2096.54271195155
588,2111.76732711814
589,2112.60780866051
590,2162.70566454385
591,2176.85512596486
592,2231.18862334187
593,2243.8250786029
594,2302.14798833742
595,2375.63470649713
