# Domain: isosceles_triangle (FEM, dense eig full spectrum)
# Resolution Hmax = 0.09, dofs = 2664
n,lambda_n
1,5.00000649095828
2,10.0000527744995
3,13.000112647965
4,17.0002571288136
5,20.0004143611348
6,25.000798123991
7,26.0009166671661
8,29.0012493317068
9,34.0020236210141
10,37.0026353207213
11,40.0032847024856
12,41.0035140030425
13,45.0046465881221
14,50.0064690920455
15,52.0071643152577
16,53.0075248788453
17,58.009834198159
18,61.0115867855638
19,65.0140479045157
20,65.0141189834865
21,68.0158693951033
22,73.0198235164066
23,74.0204374773268
24,80.0257451356401
25,82.0281856816836
26,85.0303669135189
27,85.0310156330267
28,89.0354146660152
29,90.0365283795322
30,97.0458452631523
31,100.050007355577
32,101.05218970508
33,104.055815355391
34,106.059945165526
35,109.064568670493
36,113.072042344946
37,116.077123475241
38,117.080679002533
39,122.091245306832
40,125.095753187039
41,125.097249608848
42,130.107290693144
43,130.10890332005
44,136.123617375154
45,137.126198343476
46,145.149621316774
47,145.152378255073
48,146.151083640523
49,148.157597486505
50,149.163875060234
51,153.175057908376
52,157.190486676724
53,160.198709485495
54,164.215749618292
55,169.232056955279
56,170.240001661657
57,170.242295469873
58,173.250815601383
59,178.272613349408
60,180.279540821683
61,181.287469205536
62,185.303607226036
63,185.309788646218
64,193.346509096657
65,194.348426835778
66,197.376437828957
67,200.385251207213
68,202.398154740229
69,205.407834172792
70,205.415504474601
71,208.433564741796
72,212.453254701799
73,218.489014357841
74,221.509199516721
75,221.524602428731
76,225.554759217249
77,226.560815292248
78,229.570342964609
79,232.593372930101
80,233.610217901458
81,234.610411348847
82,241.663586820714
83,244.688878984208
84,245.693773702472
85,250.729497233922
86,250.742124385784
87,257.812516540822
88,260.811435515685
89,260.828429562831
90,261.836648712428
91,265.865216746252
92,265.881455092065
93,269.921949131312
94,272.935650392248
95,274.958009557349
96,278.000430050868
97,282.037483357883
98,290.130266703278
99,291.142418812877
100,291.161049482563
101,293.144052250611
102,294.174506226166
103,297.218030617063
104,299.231075382556
105,306.298622925016
106,306.32220583041
107,307.322698051502
108,314.419674489582
109,315.426807145862
110,318.481295951182
111,321.516717426477
112,326.574788705456
113,326.603637010002
114,326.616863304414
115,329.622600104103
116,334.705720083841
117,338.764366268614
118,339.766705892106
119,341.802424410111
120,341.811620233993
121,347.911115652315
122,350.943033066063
123,355.020609663865
124,358.054540881583
125,362.132707592525
126,364.213067420998
127,367.223354555606
128,367.225619754051
129,371.330580466336
130,372.312510810831
131,372.337133264729
132,375.346792596456
133,379.415803613307
134,379.493240259785
135,388.602105551364
136,390.636232814127
137,391.67793660579
138,396.760943432319
139,399.842847560503
140,402.897221965106
141,403.966468346827
142,406.952009487373
143,408.016051396392
144,412.075581282435
145,413.058346085617
146,413.117959725416
147,419.227380976621
148,424.343240543709
149,427.425371373312
150,428.41977728881
151,428.452606076806
152,428.504700140948
153,436.652284534052
154,439.69977075226
155,445.816769202033
156,445.909719366913
157,448.901252280368
158,448.946685263086
159,452.97284822647
160,454.04135260996
161,456.108593263414
162,461.214927804235
163,462.287750850645
164,465.344277590062
165,468.427658505707
166,470.452147433538
167,472.502759062545
168,481.780106317615
169,485.905845634173
170,485.974146174319
171,486.933744419844
172,490.062005961377
173,490.110160009319
174,493.077959472714
175,495.155433569183
176,498.228787275948
177,498.30547824836
178,505.44577612716
179,505.48536690952
180,510.625473836875
181,510.75656816248
182,514.759937919314
183,519.915234829509
184,526.114160552967
185,526.162022568415
186,527.214551446515
187,528.180639822736
188,536.455335305288
189,536.613846100565
190,539.496543434423
191,539.587690256255
192,544.772962247464
193,547.896449924611
194,550.976229314325
195,551.981589991761
196,552.14091532469
197,555.098399583545
198,556.334889498805
199,561.304039739272
200,564.592120027332
201,569.585281515104
202,572.772684102304
203,572.808068352045
204,577.016219731317
205,585.504684783641
206,586.194938384844
207,588.346868736343
208,588.452235388902
209,592.458415601598
210,593.597662337585
211,593.675169013556
212,594.665093381181
213,600.900321249941
214,601.918349506411
215,604.983869085358
216,610.223161869933
217,614.494382536516
218,619.638362990328
219,619.70651684384
220,621.728615529273
221,622.822128911869
222,627.06670237344
223,635.270867971464
224,635.388594423601
225,636.511654393813
226,638.384284957285
227,639.416581680498
228,639.663511818704
229,644.75913451435
230,647.94562752437
231,651.229516198343
232,652.012012080566
233,661.368880927448
234,661.466216693517
235,661.528990152074
236,664.763034774241
237,667.974640045796
238,668.934349958913
239,673.136033291594
240,678.294286326707
241,685.786631922914
242,686.596232872524
243,688.995872736341
244,690.057140603146
245,693.029296442392
246,693.28798865308
247,698.427697368492
248,698.564366430603
249,702.607514357004
250,703.130902922718
251,705.730932458317
252,710.978262593933
253,711.514001076283
254,711.951498428114
255,715.232280901262
256,720.536157983155
257,724.017291011335
258,727.013103446257
259,735.33768290203
260,739.312274376833
261,740.446285200235
262,740.659076062692
263,741.011081742794
264,745.753147601499
265,746.209616124748
266,748.964205171571
267,754.263157609478
268,756.408264907385
269,756.603784992108
270,761.777362847297
271,762.101424343561
272,762.946629422369
273,771.336230004087
274,771.627643440884
275,774.85308484502
276,779.196778783062
277,783.024771156099
278,783.871790962475
279,787.621607876724
280,790.373183221395
281,792.040966590938
282,795.036744262669
283,796.876182447159
284,804.86606737513
285,805.090010290365
286,807.98588141943
287,812.965559323039
288,813.53303399005
289,813.960177202736
290,817.484199393015
291,820.796255093724
292,822.016000790778
293,822.772086752394
294,829.483418935212
295,830.356727865
296,831.355523955708
297,839.943251696416
298,841.891521767043
299,842.187835735942
300,843.286614123444
301,851.733830715666
302,854.808493825793
303,855.970958086737
304,865.036620814636
305,866.263958987981
306,868.68522008129
307,869.359939263972
308,869.539540569188
309,872.441214568829
310,873.955238219385
311,874.389566624781
312,874.82911171675
313,878.223819723995
314,882.027562924481
315,890.504051599523
316,891.300513506116
317,891.851107520739
318,898.04637842107
319,899.220603382448
320,903.838213580887
321,908.089382687057
322,911.226766092505
323,911.311767222317
324,917.051111013569
325,917.72799152446
326,926.366282599222
327,928.696805178423
328,929.633246870749
329,930.507336210878
330,933.370154869093
331,933.922832194423
332,934.377707231637
333,938.592547076372
334,943.957354497257
335,946.463168393456
336,952.563802816211
337,955.376890873364
338,955.908613994136
339,957.115101949095
340,959.375085772682
341,961.136340857801
342,963.123240815521
343,968.138654808869
344,969.842235732629
345,973.743991968638
346,982.158136254517
347,982.700329419717
348,986.568391162793
349,987.133742904714
350,995.650948048044
351,996.49495022783
352,999.378595575123
353,999.488103355997
354,999.823608074835
355,1004.58913463533
356,1004.83175894679
357,1011.30648132877
358,1012.88648930439
359,1015.9131625705
360,1016.69474851176
361,1022.0452892664
362,1022.21540605935
363,1022.5950729041
364,1022.76335353125
365,1034.20875513126
366,1037.48426399463
367,1038.33770561784
368,1048.02857413791
369,1048.48153429355
370,1049.40193509663
371,1052.91857380578
372,1056.95387653196
373,1057.60222558305
374,1060.96977090157
375,1065.54770872316
376,1065.72095514956
377,1066.38258880365
378,1068.25632696992
379,1074.11064409205
380,1078.21443087022
381,1079.892741196
382,1080.97235267495
383,1081.77545446683
384,1084.6177698108
385,1087.25985661563
386,1091.71006255276
387,1097.25254581788
388,1103.26512741097
389,1104.17924336266
390,1105.45385154276
391,1110.73090454521
392,1111.62593331909
393,1115.33292056933
394,1118.46200437193
395,1119.81097760595
396,1121.48281339026
397,1128.89974374212
398,1135.16999497037
399,1137.3613620532
400,1138.29111250245
401,1140.48235121234
402,1144.82565477326
403,1145.99876995804
404,1146.67926064725
405,1152.53340774529
406,1153.91932888466
407,1155.23275958646
408,1156.37428835233
409,1157.52652905875
410,1161.18177987368
411,1164.51943861126
412,1168.28732524812
413,1174.69599182306
414,1177.69720636935
415,1177.90780094644
416,1182.2261265296
417,1182.59530585714
418,1183.35718237757
419,1191.29402922628
420,1199.42749853553
421,1201.18241843178
422,1208.58041056294
423,1209.08136264458
424,1210.84899911041
425,1213.53275505541
426,1214.61281922523
427,1216.21982071312
428,1217.18430672367
429,1220.81278915555
430,1222.90035398
431,1225.14416756568
432,1227.02833278411
433,1227.79866204351
434,1230.55819208694
435,1240.34901339364
436,1243.94415066588
437,1245.90195218383
438,1249.27986763562
439,1250.68539151511
440,1253.1095501506
441,1254.11459947743
442,1263.31754502363
443,1263.77357356264
444,1266.96167339694
445,1267.61163165578
446,1272.0265408927
447,1277.89558417959
448,1281.03460360903
449,1282.42515150958
450,1284.09566109394
451,1288.33801867937
452,1290.14945567702
453,1292.58061155531
454,1294.35302895826
455,1297.67012616454
456,1299.55911633794
457,1303.27900123451
458,1307.03712024126
459,1309.27748650527
460,1315.66545833298
461,1317.90137287923
462,1318.92557948241
463,1321.55383960813
464,1325.41433649175
465,1327.06925975115
466,1328.00609855858
467,1330.04265425258
468,1332.56838692251
469,1336.85863193981
470,1344.37118834289
471,1350.01331602291
472,1352.48570222893
473,1355.52474243897
474,1357.39585866345
475,1359.13543721923
476,1363.08377421988
477,1371.15470377335
478,1371.8300973734
479,1372.35622810351
480,1374.49157738863
481,1376.68703483945
482,1378.43105069421
483,1381.5120454062
484,1383.56199403075
485,1387.67378613092
486,1389.94808802914
487,1391.31353729028
488,1393.03494600801
489,1396.31836849554
490,1398.51729180605
491,1401.17619440962
492,1405.42608549158
493,1408.65740276471
494,1411.16951080542
495,1421.43630981218
496,1425.60807046677
497,1426.02733091395
498,1428.43261265373
499,1429.67453796284
500,1436.88892343371
501,1437.1840271078
502,1443.30212746771
503,1444.11239140838
504,1444.9298624235
505,1454.2374612645
506,1455.82727844555
507,1457.49418480385
508,1458.16559135768
509,1462.04309688226
510,1463.4605553436
511,1467.1457605895
512,1467.81422324068
513,1470.11905713945
514,1470.64234420736
515,1472.97105440253
516,1480.20250717702
517,1481.87801446209
518,1489.58711048487
519,1490.90752355162
520,1491.85693647618
521,1495.13625523855
522,1500.26776088037
523,1501.69984002871
524,1503.66893871577
525,1504.901869483
526,1507.79470972006
527,1511.70813154045
528,1513.63940877167
529,1514.92238521209
530,1522.52674115997
531,1527.35506228607
532,1532.91255966297
533,1535.14024247066
534,1537.01010061367
535,1538.64811068555
536,1540.14675889461
537,1542.22820020433
538,1543.2011057423
539,1545.95713354909
540,1546.1171832761
541,1551.75756436308
542,1554.16772475451
543,1558.03255153572
544,1558.61225886331
545,1563.43107714847
546,1566.17860320888
547,1567.77394254506
548,1569.41447301256
549,1570.44070469501
550,1578.96079458532
551,1581.49272443458
552,1581.59643261799
553,1583.2348617651
554,1585.62925245404
555,1588.59813111014
556,1590.98183348688
557,1591.48942245274
558,1598.45873396318
559,1602.47657222386
560,1603.46431440517
561,1605.39659132797
562,1606.78805077407
563,1609.6360607661
564,1612.27275926157
565,1613.18087099856
566,1614.80578674031
567,1617.95552341
568,1624.72147198952
569,1625.6170800013
570,1626.61082794263
571,1628.28788236482
572,1630.50617303076
573,1636.35668177281
574,1637.33311992969
575,1642.25666135687
576,1643.85818641799
577,1648.00504332263
578,1651.24140536261
579,1657.6884563181
580,1660.3370383526
581,1666.82934735304
582,1667.9770992036
583,1668.90505882538
584,1674.33279805588
585,1675.77239251726
586,1683.25433020611
587,1685.09703237434
588,1685.86730238878
589,1687.23402239295
590,1688.78071062219
591,1690.88640551439
592,1693.40789005576
593,1696.02070691634
594,1705.86553460888
595,1707.06904324598
596,1710.1689525549
597,1716.63534987838
598,1719.15946361411
599,1720.03311223377
600,1726.62105388993
601,1727.85843138417
602,1730.82347608773
603,1736.53577446021
604,1737.12332976115
605,1748.23260027266
606,1749.12341722133
607,1754.12362948946
608,1755.98774076047
609,1756.89456998906
610,1761.3504192766
611,1768.38062770074
612,1773.78422045462
613,1777.08766717809
614,1779.61681690983
615,1781.94784929929
616,1782.41878242636
617,1784.07925912567
618,1791.59496650794
619,1795.74591045387
620,1798.82261714393
621,1807.56606412289
622,1809.61853139103
623,1814.29475940257
624,1824.48896164916
625,1825.91295655288
626,1831.81613362356
627,1834.62850607333
628,1835.67482323616
629,1845.80552162831
630,1850.36436696343
631,1851.51858297506
632,1863.33150256237
633,1865.10285358115
634,1870.36902125804
635,1876.61107258019
636,1880.75244666331
637,1886.27713663994
638,1887.35001269781
639,1894.29177565892
640,1898.12672586752
641,1900.61160518571
642,1908.72362490948
643,1912.33353672098
644,1915.72310041591
645,1917.46678354158
646,1925.22104314318
647,1931.10028663173
648,1934.08845797082
649,1943.44998951516
650,1945.96820023124
651,1950.16590649418
652,1952.71466346341
653,1955.54547599687
654,1958.0274729982
655,1959.42635631563
656,1965.19261300853
657,1973.16086232348
658,1974.35961555995
659,1978.83586823812
660,1979.39061030262
661,1986.0173917337
662,1986.43008224092
663,1988.25719803995
664,1991.88731282034
665,1996.05851208066
666,2006.30128027258
667,2009.10790733375
668,2009.87563510623
669,2012.70466013038
670,2016.37729200021
671,2019.87435647262
672,2021.14805272345
673,2034.11125712098
674,2034.60713313921
675,2037.11536881103
676,2041.94154873947
677,2044.421467696
678,2044.94583767552
679,2049.70193958216
680,2057.38868219427
681,2060.8496216632
682,2064.44581043845
683,2069.12947897862
684,2073.74511214696
685,2074.64327265711
686,2079.01212611069
687,2083.67720282186
688,2086.28318569214
689,2087.25172622848
690,2096.77966477357
691,2097.22782463076
692,2100.93452497395
693,2103.54879975554
694,2105.58625380845
695,2114.14139916821
696,2118.37063577498
697,2119.72609855571
698,2125.80839791611
699,2128.31021442667
700,2130.5505832626
701,2133.52345345665
702,2134.54851691135
703,2136.60975320712
704,2142.25377882157
705,2145.27479549574
706,2149.26777432446
707,2154.97829194521
708,2155.23892821562
709,2158.007351824
710,2159.89616914789
711,2165.24331031145
712,2172.08418325616
713,2174.94200019556
714,2177.10330824337
715,2184.45647093577
716,2185.65232687873
717,2188.98021605739
718,2190.7208299379
719,2197.38755961976
720,2201.96525077321
721,2204.00489248394
722,2205.16925061075
723,2206.90768662871
724,2216.62705129601
725,2219.43646118322
726,2221.11585137209
727,2227.0921655069
728,2231.7318979816
729,2232.1137406017
730,2234.41227902015
731,2235.36568068369
732,2240.0177969412
733,2241.5031147927
734,2245.1958908178
735,2250.1845009311
736,2255.56896927557
737,2259.70754560458
738,2260.15540436621
739,2261.90222790774
740,2268.60216127839
741,2276.98273950325
742,2279.466746165
743,2281.42923307983
744,2283.5491672677
745,2287.62932853708
746,2289.74779541471
747,2292.56525383947
748,2297.24607397617
749,2301.05848493967
750,2305.05436454491
751,2307.38746334932
752,2311.82879586999
753,2317.41267662457
754,2319.11996197422
755,2325.17846283597
756,2326.50858218623
757,2328.92239178176
758,2337.51751576578
759,2339.50453484972
760,2343.76063659229
761,2344.70503097452
762,2346.76015416246
763,2354.0361662455
764,2356.87812248702
765,2357.5816271721
766,2358.01811381026
767,2363.22866310999
768,2369.46611747937
769,2370.81150812512
770,2374.09927128394
771,2376.55255517116
772,2378.7597372714
773,2386.12851738799
774,2387.97986793795
775,2394.68961973608
776,2396.9252274944
777,2398.21016183788
778,2399.39427136611
779,2403.8952994012
780,2408.27165098247
781,2412.99901791196
782,2418.97975221202
783,2421.39388180133
784,2429.08557376738
785,2431.38810867443
786,2438.07976880451
787,2443.33904574371
788,2445.49588189328
789,2454.74899260594
790,2456.86859949466
791,2458.10584247374
792,2459.4102146544
793,2462.22692642847
794,2466.32662327863
795,2466.93979693626
796,2472.70102180204
797,2474.13633554135
798,2475.97688415324
799,2480.43946500474
800,2482.44380840351
801,2487.8241620542
802,2488.46434920147
803,2492.83656019542
804,2497.66787717446
805,2499.11015967915
806,2504.30064374564
807,2507.91951731406
808,2508.76233831818
809,2511.29055285379
810,2519.89730643185
811,2522.11230646167
812,2526.07074090454
813,2528.67490624317
814,2534.3449907864
815,2536.54600431678
816,2544.55288970332
817,2548.7753666856
818,2549.87132508885
819,2554.44155702861
820,2563.02709783288
821,2569.99876485522
822,2570.54578382662
823,2572.37514162475
824,2576.22357173757
825,2578.89390982837
826,2586.2393440044
827,2590.41406493622
828,2591.82934941746
829,2594.40462535952
830,2599.37199321173
831,2600.00054620353
832,2601.87680926461
833,2612.90194137283
834,2613.83945920853
835,2615.63870751934
836,2618.0213238628
837,2621.42424002849
838,2631.01385115197
839,2634.09671646873
840,2634.76130014777
841,2641.02621570988
842,2644.72267603538
843,2647.96888131467
844,2650.17817008604
845,2651.15017055668
846,2654.0785005245
847,2656.56408427403
848,2659.32626871247
849,2664.77834624503
850,2665.6693887579
851,2669.19688499275
852,2676.88708128059
853,2681.86485385602
854,2690.35534764831
855,2690.64361739089
856,2700.05633763031
857,2702.22039266649
858,2707.34930939867
859,2710.50314784654
860,2715.09890133149
861,2715.41247439937
862,2721.48336728709
863,2721.53534522379
864,2727.44249368929
865,2735.53520925464
866,2740.08112308743
867,2741.24239470325
868,2744.61173487119
869,2749.46547351748
870,2753.05730072787
871,2753.95533793705
872,2757.52611127112
873,2761.92401665291
874,2766.03124030277
875,2769.77182614937
876,2773.21769967757
877,2777.21550546247
878,2778.18409438268
879,2780.60325630487
880,2785.00269029874
881,2785.60324927722
882,2790.98723472593
883,2793.49013974935
884,2799.42543472505
885,2804.86396601987
886,2811.15944801674
887,2812.48713225033
888,2822.39927674674
889,2824.86512073991
890,2833.89515864957
891,2835.59392180492
892,2840.53090147512
893,2842.49965674279
894,2847.93309413908
895,2850.48983641254
896,2852.92477704933
897,2856.01686597588
898,2861.26843837036
899,2863.36274488797
900,2872.13755803118
901,2875.41257193957
902,2879.68433239918
903,2883.60476845507
904,2886.09066695864
905,2893.56547968563
906,2896.58295472219
907,2899.10205614474
908,2901.59239036357
909,2904.82002653462
910,2906.27365720591
911,2910.80245404396
912,2912.33024941259
913,2914.04508718596
914,2917.7288555846
915,2924.61831553704
916,2926.91092450429
917,2928.99172300523
918,2934.61593084615
919,2940.49087090413
920,2944.94511116274
921,2947.88778395391
922,2954.29084939694
923,2958.51529646615
924,2965.88397261169
925,2972.17414057547
926,2976.21261044652
927,2976.48026912677
928,2979.68285752711
929,2981.38168957865
930,2989.48958337678
931,2995.54355405273
932,2996.47102588762
933,2998.90502265876
934,3010.76620288612
935,3012.75282445409
936,3017.57854157375
937,3020.28003862437
938,3025.97936295163
939,3027.73810331256
940,3029.77216759213
941,3035.75063989884
942,3037.31239625867
943,3040.15191203945
944,3045.02509650563
945,3046.26745118956
946,3053.7520715885
947,3054.99427085146
948,3057.3786694415
949,3061.12159231454
950,3063.21624074101
951,3068.36443669946
952,3078.36059045074
953,3079.79599309707
954,3083.36885775567
955,3087.63724014035
956,3092.12414610515
957,3096.0151988263
958,3100.11429835317
959,3107.89736321894
960,3109.23119151594
961,3113.56227422444
962,3115.28568533676
963,3120.78796663637
964,3124.92572037192
965,3134.34465619166
966,3136.2558699112
967,3143.17700568765
968,3145.23663321874
969,3153.37301533105
970,3155.76801715573
971,3162.43692228874
972,3163.11967732816
973,3168.24426479857
974,3174.75194113153
975,3176.87234924357
976,3179.25611788712
977,3184.36346608241
978,3187.90861928808
979,3189.28885157255
980,3192.01612991737
981,3196.29483266111
982,3202.72880761812
983,3204.21723518375
984,3210.28508691215
985,3212.74345857377
986,3219.87095669636
987,3221.11855012285
988,3223.65112890575
989,3227.54355579105
990,3230.01176174923
991,3237.59836324676
992,3244.4641302781
993,3247.17131680793
994,3252.49383279114
995,3263.5950713305
996,3264.91372830866
997,3270.46837357549
998,3271.06712746957
999,3272.26159016329
1000,3278.72941233421
1001,3284.83433002947
1002,3288.60384463411
1003,3290.82330808825
1004,3291.09208331503
1005,3292.70224931162
1006,3302.70782800304
1007,3311.88517974217
1008,3312.96014139273
1009,3316.63851252019
1010,3320.75374300232
1011,3321.14050315912
1012,3331.16254436559
1013,3333.11820753326
1014,3337.1693456891
1015,3338.82089814606
1016,3345.49142055022
1017,3346.83895959066
1018,3353.73102069465
1019,3360.39790333507
1020,3362.35391319859
1021,3367.78193157073
1022,3375.44978930159
1023,3378.45227742952
1024,3381.58680841712
1025,3383.2362383124
1026,3386.99095734608
1027,3394.30857056414
1028,3395.61477377585
1029,3397.39611728515
1030,3405.34464497494
1031,3407.01469567774
1032,3416.2896338394
1033,3419.87649117128
1034,3425.21512228362
1035,3429.60386714017
1036,3433.25778841736
1037,3435.25663453765
1038,3443.78219988568
1039,3447.01012765106
1040,3451.06459907817
1041,3452.65874996103
1042,3463.82512033946
1043,3468.00328230627
1044,3469.59812563343
1045,3470.9012517278
1046,3474.39034975478
1047,3478.42729434666
1048,3487.7869723143
1049,3492.80532201719
1050,3500.22414090859
1051,3502.12357255274
1052,3505.26454057516
1053,3507.40246776233
1054,3512.19145280048
1055,3519.34748349335
1056,3522.71545443219
1057,3524.91078326139
1058,3528.33741213886
1059,3531.29433704489
1060,3535.51975011575
1061,3540.6255436111
1062,3542.48361653215
1063,3545.64709572157
1064,3556.13230677383
1065,3557.91107856128
1066,3562.58883760752
1067,3569.68255963911
1068,3572.4216363249
1069,3574.21946286644
1070,3578.68827848681
1071,3587.00348067368
1072,3596.48247399328
1073,3598.34034089645
1074,3600.33200464014
1075,3605.18512379031
1076,3609.94920975868
1077,3613.67490694487
1078,3616.10822799187
1079,3620.35901716018
1080,3628.44548305154
1081,3633.98705969954
1082,3636.21158570588
1083,3640.28833998101
1084,3642.24677657037
1085,3647.71552228855
1086,3651.6291377412
1087,3657.97229057855
1088,3667.51693672678
1089,3668.90068399473
1090,3679.45902404048
1091,3681.32470792461
1092,3684.55514821015
1093,3688.15981945962
1094,3690.1390033296
1095,3693.79979760361
1096,3697.84119104588
1097,3700.88775719047
1098,3707.55490975456
1099,3712.36633756037
1100,3718.32933185569
1101,3720.90654398625
1102,3731.05921710583
1103,3732.60625456039
1104,3734.4337068575
1105,3738.31737196077
1106,3740.9628449154
1107,3746.77816491346
1108,3754.06727372906
1109,3759.98618919883
1110,3762.59164749575
1111,3767.02156624948
1112,3768.32167791984
1113,3772.18257858582
1114,3780.9588294483
1115,3782.56932171125
1116,3789.85430688283
1117,3801.97750144484
1118,3804.45107309703
1119,3809.75837875843
1120,3812.51431074987
1121,3818.7496094337
1122,3820.26864297003
1123,3821.27487206802
1124,3828.88607478412
1125,3834.43528076779
1126,3836.59507067526
1127,3844.62477214941
1128,3847.04382275321
1129,3848.89677361004
1130,3854.00189368316
1131,3855.37966840195
1132,3859.31604309112
1133,3867.04716904093
1134,3870.0635381781
1135,3878.06637307844
1136,3879.08787998396
1137,3881.73675925136
1138,3884.75008156959
1139,3895.81820935311
1140,3902.14929961961
1141,3904.691655905
1142,3908.82182104335
1143,3909.23968891097
1144,3916.42818156089
1145,3919.98278011062
1146,3923.46485722569
1147,3932.86142039859
1148,3942.46558408719
1149,3944.90732823554
1150,3955.00624273576
1151,3958.63247832691
1152,3960.82440201962
1153,3962.9514237216
1154,3971.50204518388
1155,3974.24984970806
1156,3977.25656573932
1157,3981.1670441599
1158,3981.87160140296
1159,3984.94088259289
1160,3993.10538709124
1161,3994.44238564536
1162,3997.36042215597
1163,4003.29642847444
1164,4005.12593421727
1165,4007.74332308963
1166,4018.65651863754
1167,4019.82610748363
1168,4021.60810676786
1169,4031.25961923983
1170,4035.23513744865
1171,4045.66602837831
1172,4046.95962095709
1173,4049.59106784318
1174,4055.29235162514
1175,4061.46969008331
1176,4066.89253639791
1177,4070.09456163105
1178,4078.74091162527
1179,4082.65150489624
1180,4086.80802024697
1181,4088.95197112424
1182,4088.98194222471
1183,4101.94072238033
1184,4104.98099930274
1185,4107.01164022673
1186,4109.57303929043
1187,4117.04120524715
1188,4118.74858069376
1189,4123.92543590285
1190,4137.80716088497
1191,4144.18990738538
1192,4146.31471455776
1193,4157.72386595862
1194,4161.57182586177
1195,4166.1678904419
1196,4172.51864111878
1197,4174.97505655657
1198,4179.20644285532
1199,4179.90045023084
1200,4183.97753668081
1201,4186.93808905295
1202,4192.38814904831
1203,4195.10582896746
1204,4196.02218533643
1205,4197.01255408017
1206,4203.29520912062
1207,4206.79253601355
1208,4218.05686392057
1209,4223.25809089749
1210,4234.12878828007
1211,4236.97640441452
1212,4240.95694521168
1213,4246.75195399106
1214,4249.84383154475
1215,4256.79829501964
1216,4260.46818666002
1217,4266.73652325307
1218,4270.42044034841
1219,4273.83389300176
1220,4276.69350588625
1221,4280.97383594151
1222,4286.7347152038
1223,4294.00475698953
1224,4303.37090213593
1225,4304.19367858353
1226,4307.19715940214
1227,4311.51250232408
1228,4314.1195057996
1229,4320.93433431541
1230,4330.24167380091
1231,4333.64933097017
1232,4346.08847930079
1233,4347.50335854709
1234,4355.29606471706
1235,4355.56587958096
1236,4366.14588785228
1237,4371.13872900133
1238,4373.13084902019
1239,4381.61034861473
1240,4382.85454256163
1241,4385.42702930674
1242,4388.60216865901
1243,4390.51784586511
1244,4397.97294463415
1245,4402.98309787375
1246,4405.75515713237
1247,4409.772540425
1248,4411.17714049807
1249,4417.22769970528
1250,4420.26189472665
1251,4427.2799092692
1252,4439.83912238017
1253,4443.33033827044
1254,4447.08714164282
1255,4447.98795186205
1256,4459.90957026071
1257,4465.31076876817
1258,4469.08741295134
1259,4471.20977496268
1260,4480.56765900247
1261,4486.37806693992
1262,4492.23747171568
1263,4493.65599084478
1264,4495.62837125608
1265,4500.99769535514
1266,4504.45777124303
1267,4511.8247161982
1268,4516.46913197008
1269,4522.53220230909
1270,4527.92378831087
1271,4529.56650205071
1272,4541.3181583394
1273,4546.02912605886
1274,4549.78338108474
1275,4555.72776814261
1276,4558.06131896868
1277,4560.4505179468
1278,4564.14032542605
1279,4565.71782542594
1280,4570.28518564079
1281,4574.830738746
1282,4577.27045056397
1283,4581.87860093812
1284,4588.05437697269
1285,4591.17172743645
1286,4606.81100743094
1287,4608.82714224322
1288,4615.05032477616
1289,4618.13568337777
1290,4620.62927821189
1291,4628.03857081953
1292,4639.29562410645
1293,4641.02781654712
1294,4643.64520994347
1295,4658.44021039349
1296,4662.9793665965
1297,4667.61913970515
1298,4668.31745784075
1299,4671.3770409737
1300,4673.91226707702
1301,4686.27970954833
1302,4686.3991236363
1303,4689.97722518604
1304,4695.87972024668
1305,4698.75929852511
1306,4709.65857299755
1307,4717.08406601712
1308,4719.44109611972
1309,4722.90517894538
1310,4723.94699739037
1311,4726.46987124582
1312,4732.63777379911
1313,4733.36352458473
1314,4739.62346140964
1315,4740.98965239009
1316,4745.96682887997
1317,4749.00934394587
1318,4763.05908005179
1319,4763.96933732221
1320,4766.26328699409
1321,4777.14357224043
1322,4785.34870405109
1323,4787.39716236272
1324,4798.56747838346
1325,4807.02021675428
1326,4816.70159277614
1327,4818.83077965469
1328,4820.69376147479
1329,4828.9167420625
1330,4834.17786642438
1331,4834.51133083731
1332,4837.03750032626
1333,4844.33765562307
1334,4847.03627303016
1335,4852.30435983464
1336,4860.35387230874
1337,4862.04499864928
1338,4865.39589943977
1339,4873.07952065081
1340,4878.96430022095
1341,4887.01511276615
1342,4892.21812948024
1343,4894.75489595015
1344,4900.15116582171
1345,4901.89101931223
1346,4906.21418199997
1347,4912.43701775954
1348,4916.40668925784
1349,4924.29478455347
1350,4929.86092442158
1351,4940.17767763132
1352,4942.42135729158
1353,4945.10509587545
1354,4949.59983243036
1355,4955.15928337343
1356,4961.65342201577
1357,4969.32496524616
1358,4973.22773750071
1359,4976.46115563006
1360,4980.22123605365
1361,4987.7718645272
1362,4991.61110684468
1363,4999.28877488488
1364,5003.8917441028
1365,5010.31243836947
1366,5014.94284582587
1367,5019.55854501361
1368,5021.87169057999
1369,5027.10173843839
1370,5031.53066288858
1371,5038.94320389596
1372,5041.68168529431
1373,5050.94692288968
1374,5055.0466256885
1375,5059.28973242827
1376,5065.62179704136
1377,5067.67505264862
1378,5073.65270691269
1379,5081.24213153796
1380,5085.01317925872
1381,5091.0296093217
1382,5096.2550062116
1383,5100.16923540435
1384,5104.1326716492
1385,5109.19698170246
1386,5113.08650708986
1387,5119.20667949144
1388,5125.94473514008
1389,5127.60228722013
1390,5132.83501119448
1391,5134.29917749979
1392,5141.3454487095
1393,5147.46977376802
1394,5152.61533171318
1395,5158.01554905409
1396,5159.65484350651
1397,5165.56451326005
1398,5172.79797225436
1399,5178.82600687763
1400,5183.21436285032
1401,5189.28911572443
1402,5191.35620439718
1403,5201.53763794114
1404,5204.88859942976
1405,5207.79652626296
1406,5215.79780337125
1407,5219.66213626414
1408,5220.52159966673
1409,5229.78384477361
1410,5230.98285624816
1411,5236.94153297605
1412,5239.77854794104
1413,5250.5548733975
1414,5254.5721755944
1415,5261.24925010032
1416,5261.6202016383
1417,5268.44919564999
1418,5272.10534557942
1419,5280.1751233496
1420,5288.67983487165
1421,5289.96357875731
1422,5300.38398587515
1423,5308.83370015312
1424,5311.42846944069
1425,5315.90404648199
1426,5323.68805854114
1427,5325.95301192073
1428,5327.74504819423
1429,5331.41487621556
1430,5341.76367833732
1431,5344.36811829415
1432,5352.82092841453
1433,5353.06024527027
1434,5361.61108193854
1435,5361.98439197094
1436,5365.61366741651
1437,5370.44652430153
1438,5375.31319522922
1439,5385.0129829102
1440,5389.0961853079
1441,5390.53126497297
1442,5391.80390704571
1443,5402.38379956743
1444,5404.6467560216
1445,5414.0820323399
1446,5414.44279937942
1447,5421.11672791512
1448,5426.67365940595
1449,5431.19132998919
1450,5431.68153576719
1451,5443.13826040754
1452,5446.26221784837
1453,5447.83831313687
1454,5452.21999652712
1455,5455.7975045936
1456,5457.59174031209
1457,5460.69569973158
1458,5470.95471614423
1459,5473.74427753506
1460,5489.56525152704
1461,5495.35665013612
1462,5496.6631088718
1463,5503.6865826049
1464,5514.75526872011
1465,5521.85604235532
1466,5525.02014914552
1467,5526.06296177651
1468,5536.1523641904
1469,5543.6261210805
1470,5548.10392753487
1471,5549.5914829194
1472,5559.26161434886
1473,5566.28466045376
1474,5571.17789456087
1475,5578.37047398875
1476,5579.79275774192
1477,5581.94578664376
1478,5586.17540261217
1479,5586.41419508666
1480,5593.54682292668
1481,5600.80632268974
1482,5606.08445273169
1483,5609.29813275047
1484,5614.1362874944
1485,5620.17276065866
1486,5627.6143952643
1487,5632.29248022984
1488,5634.74663255633
1489,5636.98483370666
1490,5642.09556522333
1491,5646.64179151618
1492,5651.66939309312
1493,5654.17462545484
1494,5656.9031406909
1495,5660.73966033763
1496,5668.98738224033
1497,5672.18390585657
1498,5678.94518805602
1499,5686.05803656759
1500,5691.95973701075
1501,5696.61014381136
1502,5701.96180301417
1503,5707.70089957558
1504,5711.73522449698
1505,5717.12877577794
1506,5721.97272411471
1507,5728.11143492109
1508,5733.82471025864
1509,5736.19853612241
1510,5737.81490687994
1511,5744.13358170505
1512,5752.43609928946
1513,5754.48014205035
1514,5762.1402188139
1515,5763.50859184684
1516,5774.0222933275
1517,5778.07403875101
1518,5785.04538788116
1519,5789.39938221676
1520,5791.89910980294
1521,5799.02502866194
1522,5809.06754320961
1523,5813.11286133871
1524,5817.76113185227
1525,5818.63488444143
1526,5826.75744785383
1527,5831.8748081432
1528,5836.2455151846
1529,5837.38393295074
1530,5845.01341310522
1531,5848.40018047755
1532,5854.54520482888
1533,5865.70309047473
1534,5869.14660025886
1535,5870.27539126124
1536,5871.15731581619
1537,5877.91433267455
1538,5892.02537702086
1539,5893.69743149204
1540,5897.10580827567
1541,5898.90391599115
1542,5903.00048953951
1543,5912.62622934984
1544,5915.56270899888
1545,5921.32746475208
1546,5923.36688124848
1547,5924.47758391874
1548,5933.81719876272
1549,5940.01097271063
1550,5949.08155702612
1551,5949.88206540958
1552,5956.10519358012
1553,5958.05470364795
1554,5965.21979725584
1555,5967.5272039585
1556,5974.68924295859
1557,5979.74524629619
1558,5981.74026554086
1559,5985.28115215582
1560,5992.31168576658
1561,5996.47209245854
1562,6002.20558374497
1563,6006.68707643425
1564,6008.28611792532
1565,6016.79643254556
1566,6022.94258271265
1567,6028.40739519662
1568,6037.40147696382
1569,6039.27135019403
1570,6042.66954993946
1571,6050.70966287145
1572,6060.64411656654
1573,6062.27026109336
1574,6066.39326271326
1575,6071.06853739523
1576,6075.79752827437
1577,6079.89567086676
1578,6084.2131935931
1579,6084.48039890182
1580,6089.97753988092
1581,6099.72506033969
1582,6109.09859080858
1583,6117.25035366802
1584,6120.27954838337
1585,6123.53230492238
1586,6129.82145074117
1587,6130.41912329018
1588,6135.24531136289
1589,6140.28689304457
1590,6152.13658826474
1591,6154.82637012966
1592,6159.40998158368
1593,6163.33404124263
1594,6169.64933013195
1595,6170.18882307532
1596,6170.86937675303
1597,6176.61410634975
1598,6178.51777876558
1599,6184.22843989051
1600,6191.82078158702
1601,6194.74959111376
1602,6196.381431364
1603,6202.41016404117
1604,6211.16949491528
1605,6216.96280770299
1606,6218.10251144124
1607,6223.78660744909
1608,6230.0333217032
1609,6231.27336953861
1610,6233.31757454628
1611,6243.47619401076
1612,6244.78458274388
1613,6247.77030718608
1614,6252.29428160664
1615,6256.20305227592
1616,6260.2555003061
1617,6266.19475589753
1618,6271.29218752477
1619,6274.24929236669
1620,6282.02628199915
1621,6285.50614351798
1622,6289.49609274871
1623,6297.03124826188
1624,6298.2966823171
1625,6302.01118712845
1626,6312.80350832527
1627,6315.92797845737
1628,6317.05373142936
1629,6321.46771266313
1630,6330.75644756562
1631,6333.91177286123
1632,6339.88974624613
1633,6345.83520607921
1634,6349.02089264436
1635,6355.60902465896
1636,6357.8704619341
1637,6362.01311325673
1638,6366.97171537057
1639,6372.39122903746
1640,6381.08019842149
1641,6386.63362241105
1642,6389.43648114222
1643,6393.91150956071
1644,6397.40488742269
1645,6403.45566354417
1646,6406.6300702245
1647,6412.41680878526
1648,6412.84988979376
1649,6416.35433671957
1650,6421.88785198907
1651,6427.47419180551
1652,6433.19793820666
1653,6434.32819345918
1654,6437.85810592093
1655,6442.58970647373
1656,6446.26675486542
1657,6450.47116296341
1658,6457.10331498478
1659,6463.00870144958
1660,6470.58275597932
1661,6474.60460240164
1662,6478.52271200148
1663,6484.52759216188
1664,6492.66067425481
1665,6494.05925287828
1666,6495.31419744123
1667,6501.6619494419
1668,6506.94233849018
1669,6510.6688607479
1670,6515.33891688205
1671,6518.54489825234
1672,6522.44582487227
1673,6527.62849975081
1674,6534.53152435854
1675,6534.70119891073
1676,6541.91722709009
1677,6544.42490484598
1678,6553.42584846159
1679,6558.3468592504
1680,6567.4918575571
1681,6570.12749448951
1682,6571.63395949025
1683,6575.15514246713
1684,6584.35478655295
1685,6594.77440399602
1686,6596.04989584237
1687,6601.90692158802
1688,6608.50559699239
1689,6620.08725687033
1690,6626.98287322797
1691,6631.05054690815
1692,6639.49120366858
1693,6645.33135220192
1694,6652.27390472128
1695,6654.85588166773
1696,6659.52605891227
1697,6669.81925629992
1698,6673.37961354054
1699,6680.07162662752
1700,6683.73253720365
1701,6689.28199060186
1702,6696.07428902506
1703,6705.94932088868
1704,6715.70258422454
1705,6718.56946207062
1706,6720.24874694842
1707,6729.15148905527
1708,6729.46180771408
1709,6739.62892972664
1710,6745.26795905516
1711,6755.21908594126
1712,6758.9388619534
1713,6762.85969543527
1714,6765.37133602001
1715,6770.67615701817
1716,6781.01942167355
1717,6783.21133311455
1718,6788.65763857019
1719,6800.52763534423
1720,6809.00170706096
1721,6810.23862056759
1722,6812.60695041354
1723,6825.71183638101
1724,6834.46523082641
1725,6846.42956177218
1726,6847.66963662249
1727,6857.58872657042
1728,6870.80151598645
1729,6875.63813305609
1730,6876.39377465901
1731,6879.71914763999
1732,6882.89023192583
1733,6890.47018238353
1734,6893.51739800044
1735,6899.77087212742
1736,6908.16225890315
1737,6913.67327250861
1738,6917.91593016482
1739,6923.53464928935
1740,6934.40004190374
1741,6949.12890848848
1742,6955.86027967256
1743,6958.10648753975
1744,6975.83184678844
1745,6977.82595900046
1746,6985.75341419926
1747,6990.40224757117
1748,7003.28899014016
1749,7007.13962939891
1750,7011.24498665371
1751,7017.25020404778
1752,7020.68847326697
1753,7022.67927243158
1754,7028.24129302707
1755,7043.75376426232
1756,7047.98382972523
1757,7053.73290916104
1758,7062.62521189038
1759,7064.059196917
1760,7065.80257569973
1761,7076.36548378199
1762,7084.42532676841
1763,7086.50441275747
1764,7092.96698234769
1765,7097.66064229928
1766,7112.60893066042
1767,7117.70286386419
1768,7126.95418664513
1769,7136.27425468384
1770,7138.80436607835
1771,7143.452596154
1772,7147.36194489562
1773,7152.29214658495
1774,7163.82875738162
1775,7166.07246758941
1776,7176.20227966597
1777,7186.08397752349
1778,7190.93244228839
1779,7194.98643090725
1780,7203.16624358463
1781,7216.05203910611
1782,7218.63752834161
1783,7221.66726246489
1784,7227.08864446055
1785,7241.99522529782
1786,7248.60592663387
1787,7256.9024718544
1788,7263.56514049882
1789,7271.63024932871
1790,7275.80710450879
1791,7282.92891039832
1792,7289.70300913378
1793,7294.00037352845
1794,7303.21463833788
1795,7306.85280837746
1796,7316.10904223025
1797,7326.15716768654
1798,7332.07971860167
1799,7339.92538049961
1800,7347.14123801882
1801,7352.02027856341
1802,7361.46470938369
1803,7378.65439466769
1804,7381.10691837158
1805,7392.30643966656
1806,7397.43674123672
1807,7401.86780660046
1808,7410.99027257411
1809,7417.39143615795
1810,7433.60825341358
1811,7445.28456896753
1812,7452.37417838585
1813,7457.49374968828
1814,7462.14768508284
1815,7470.96473253585
1816,7478.43098823422
1817,7487.53346342842
1818,7494.99348870677
1819,7510.0264237251
1820,7515.40430815677
1821,7527.70381013018
1822,7529.10071624595
1823,7531.26160621963
1824,7537.280207828
1825,7545.99033730037
1826,7554.70324668767
1827,7555.42434785408
1828,7563.70567891894
1829,7581.21780137239
1830,7585.52774787513
1831,7597.22244502781
1832,7606.64170663994
1833,7609.94039883028
1834,7613.25978454142
1835,7629.4570539363
1836,7642.9402739511
1837,7654.7380495113
1838,7659.6437087385
1839,7661.05648123981
1840,7673.31798373282
1841,7681.13647585356
1842,7688.32197113298
1843,7695.20731785049
1844,7715.2223016432
1845,7718.37753850492
1846,7732.35313133874
1847,7742.62944030975
1848,7747.64051585083
1849,7754.51649041501
1850,7761.98688584618
1851,7777.48758747381
1852,7796.59118859037
1853,7803.48094339328
1854,7808.94481863451
1855,7817.02507476505
1856,7818.95310256716
1857,7824.39880578648
1858,7836.91482929509
1859,7838.34775303738
1860,7845.49136579272
1861,7856.64944927045
1862,7865.16530243611
1863,7874.86190815354
1864,7881.9409542741
1865,7883.80503426072
1866,7901.10402779764
1867,7913.90515946902
1868,7929.35096311644
1869,7937.53238720441
1870,7941.52836614384
1871,7963.71017293446
1872,7974.07676080816
1873,7980.14725493254
1874,7992.04954508154
1875,7994.92372044892
1876,8011.28972112339
1877,8020.3498118459
1878,8031.46605938643
1879,8035.52284844482
1880,8043.44673063498
1881,8052.60800687697
1882,8061.36780513679
1883,8077.58227714132
1884,8091.89528600646
1885,8111.391534599
1886,8114.18305624646
1887,8129.49872653229
1888,8145.07148187819
1889,8156.86113460218
1890,8162.4636081258
1891,8163.99395006514
1892,8181.55887700708
1893,8188.95372390037
1894,8194.43741123512
1895,8206.35606393342
1896,8208.61575713501
1897,8231.10570791061
1898,8247.33829346732
1899,8253.48616272205
1900,8265.12104015136
1901,8268.45084525093
1902,8282.59750258835
1903,8289.87443400838
1904,8294.48631753107
1905,8310.52552046147
1906,8311.11242561776
1907,8322.52033865732
1908,8335.19292073998
1909,8359.10557307357
1910,8367.55158769247
1911,8379.002693926
1912,8389.70392805549
1913,8397.83620225202
1914,8411.71406038924
1915,8414.26337784116
1916,8428.14403119933
1917,8444.39338233916
1918,8451.76705363418
1919,8455.8396855529
1920,8477.45088426708
1921,8484.78834257579
1922,8498.0063307251
1923,8509.60585972813
1924,8522.17145177204
1925,8531.57863904028
1926,8534.02219428949
1927,8553.82576325309
1928,8573.29135763484
1929,8584.17936319358
1930,8596.81687528559
1931,8601.03946382759
1932,8620.66657022462
1933,8630.14730886686
1934,8635.72022810326
1935,8646.41825673353
1936,8649.65601299668
1937,8657.03855670307
1938,8667.68568232301
1939,8670.62261980525
1940,8685.59680382566
1941,8690.65466255663
1942,8701.9574035027
1943,8702.91229802373
1944,8714.13626290769
1945,8720.30431774356
1946,8730.42335394208
1947,8732.70671516237
1948,8748.89637014027
1949,8763.38023748196
1950,8773.42323957393
1951,8779.80800781912
1952,8787.29730746494
1953,8803.96648395259
1954,8815.41461496265
1955,8830.5001213566
1956,8842.07512059116
1957,8857.4874892508
1958,8865.35040022531
1959,8883.7667055099
1960,8893.37064101169
1961,8905.99497033586
1962,8925.1550464023
1963,8928.95299178779
1964,8941.10660344773
1965,8960.54905853876
1966,8965.12423219761
1967,8971.2575512993
1968,8978.18477227691
1969,8994.33255386135
1970,9001.46308598063
1971,9012.3451656388
1972,9023.11463910146
1973,9047.22893736495
1974,9052.54529363558
1975,9063.65412978993
1976,9072.14476806215
1977,9080.31278731758
1978,9093.97968376276
1979,9109.02163624368
1980,9115.11057479813
1981,9116.85602298581
1982,9120.34864467914
1983,9137.81161644244
1984,9145.12186786771
1985,9153.23707984371
1986,9171.84853477478
1987,9184.30797289269
1988,9187.99951070623
1989,9202.70915142838
1990,9206.40860020525
1991,9238.28693639969
1992,9243.06436355498
1993,9262.89050084389
1994,9266.56402171274
1995,9276.05755084985
1996,9278.88012485291
1997,9300.98055598366
1998,9309.83811497424
1999,9313.1053117875
2000,9318.69653139381
2001,9328.55739213083
2002,9347.15519490514
2003,9351.78543469567
2004,9357.7594906433
2005,9364.42055959599
2006,9370.20039754269
2007,9377.07565643597
2008,9393.46771515453
2009,9401.83528324579
2010,9415.39297800254
2011,9418.14742565408
2012,9420.75502902898
2013,9424.85329221246
2014,9434.87561794447
2015,9441.92155366298
2016,9453.60616544056
2017,9459.21115572733
2018,9473.21438278085
2019,9480.98979942686
2020,9484.24193023242
2021,9495.79824896974
2022,9498.17520812803
2023,9506.38861042548
2024,9512.37779195147
2025,9519.33965942314
2026,9523.1098583923
2027,9543.04251413947
2028,9551.31024827668
2029,9552.22666292583
2030,9559.32756252438
2031,9570.5341806706
2032,9581.9585087863
2033,9588.51011207183
2034,9599.38188189919
2035,9607.94122401558
2036,9613.15290141293
2037,9621.43437876722
2038,9626.45473752802
2039,9633.69196908916
2040,9643.6914517699
2041,9646.77896384672
2042,9650.75308800767
2043,9657.5086201324
2044,9662.92627168284
2045,9666.09725039402
2046,9673.25387324055
2047,9682.89808202934
2048,9686.80606233203
2049,9692.14523036053
2050,9696.11419763444
2051,9703.47707856048
2052,9709.21608234755
2053,9710.17558022806
2054,9714.05859252675
2055,9715.54853411183
2056,9719.15656251948
2057,9723.17371082374
2058,9734.97984439733
2059,9735.93773495012
2060,9737.16190699393
2061,9741.21986665045
2062,9744.39524644422
2063,9747.07438023999
2064,9749.47260130305
2065,9756.90413381688
2066,9767.85538494864
2067,9771.02755268013
2068,9772.5426025338
2069,9776.99229951267
2070,9779.18301959518
2071,9784.34401051676
2072,9789.5269825337
2073,9792.5202291876
2074,9793.52176585702
2075,9805.51408874588
2076,9806.08453898206
2077,9811.7797694943
2078,9813.329132192
2079,9817.46530170361
2080,9819.91824905964
2081,9822.65741776434
2082,9825.89480412345
2083,9827.40129553055
2084,9829.17621867276
2085,9835.62020129205
2086,9839.21549311962
2087,9843.6371409407
2088,9845.66143891999
2089,9847.46629991146
2090,9852.69098806684
2091,9855.49203980808
2092,9858.29987104405
2093,9859.57077718534
2094,9862.44200623267
2095,9863.81034206087
2096,9871.44701511323
2097,9872.12677996134
2098,9875.75223052059
2099,9881.67658792749
2100,9885.56557883039
2101,9887.22401617907
2102,9890.73453674211
2103,9893.22924184657
2104,9894.37844464372
2105,9899.32343489882
2106,9903.65836643662
2107,9906.71642988726
2108,9907.9714920686
2109,9908.90522341564
2110,9913.49895857971
2111,9918.16681225451
2112,9923.51596462168
2113,9924.03310539259
2114,9926.28099878029
2115,9932.50079697613
2116,9933.91175238013
2117,9936.89254321153
2118,9938.20210457731
2119,9940.25505462416
2120,9941.11584425739
2121,9943.80530877739
2122,9948.05129249652
2123,9950.75690971074
2124,9954.58270015638
2125,9962.38658722993
2126,9964.87377357385
2127,9968.33769100551
2128,9968.63519726513
2129,9973.5713740624
2130,9974.6541521399
2131,9975.83373214823
2132,9979.72967082294
2133,9982.71315280746
2134,9985.27662319572
2135,9987.00199640783
2136,9988.77013012443
2137,9992.05354338656
2138,9993.34040297454
2139,9998.44436902512
2140,9999.44595199034
2141,10002.9450910853
2142,10006.3601449105
2143,10008.622368324
2144,10013.6030619414
2145,10016.2460157989
2146,10018.6529724905
2147,10021.4678485039
2148,10024.8628191699
2149,10027.824407936
2150,10031.3910008797
2151,10032.4314324197
2152,10034.6561314838
2153,10035.7282331021
2154,10043.2189127681
2155,10046.5292407892
2156,10050.6784580076
2157,10052.9016149679
2158,10056.1457743982
2159,10059.1604739012
2160,10061.8448092036
2161,10065.4816202976
2162,10067.9645655851
2163,10071.9423810367
2164,10074.1283725195
2165,10082.0956999359
2166,10083.8340635086
2167,10085.5552503556
2168,10088.1577547534
2169,10091.7131261946
2170,10095.1116425187
2171,10101.6916120932
2172,10106.6992098318
2173,10109.7634544081
2174,10113.7492677753
2175,10119.1416062414
2176,10120.3039784189
2177,10122.3234527605
2178,10128.0977873623
2179,10133.3001532929
2180,10137.4189541537
2181,10139.8859492164
2182,10141.6124046871
2183,10144.6076831121
2184,10149.5265980763
2185,10154.7680021508
2186,10157.7307828661
2187,10162.829477744
2188,10168.8124809245
2189,10171.0988264575
2190,10173.0276230842
2191,10174.0351196468
2192,10183.3678771569
2193,10185.3747698089
2194,10188.5259660608
2195,10189.8928559055
2196,10195.3032406118
2197,10200.1854939492
2198,10209.0702241369
2199,10214.0741365909
2200,10218.9753553837
2201,10221.635040699
2202,10224.1698601904
2203,10225.8715382525
2204,10232.7944344116
2205,10235.4840026061
2206,10236.3648842835
2207,10243.2761425564
2208,10245.9779894479
2209,10249.3390711808
2210,10256.7895679826
2211,10259.6037036442
2212,10267.0220759259
2213,10268.4254948026
2214,10272.6798033289
2215,10273.6759307674
2216,10279.4089044475
2217,10280.8618887946
2218,10289.348094828
2219,10292.7939321926
2220,10297.7125444851
2221,10300.7672312776
2222,10308.7358211477
2223,10312.3795600201
2224,10315.2085498002
2225,10322.4865138279
2226,10326.7117123499
2227,10327.7326543035
2228,10333.3560326516
2229,10337.8549076957
2230,10340.2345009565
2231,10349.6663640442
2232,10350.3385732997
2233,10358.0900107923
2234,10363.0191747334
2235,10368.3804936276
2236,10375.4153227426
2237,10379.2853067199
2238,10381.5076338499
2239,10384.6359550382
2240,10388.0331722271
2241,10395.3435440703
2242,10396.1928757909
2243,10401.477335444
2244,10406.5044972361
2245,10411.2329634827
2246,10414.1490120194
2247,10416.3461231222
2248,10421.8534476822
2249,10426.3138359583
2250,10431.2064955964
2251,10442.7043999879
2252,10443.6850998083
2253,10452.2165463866
2254,10457.832311774
2255,10458.6859448766
2256,10468.2053412925
2257,10472.6880472264
2258,10476.3754392671
2259,10484.5568497215
2260,10488.3781580807
2261,10493.8945432464
2262,10495.5576516571
2263,10503.1745643037
2264,10506.9606742929
2265,10509.5327503384
2266,10514.8804683313
2267,10527.1668400415
2268,10534.5850713956
2269,10541.5782435887
2270,10542.6555536323
2271,10547.3092073187
2272,10553.2325340064
2273,10557.3387860863
2274,10565.992338349
2275,10567.9183932526
2276,10575.0285455548
2277,10580.354892897
2278,10584.2168763277
2279,10592.0456409797
2280,10596.7292528285
2281,10601.8295678918
2282,10606.8247318892
2283,10612.8462457443
2284,10621.466552501
2285,10623.0152675647
2286,10628.2161853004
2287,10632.4192711153
2288,10638.3117436877
2289,10644.2245268858
2290,10647.8051996665
2291,10653.6744419373
2292,10658.7071615071
2293,10665.8991464189
2294,10676.1970151649
2295,10677.5357811943
2296,10686.5338005987
2297,10694.7363229174
2298,10698.1761996224
2299,10703.5811050378
2300,10714.7000524449
2301,10715.2650446968
2302,10724.7215901288
2303,10728.7649823909
2304,10734.8861901193
2305,10742.7511563095
2306,10744.6926818516
2307,10754.6397864132
2308,10758.2878563326
2309,10767.7705947052
2310,10768.1796113982
2311,10776.9483791009
2312,10778.2897922518
2313,10783.1197940367
2314,10790.58844487
2315,10796.2535004705
2316,10809.3844251221
2317,10814.2868336896
2318,10817.9247723352
2319,10820.3652843575
2320,10825.8801369576
2321,10831.2598897035
2322,10837.2671303454
2323,10838.135690713
2324,10851.8148501559
2325,10857.2704579379
2326,10859.9315455921
2327,10869.4757530816
2328,10879.8464628055
2329,10888.666709914
2330,10897.0461520051
2331,10899.4322067092
2332,10905.422657808
2333,10914.8018477816
2334,10923.3099958253
2335,10927.3077892643
2336,10936.1814456608
2337,10938.6810234904
2338,10941.0161445538
2339,10945.5410095215
2340,10950.080619452
2341,10958.0487033871
2342,10967.7483888461
2343,10973.7870410707
2344,10981.4060497489
2345,10986.8383610868
2346,10992.1699993581
2347,10999.9048807838
2348,11003.4463787733
2349,11005.8278681508
2350,11012.6332251588
2351,11017.3686359263
2352,11021.2439837002
2353,11030.0371671455
2354,11042.5296733716
2355,11050.9071111266
2356,11056.0169143644
2357,11059.3643504826
2358,11066.6923383543
2359,11070.247689103
2360,11072.1438361336
2361,11091.9539986333
2362,11095.9892719239
2363,11104.6817987166
2364,11105.6009309832
2365,11110.2040304158
2366,11112.1854799679
2367,11123.2316196879
2368,11135.1541649683
2369,11146.8263071389
2370,11152.9620809537
2371,11154.000315331
2372,11165.4305725512
2373,11171.4085853212
2374,11180.5659876737
2375,11188.9081827421
2376,11191.8955517518
2377,11206.0607202485
2378,11210.092785498
2379,11221.1117330358
2380,11231.2226274192
2381,11234.0727408491
2382,11241.3983857216
2383,11246.1382261574
2384,11252.9486216006
2385,11254.0151218362
2386,11272.5852627928
2387,11278.1030663561
2388,11288.360430956
2389,11293.1745392466
2390,11300.7138582264
2391,11313.316167499
2392,11322.8491851801
2393,11332.058234811
2394,11338.0873288587
2395,11357.1802966366
2396,11361.044778265
2397,11364.397800316
2398,11368.4687741423
2399,11382.2445422992
2400,11389.8513460365
2401,11399.1677644564
2402,11404.1269845275
2403,11412.190575908
2404,11433.3011461725
2405,11438.285593638
2406,11444.5847604033
2407,11451.9844194054
2408,11453.5369444065
2409,11472.3073928609
2410,11474.7109314863
2411,11478.5514170427
2412,11480.7736694505
2413,11487.1517822901
2414,11504.903613126
2415,11511.7000048061
2416,11514.7895129602
2417,11520.4442495674
2418,11530.6774570931
2419,11540.511956401
2420,11547.4493679968
2421,11553.5796037227
2422,11559.0729247012
2423,11564.3385746404
2424,11564.8121451968
2425,11584.9581188814
2426,11591.724886092
2427,11601.1141417949
2428,11609.3005649199
2429,11615.5478361283
2430,11628.4002578115
2431,11635.5304694406
2432,11640.0729572299
2433,11649.4262833215
2434,11652.0724014804
2435,11654.9648733942
2436,11677.6412652694
2437,11680.1555949202
2438,11682.7533771709
2439,11694.5689748249
2440,11702.5338774337
2441,11716.1240399763
2442,11722.1638669934
2443,11732.977850275
2444,11739.4230485234
2445,11751.0604973056
2446,11758.0998994089
2447,11775.0808479697
2448,11786.4250360169
2449,11799.0369534557
2450,11801.7726743963
2451,11819.5619660452
2452,11828.8989971053
2453,11834.053404116
2454,11845.0667045676
2455,11857.9861666743
2456,11869.8119331822
2457,11877.6709392376
2458,11882.4513487202
2459,11886.3480263707
2460,11902.0783797944
2461,11904.1152490498
2462,11922.4405341398
2463,11927.5229509911
2464,11932.4917323218
2465,11939.7096071762
2466,11949.4896459075
2467,11958.5270804283
2468,11963.6529742056
2469,11973.1752262635
2470,11986.9784494958
2471,11997.5849713368
2472,11999.2269416204
2473,12007.4804820794
2474,12021.9680083077
2475,12036.3412939658
2476,12045.7939364569
2477,12061.9881211442
2478,12069.2312189244
2479,12075.1972759734
2480,12081.814883468
2481,12089.2957099469
2482,12095.8953842179
2483,12105.5793047931
2484,12119.9900549062
2485,12139.0061484437
2486,12144.518768393
2487,12162.3293029336
2488,12168.2596848676
2489,12174.0375563515
2490,12177.7894930608
2491,12187.2798633879
2492,12195.3481473825
2493,12205.2409362667
2494,12208.5128352701
2495,12220.2962350341
2496,12227.6489665232
2497,12244.1226320149
2498,12256.9431614503
2499,12279.5776039436
2500,12293.694484218
2501,12306.2076264875
2502,12320.9188177149
2503,12332.4555119355
2504,12346.076284286
2505,12356.4665103182
2506,12360.4881698587
2507,12365.9328162987
2508,12373.0896003338
2509,12386.7774958957
2510,12392.970823569
2511,12405.0783854592
2512,12409.0048097894
2513,12428.1792105104
2514,12455.0653400447
2515,12466.4337171295
2516,12470.6147486487
2517,12480.4752422199
2518,12488.2480362741
2519,12506.4101353205
2520,12520.6643912802
2521,12527.0682242842
2522,12561.5110651063
2523,12580.3715386377
2524,12581.4637799015
2525,12586.7428275361
2526,12597.4173344247
2527,12614.8574977168
2528,12619.0498633583
2529,12627.8763758996
2530,12652.2387218119
2531,12658.9858828395
2532,12666.6946235302
2533,12678.9897144077
2534,12692.8071036225
2535,12707.3560732466
2536,12715.5163170942
2537,12724.9426013233
2538,12738.8874991159
2539,12757.4151663092
2540,12770.5948497525
2541,12778.8542973781
2542,12786.0616204059
2543,12824.8714329719
2544,12831.2524886719
2545,12835.216557386
2546,12840.2969367553
2547,12861.8485326621
2548,12881.3182843844
2549,12890.5441374633
2550,12891.5033243367
2551,12892.9539485168
2552,12899.8701243735
2553,12916.8142635062
2554,12920.0057619062
2555,12936.7156275621
2556,12948.0921056579
2557,12974.3206589882
2558,12976.2013690977
2559,13000.2991649216
2560,13008.4734886431
2561,13020.6415791693
2562,13034.1930747064
2563,13056.8486262623
2564,13060.4905364624
2565,13077.5388618977
2566,13086.570776468
2567,13103.1688077648
2568,13118.3585738477
2569,13132.1509626866
2570,13151.0650542955
2571,13168.1182707187
2572,13182.2341658996
2573,13186.1508229704
2574,13199.5278046523
2575,13228.3666864805
2576,13252.4657167263
2577,13275.8270701829
2578,13283.3949900641
2579,13292.2068893103
2580,13309.1900601999
2581,13321.1296112757
2582,13342.1543920302
2583,13352.8277646589
2584,13359.4367800077
2585,13364.4513124199
2586,13389.9082940093
2587,13403.3689089434
2588,13405.1000321415
2589,13415.4524958461
2590,13426.707250602
2591,13445.7580965635
2592,13494.0228316163
2593,13508.8869436129
2594,13536.381369516
2595,13542.178078619
2596,13559.2950087971
2597,13582.9571108541
2598,13591.4916398516
2599,13616.0087128984
2600,13623.6010410107
2601,13652.5319635408
2602,13666.5980374638
2603,13673.5835338177
2604,13683.5452102624
2605,13699.1302320417
2606,13710.7224689924
2607,13731.1962202407
2608,13752.1014564286
2609,13759.0154868099
2610,13782.8713544293
2611,13807.8595077653
2612,13819.0126443375
2613,13849.7813547073
2614,13853.427034671
2615,13869.9838750009
2616,13876.8547511272
2617,13909.6471667194
2618,13926.9880042941
2619,13937.3817901246
2620,13950.7694527803
2621,13962.8955085022
2622,13988.6376930992
2623,14020.1751745843
2624,14055.2794358035
2625,14060.1077248248
2626,14083.0660118364
2627,14114.6212615885
2628,14117.2671584399
2629,14136.6650079452
2630,14169.0482923551
2631,14187.2872721771
2632,14199.5573616436
2633,14253.964940105
2634,14280.337081239
2635,14302.4686230408
2636,14325.5348200068
2637,14333.0051080749
2638,14340.4678914053
2639,14361.0927696948
2640,14371.6180287827
2641,14392.8623341314
2642,14422.065269735
2643,14501.340894253
2644,14507.3832556865
2645,14513.3515588897
2646,14530.2830817085
2647,14543.3512512569
2648,14602.2077214991
2649,14636.3459207183
2650,14651.5717818266
2651,14693.6435833559
2652,14801.4310341226
2653,14818.2919651031
2654,14914.8549029736
2655,14961.8482281063
2656,15061.6552404563
2657,15077.5916595288
2658,15242.1152787079
2659,15284.8710088633
2660,15704.9751123319
2661,15717.6987476559
2662,16554.1109878723
2663,19937.2033300115
2664,21137.1865590181
