# Domain: rectangle (FD, dense eig full spectrum)
# Resolution M = 77, dofs = 2926
n,lambda_n
1,1.24942558148634
2,1.99891875192587
3,3.24672320665314
4,4.24132183179285
5,4.99081500224089
6,4.99081500224398
7,6.23861945696612
8,7.2283652154563
9,7.982711252564
10,9.206251361207
11,9.95574453165005
12,9.9557445316559
13,10.2202614657682
14,11.2035489863695
15,12.9476407819627
16,12.9476407819657
17,13.1685291315979
18,15.185190995179
19,16.1120146964871
20,16.1604253819118
21,16.8615078669342
22,16.8615078669429
23,17.9125703113682
24,18.1093123216515
25,19.8534041172526
26,19.8534041172594
27,21.0286907126567
28,21.1253549113211
29,22.0909543304617
30,24.0205869629695
31,24.8183336466482
32,24.8183336466548
33,24.9138253124638
34,25.6633184829199
35,25.6633184829306
36,26.9111229376433
37,28.0311182466068
38,28.6552147332329
39,28.6552147332417
40,28.9855164923696
41,30.7578737945577
42,30.8927649464456
43,31.7240969819474
44,33.6201442626446
45,33.6201442626454
46,33.7497700448773
47,35.5546000897827
48,35.8912798276589
49,36.3040932602178
50,36.3040932602326
51,36.8329288625947
52,37.5518977149412
53,38.7146995742818
54,39.2959895105444
55,39.2959895105446
56,40.525907597925
57,40.5259075979346
58,41.533539723758
59,42.2929808916575
60,44.2609190399403
61,44.2609190399452
62,44.6930904436404
63,45.2848771419774
64,45.6204629095693
65,47.4737036398948
66,47.9653295207665
67,48.7148226912172
68,48.7148226912204
69,49.3277182139146
70,49.9626271459368
71,50.2498066713778
72,51.1666823752337
73,51.1666823752376
74,51.7067189415301
75,51.7067189415362
76,53.9442691547416
77,54.4222735255498
78,55.3338652209412
79,55.5592024080217
80,56.6716484709305
81,56.6716484709363
82,57.1555700066648
83,58.5510986583454
84,59.8844330708899
85,59.968492991217
86,59.9684929912198
87,62.0655252626966
88,62.8150184331466
89,62.8150184331536
90,63.5160281877462
91,63.5774118062213
92,63.577411806225
93,64.0628228878652
94,65.063048302861
95,65.8069146834636
96,65.8069146834685
97,65.9573806226521
98,67.744594651937
99,68.0444648966774
100,70.4217915230306
101,70.4705018064557
102,70.6092677685233
103,70.7718442128675
104,70.771844212868
105,72.3792224222084
106,72.379222422213
107,73.4623980567798
108,73.9846288128156
109,76.5981553999546
110,77.4737777338495
111,77.6776075481477
112,77.6776075481536
113,77.7637421354904
114,78.4273275861776
115,78.5132353059395
116,78.5132353059417
117,79.2236021390166
118,79.7610397606563
119,81.5051315562498
120,81.5051315562546
121,81.8447903938644
122,83.0199971995045
123,83.0199971995081
124,83.7426817694675
125,85.3330909214659
126,86.4700610856571
127,86.4700610856602
128,86.4794181641341
129,86.4794181641396
130,86.9301735884354
131,89.0088848309401
132,89.6828456856101
133,89.8643769163176
134,89.9220698387493
135,91.5739734757761
136,93.3758244209442
137,93.3758244209449
138,94.1349015374473
139,94.8869993681496
140,94.9581711788223
141,95.4307266304991
142,95.7076643492685
143,95.7076643492693
144,96.955468803986
145,97.1201929414341
146,97.1201929414393
147,97.5430072666559
148,98.6995605995875
149,98.6995605995921
150,100.937110812796
151,101.792762703437
152,102.177635036927
153,102.177635036928
154,102.275106347307
155,103.10908057287
156,103.664490128988
157,103.664490128991
158,104.775676314756
159,104.831470466331
160,106.877274728939
161,107.272190348567
162,107.823366716653
163,109.53092237243
164,109.530922372431
165,110.570253464268
166,110.570253464278
167,110.594573319421
168,112.788296246059
169,112.818409814228
170,112.818409814233
171,113.5372999223
172,114.286793092748
173,114.28679309275
174,114.737436309987
175,115.53459754747
176,116.375302089239
177,117.186405745743
178,117.278689343063
179,117.278689343066
180,118.807297445664
181,119.372064080256
182,119.372064080256
183,119.516239556275
184,119.694059581346
185,121.235348096726
186,122.243618872467
187,122.243618872475
188,123.631118114362
189,124.058295660633
190,124.466619391902
191,125.229139245218
192,125.229139245221
193,125.456403472417
194,127.050191910948
195,128.495870197329
196,129.149382207754
197,129.149382207757
198,130.012838857562
199,130.012838857565
200,131.286601487673
201,132.015121440347
202,132.073518962027
203,133.316565053466
204,133.380635586632
205,133.646077527719
206,134.130128757079
207,134.13012875708
208,135.377933211798
209,136.001726488994
210,137.122025007393
211,137.1220250074
212,137.951192823737
213,137.951192823742
214,138.920884775639
215,139.136644974632
216,139.329334987153
217,139.329334987154
218,139.359575220607
219,142.086954536798
220,142.086954536799
221,142.423568288557
222,142.423568288557
223,143.045748135381
224,144.485955831982
225,145.299739136743
226,146.984818360467
227,147.477852082302
228,147.722695391619
229,147.746273269645
230,148.591967601044
231,148.591967601044
232,148.99271787208
233,148.992717872085
234,149.267948005359
235,151.547374405622
236,152.442781611706
237,153.159900717794
238,154.35948652551
239,154.580855232471
240,155.027551859946
241,155.108979695961
242,155.108979695963
243,156.356784150678
244,156.523764030483
245,156.523764030486
246,157.794528488067
247,157.79452848807
248,158.100875946279
249,158.10087594628
250,158.363470168927
251,159.348544946993
252,160.338426159485
253,161.002697032032
254,161.002697032034
255,162.889083799709
256,163.065805475675
257,163.065805475677
258,163.444490142439
259,164.179247403794
260,165.64757014755
261,165.981969765453
262,166.27859007563
263,167.84707674884
264,168.15035556298
265,168.435303265371
266,168.435303265371
267,168.973866015773
268,169.971568810967
269,169.971568810967
270,170.77419959992
271,172.221980903275
272,172.221980903276
273,173.93879554517
274,174.13875165668
275,174.424190896807
276,175.102892773962
277,175.102892773969
278,176.337796840358
279,177.087290010804
280,177.087290010805
281,178.335094465522
282,178.773379426952
283,178.773379426957
284,178.79113034028
285,180.079186261123
286,180.079186261124
287,180.638919185772
288,180.844558880458
289,180.846032696364
290,180.846032696367
291,181.345787020345
292,182.316736474332
293,182.758376147282
294,183.867934738592
295,184.874395341847
296,185.044115790524
297,185.044115790526
298,187.690412413173
299,188.256900390477
300,188.406927561974
301,189.414154204252
302,189.414154204256
303,189.416409946611
304,189.646369496444
305,190.801109646753
306,190.801109646759
307,191.201859771274
308,191.398823812291
309,191.949879125811
310,191.949879125814
311,194.946228438292
312,194.946228438295
313,195.403041835685
314,196.117061971525
315,196.363753341694
316,198.540216063679
317,199.173028755005
318,199.218047929252
319,199.92252192545
320,199.922521925454
321,200.287144273747
322,200.572612214637
323,200.751689741795
324,200.7516897418
325,201.170326380171
326,201.824883635244
327,201.824883635245
328,202.601711811607
329,202.914418175766
330,202.914418175767
331,203.26951667698
332,205.151968388978
333,205.302055513201
334,205.846245053435
335,207.879347705172
336,207.879347705176
337,207.995538690089
338,207.995538690091
339,208.669263352053
340,210.644445311087
341,210.644445311087
342,211.092132305121
343,211.392464519099
344,211.392464519102
345,211.615394765076
346,212.071327292963
347,212.697873704737
348,214.607291015392
349,214.785111040459
350,214.785111040459
351,215.925079377176
352,215.925079377179
353,217.119344807158
354,217.381352150533
355,217.767041257971
356,218.952293886172
357,219.061383593582
358,219.572220544797
359,221.000272385993
360,222.712102070268
361,222.71708702789
362,223.466580198334
363,223.466580198338
364,223.58056275049
365,223.586921656443
366,223.586921656445
367,223.80319395009
368,223.803193950094
369,224.714384653055
370,226.458476448651
371,226.458476448656
372,226.477983880085
373,226.574667433569
374,226.798069446668
375,227.83887435442
376,227.838874354422
377,228.681476968086
378,228.69602666186
379,230.6475736669
380,231.423405978053
381,231.423405978057
382,231.62329624997
383,231.623296249971
384,234.227696433747
385,234.227696433749
386,234.636190578005
387,235.12283150126
388,235.279794496066
389,235.456855559121
390,236.346170001449
391,236.962680471485
392,237.90338969202
393,237.90338969202
394,238.194701429324
395,238.329169313338
396,238.32916931334
397,238.448751809442
398,240.040234532464
399,240.216584065179
400,242.496286319461
401,242.496352159052
402,243.413681338842
403,245.558873065335
404,245.920569273371
405,246.418003097898
406,246.418003097899
407,246.638425864739
408,246.638425864741
409,246.817279406506
410,247.130979929326
411,247.130979929326
412,247.566772576953
413,247.566772576955
414,248.814577031674
415,248.8177252933
416,248.8177252933
417,249.223027243187
418,250.319444674129
419,250.558668827272
420,250.558668827272
421,252.225535240968
422,252.796219040481
423,253.482805581547
424,253.601606564814
425,253.601606564816
426,255.523598356672
427,255.523598356676
428,256.18950566578
429,256.773830172802
430,257.771754706628
431,257.771754706631
432,257.94153141037
433,258.331298704359
434,258.736382956623
435,259.121255290114
436,259.69071536279
437,259.776688922145
438,260.738621606666
439,260.73862160667
440,262.01854484731
441,262.42936169196
442,262.42936169196
443,262.768585172463
444,263.76064233806
445,264.921244115981
446,266.261338762228
447,266.596544537669
448,267.396854036779
449,267.396854036779
450,267.733514701865
451,268.394104979982
452,269.762030067418
453,270.182484137623
454,270.182484137624
455,270.796035608145
456,270.79603560815
457,271.231172307946
458,271.231172307948
459,271.317306895282
460,272.06680006573
461,272.066800065731
462,272.431494446289
463,273.314604520447
464,274.63927803715
465,275.058696316046
466,275.05869631605
467,276.325727619585
468,276.43683847946
469,276.436838479463
470,276.617165837135
471,277.026863854428
472,277.168356604663
473,277.296246529258
474,278.269844106273
475,279.919841725214
476,280.023625845452
477,280.023625845452
478,281.871947085247
479,281.871947085251
480,282.115673159315
481,282.17275949841
482,283.236410445401
483,283.441088653135
484,284.282679879553
485,284.282679879555
486,284.417171402493
487,284.853776761956
488,286.929389180736
489,286.92938918074
490,287.24018970111
491,287.240189701112
492,287.409067652813
493,287.860834716681
494,288.129711319081
495,289.375164351627
496,289.375164351628
497,291.09657202645
498,291.938163252867
499,292.373997182211
500,293.631267522791
501,293.631267522794
502,294.081863430442
503,294.282676516241
504,294.282676516241
505,295.731199796723
506,295.731199796725
507,296.058277414517
508,296.272955240339
509,296.807770584967
510,296.807770584967
511,297.596016776016
512,298.055575039684
513,298.113179770604
514,299.146666919508
515,299.279760517501
516,299.799666835282
517,299.799666835282
518,299.980896752342
519,299.980896752343
520,300.694801902796
521,300.825755108362
522,301.127056233047
523,302.037217048491
524,302.75507363986
525,304.764596364684
526,304.764596364686
527,305.324140362419
528,306.371974574024
529,306.371974574028
530,306.492592861433
531,307.977380964634
532,308.081571133485
533,308.21904063999
534,308.382872258171
535,308.382872258173
536,308.397835034839
537,309.218500015956
538,309.218500015957
539,309.218500015958
540,311.670359699972
541,311.670359699972
542,311.97117211313
543,312.210396266273
544,312.210396266274
545,312.210396266277
546,312.360862205457
547,315.837542545683
548,316.038355631487
549,317.175325795675
550,317.175325795676
551,317.175325795678
552,318.722345910789
553,318.782704005015
554,318.782704005017
555,319.092030709484
556,319.57432709086
557,320.472170315956
558,320.472170315959
559,320.538137567126
560,320.592788603361
561,320.879736276499
562,321.629229446947
563,321.629229446948
564,321.981898834153
565,322.877033901667
566,323.903269105897
567,324.081089130962
568,324.081089130963
569,324.081089130963
570,324.621125697263
571,324.621125697266
572,325.566725627596
573,325.627083721823
574,326.299131912743
575,326.858675910474
576,329.165601156461
577,329.586055226666
578,329.586055226667
579,330.197350954836
580,330.197350954838
581,331.112945093261
582,331.112945093261
583,331.13307534178
584,332.053731930604
585,332.053731930607
586,332.498027413459
587,332.798839826617
588,332.882899746946
589,332.882899746947
590,332.882899746948
591,334.019828629418
592,335.754454539157
593,335.754454539158
594,336.291005476155
595,336.491818561954
596,336.491818561956
597,337.011724879736
598,337.101832724689
599,340.538383120262
600,340.659001407666
601,341.070341024328
602,341.275518174296
603,341.275518174296
604,341.516988506005
605,341.976654409137
606,342.409559005508
607,343.523674524251
608,343.523674524251
609,343.523674524252
610,343.746604770226
611,345.233271083711
612,345.293629177938
613,345.293629177938
614,345.525957107038
615,345.620706795734
616,346.37019996618
617,346.370199966183
618,347.6180044209
619,347.744729899944
620,348.581116619738
621,348.58111661974
622,348.882417744422
623,349.362096216499
624,349.3620962165
625,350.368054241059
626,350.388184489578
627,350.399324291363
628,351.599646429708
629,352.175661269684
630,353.032582869483
631,353.032582869484
632,353.485434519484
633,354.327025745901
634,354.327025745902
635,355.597790203485
636,355.597790203487
637,355.934403955241
638,355.934403955241
639,355.934403955243
640,356.998054902235
641,357.539810345851
642,357.62387026618
643,357.623870266181
644,357.684228360408
645,358.660311109767
646,359.854646917774
647,359.854646917777
648,360.931487956501
649,361.232789081188
650,361.232789081188
651,361.652207360086
652,361.923291586674
653,363.49529882085
654,363.905572938978
655,364.725455709106
656,365.279353639494
657,365.3999719269
658,365.775545663069
659,365.77554566307
660,365.95361727839
661,366.617136889487
662,367.588065564271
663,368.325003137713
664,368.345133386233
665,368.345133386235
666,369.626149485657
667,370.034599697172
668,370.034599697173
669,370.034599697173
670,370.120734284508
671,370.870227454958
672,370.870227454958
673,372.064563262968
674,372.118031909677
675,373.322087138973
676,373.322087138973
677,373.522900224774
678,373.862123705273
679,373.862123705277
680,374.89935178014
681,375.010893184331
682,375.010893184331
683,375.129155008814
684,375.189513103039
685,376.099673918482
686,376.576641142367
687,376.576641142368
688,378.125916999835
689,378.827053234677
690,378.827053234678
691,379.697982582106
692,379.697982582106
693,380.675374474474
694,380.675374474476
695,380.735732568705
696,381.739025421467
697,382.039837834626
698,382.324710840759
699,382.445329128162
700,382.445329128163
701,382.980144472791
702,384.35467440655
703,384.354674406552
704,385.732816569963
705,385.732816569964
706,385.732816569965
707,385.972040723107
708,386.330530735498
709,386.664262105907
710,386.703766023951
711,387.449631211858
712,388.566916503154
713,389.899999415676
714,390.053809657011
715,390.100812501478
716,390.516516182304
717,390.516516182304
718,390.936970252508
719,391.907898927295
720,392.965485618061
721,393.086103905468
722,393.086103905468
723,394.126176974432
724,394.220926663129
725,394.534627185947
726,394.534627185949
727,394.835928310634
728,394.970419833578
729,394.970419833578
730,396.218224288295
731,396.705045743315
732,397.842733587798
733,397.846125098978
734,397.962316083894
735,397.962316083894
736,398.143546000955
737,398.143546000956
738,398.554951457213
739,398.554951457213
740,399.629182497587
741,399.640322299374
742,399.930483622273
743,400.199866297105
744,400.676833520985
745,400.676833520986
746,402.927245613296
747,402.927245613296
748,402.927245613297
749,404.198010070881
750,404.198010070881
751,405.175401963251
752,405.175401963252
753,405.376215049053
754,406.140030213248
755,406.560484283451
756,406.644544203781
757,406.821605266838
758,407.186299647397
759,407.186299647397
760,409.095644925784
761,409.095644925785
762,409.538997938599
763,409.813501517153
764,409.833008948583
765,409.833008948584
766,409.874589008379
767,410.534145183426
768,410.545226818
769,411.164289594685
770,411.549823590479
771,412.886749866176
772,414.000191794296
773,414.553837145787
774,414.778431046557
775,414.841783020711
776,415.337975044286
777,415.337975044288
778,416.548381407646
779,417.285318981085
780,417.586131394243
781,417.586131394243
782,417.764984936011
783,418.51447810646
784,418.514478106461
785,418.634819564568
786,418.634819564568
787,418.867147493666
788,419.476410790984
789,419.762282561177
790,421.390183371858
791,421.390183371861
792,421.506374356777
793,421.506374356778
794,421.506374356778
795,421.684194381845
796,422.655143835831
797,422.655143835833
798,422.88451652019
799,422.88451652019
800,423.729374876209
801,423.743924569987
802,424.430511111051
803,424.461781161356
804,425.176861009762
805,425.176861009762
806,426.471303886178
807,426.471303886178
808,427.728574226755
809,428.938980590114
810,428.938980590115
811,429.275594341871
812,429.275594341873
813,429.684088486129
814,429.696048412075
815,430.030072469939
816,430.486004997828
817,431.301454802684
818,431.686327136174
819,431.686327136176
820,433.021968720256
821,433.083056211483
822,433.377067221466
823,433.377067221466
824,433.380458732646
825,433.917103787768
826,433.917103787769
827,433.974781386999
828,434.865060181022
829,435.174627663774
830,435.264481973301
831,436.049851079254
832,437.527232346527
833,437.544250067178
834,437.986898249657
835,439.294807665021
836,439.341810509487
837,440.07894556352
838,440.078945563521
839,440.600216850658
840,441.126779775132
841,441.349710021106
842,441.349710021106
843,441.349710021108
844,441.686323772862
845,441.686323772863
846,442.17887783745
847,442.17887783745
848,442.597514475824
849,443.688606355649
850,443.796244154006
851,444.341606271423
852,444.341606271425
853,444.892661584945
854,444.934241644743
855,445.490375750478
856,445.490375750479
857,446.307702970239
858,446.579156484633
859,447.155171324607
860,447.155171324608
861,447.273433149091
862,447.384544008965
863,447.384544008966
864,448.53070348967
865,449.202751680589
866,449.306535800824
867,449.306535800824
868,449.917831528996
869,449.917831528997
870,452.369056707107
871,452.455030266461
872,452.519320400776
873,452.819652614754
874,452.819652614754
875,453.537509206124
876,453.69447220093
877,453.760439452098
878,453.760439452099
879,455.446926516778
880,455.786519514792
881,455.786519514793
882,455.80148229146
883,456.212299136112
884,456.212299136115
885,456.924517005531
886,457.183248590102
887,457.700292095669
888,458.474808875776
889,458.658074307001
890,458.658074307002
891,458.808540246186
892,459.494461026799
893,459.505542661373
894,460.379481981826
895,460.411856046179
896,460.790821598489
897,462.328560959986
898,462.578527165505
899,463.328020335951
900,463.328020335954
901,463.442002888106
902,464.116266527003
903,464.335246978233
904,464.575824790672
905,464.578973052297
906,464.578973052298
907,465.014109752096
908,465.014109752098
909,465.230382045745
910,465.230382045746
911,466.151038634568
912,466.319916586268
913,466.31991658627
914,467.317619381466
915,467.637704948054
916,468.429576874882
917,468.557466799479
918,469.034434023361
919,469.034434023362
920,469.990403239256
921,469.990403239257
922,470.108665063737
923,470.948185450588
924,471.284846115672
925,471.284846115672
926,471.484736387584
927,471.484736387585
928,471.89614184384
929,471.89614184384
930,472.074761762552
931,473.702779169364
932,473.951044199928
933,474.497630715622
934,474.739290390978
935,474.739290390979
936,475.654884529401
937,475.654884529402
938,476.119429997451
939,476.688890070129
940,476.745976409225
941,476.942940450245
942,478.190609450958
943,478.190609450958
944,478.501409971331
945,478.501409971332
946,479.330577787674
947,479.330577787676
948,479.901674670079
949,481.024709384149
950,481.244350368552
951,481.643772160832
952,481.683276078878
953,481.907869979649
954,482.34077457602
955,482.357792296671
956,483.158101795778
957,483.158101795778
958,483.21577939501
959,483.335921820845
960,483.557378104385
961,484.306871274833
962,484.306871274833
963,484.306871274834
964,485.554675729553
965,485.61228046047
966,486.760204774755
967,486.986061160989
968,486.992420066943
969,486.992420066943
970,487.129889573449
971,487.29876752515
972,487.298767525151
973,488.065613960392
974,488.065613960393
975,488.679165430917
976,488.679165430919
977,488.813633314934
978,488.857237046237
979,489.53631773836
980,490.791521114919
981,490.846172151155
982,492.086975378585
983,492.263697054551
984,492.263697054553
985,492.929604363658
986,493.134626401981
987,493.534461512136
988,493.534461512138
989,494.378704371283
990,494.731373758488
991,494.731373758489
992,494.909993677198
993,495.028794660466
994,495.028794660467
995,495.268018813611
996,495.476481654502
997,496.717600705824
998,496.717600705824
999,497.3706006216
1000,497.61544393092
1001,497.633194844246
1002,497.633194844247
1003,497.802971547983
1004,499.169460389839
1005,499.169460389839
1006,499.170934205745
1007,499.480260910212
1008,499.480260910212
1009,500.530350864176
1010,502.165809702322
1011,502.165809702322
1012,502.335530151001
1013,503.001437460107
1014,503.001437460108
1015,503.336643235551
1016,503.400713768714
1017,503.445732942961
1018,503.622082475678
1019,504.150206939162
1020,504.150206939164
1021,505.344542747172
1022,505.398011393881
1023,505.524736872925
1024,505.884832848902
1025,506.424246598111
1026,506.544389023947
1027,507.142103189478
1028,507.142103189481
1029,507.142103189481
1030,507.258294174397
1031,507.258294174398
1032,507.971271005824
1033,507.971271005825
1034,508.037238256992
1035,508.256218708223
1036,509.108199888294
1037,509.241293486291
1038,509.37965340269
1039,509.821293075636
1040,510.043924275238
1041,510.043924275238
1042,510.353250979704
1043,511.770372053797
1044,512.107032718881
1045,512.107032718882
1046,512.2232237038
1047,512.2232237038
1048,513.065826317464
1049,513.271129947675
1050,513.357264535012
1051,513.605529565575
1052,515.11135447794
1053,515.319817318831
1054,516.597425815893
1055,516.888303992046
1056,517.029796742278
1057,517.634653890756
1058,517.634653890758
1059,517.864026575114
1060,517.864026575115
1061,518.043104102274
1062,518.275432031372
1063,518.275432031372
1064,518.612045783128
1065,518.612045783128
1066,519.012796054168
1067,519.01279605417
1068,519.109479607658
1069,519.552832620472
1070,519.552832620472
1071,520.666948139212
1072,521.347029820867
1073,521.458571225059
1074,521.458571225059
1075,521.562355345294
1076,521.979842512195
1077,522.729335682644
1078,522.729335682645
1079,523.179978899882
1080,523.738818067277
1081,523.977140137361
1082,523.980288398988
1083,523.980288398988
1084,524.144120017167
1085,524.144120017168
1086,524.600933414559
1087,525.721231932961
1088,525.721231932961
1089,526.280964857608
1090,527.101629838727
1091,527.101629838727
1092,527.814606670154
1093,527.814606670154
1094,527.958782146171
1095,528.468118680582
1096,528.683878879578
1097,528.969346820469
1098,529.844570235947
1099,529.985025227521
1100,530.265707392159
1101,530.68616146236
1102,530.686161462362
1103,530.686161462363
1104,530.802352447281
1105,530.802352447281
1106,531.022775214117
1107,531.022775214119
1108,531.245705460095
1109,531.506826443482
1110,531.799603390482
1111,531.943431802941
1112,532.778208776226
1113,532.909161981793
1114,533.748682368645
1115,533.898946062313
1116,534.498722693798
1117,534.767143881144
1118,534.85327846848
1119,535.058455618445
1120,535.058455618446
1121,536.090205416821
1122,537.269929296567
1123,537.457456913633
1124,537.59192479765
1125,537.591924797651
1126,537.867154930926
1127,538.455381447457
1128,538.455381447458
1129,538.952815271987
1130,539.174271555527
1131,539.463652223202
1132,539.84233688996
1133,539.842336889961
1134,539.923764725975
1135,539.923764725977
1136,540.573855015159
1137,541.094608310568
1138,541.171569180695
1139,541.759107643362
1140,542.134681379532
1141,542.31794681076
1142,542.375624409991
1143,542.375624409991
1144,542.915660976292
1145,542.915660976294
1146,543.096890893353
1147,543.096890893354
1148,544.182261735515
1149,544.293803139705
1150,544.293803139706
1151,544.444269078888
1152,545.122970956049
1153,545.12297095605
1154,545.153211189503
1155,545.958598713835
1156,545.958598713835
1157,546.163775863801
1158,546.369415558488
1159,546.393735413634
1160,546.393735413635
1161,547.880590505694
1162,547.880590505695
1163,547.910704073871
1164,547.966498225454
1165,548.080480777608
1166,548.080480777609
1167,548.259275172455
1168,550.465360753934
1169,550.645688111608
1170,550.64568811161
1171,550.866110878448
1172,550.866110878449
1173,550.958394475772
1174,551.093375105644
1175,551.488290725274
1176,552.778454329361
1177,553.637584361926
1178,553.637584361928
1179,554.485052716297
1180,554.585540755181
1181,554.786353840982
1182,554.786353840983
1183,554.786353840983
1184,554.872488428318
1185,555.087166254142
1186,555.171226174471
1187,555.194804052499
1188,555.487490075824
1189,555.621981598767
1190,555.621981598768
1191,555.923324005173
1192,555.986675979328
1193,556.583914283291
1194,556.869786053485
1195,557.034510190937
1196,557.034510190939
1197,557.036765933292
1198,557.036765933292
1199,557.278236265002
1200,557.710490595256
1201,558.068515731666
1202,558.613877849084
1203,558.613877849085
1204,558.953470847099
1205,558.953536686693
1206,559.93166621087
1207,560.321433504861
1208,560.821187828841
1209,560.821187828842
1210,560.851428062295
1211,561.001515186515
1212,562.161282475089
1213,562.82908734046
1214,562.877797623891
1215,563.02339782237
1216,563.409086929807
1217,563.578807378487
1218,563.578807378487
1219,563.588164456966
1220,563.588164456967
1221,564.742904607281
1222,564.966306620379
1223,564.966306620379
1224,565.812000951776
1225,565.869693874208
1226,566.160572050361
1227,566.791591978438
1228,566.875651898767
1229,566.875651898767
1230,567.197083271973
1231,567.197083271974
1232,567.659789797267
1233,567.837861412588
1234,567.837861412588
1235,568.682719768607
1236,568.793830628481
1237,568.793830628482
1238,568.972684170248
1239,569.238126111336
1240,569.445239621929
1241,569.445239621929
1242,569.722177340698
1243,569.722177340698
1244,570.058791092453
1245,570.058791092454
1246,570.484570713774
1247,570.484570713775
1248,570.83462340361
1249,570.893020925291
1250,570.969981795415
1251,571.62453905049
1252,571.624539050491
1253,571.630897956444
1254,572.621789993692
1255,572.714073591014
1256,572.714073591015
1257,573.480920026256
1258,573.480920026257
1259,574.22893923427
1260,574.228939234272
1261,574.421629246791
1262,574.651753559487
1263,574.951623804224
1264,575.615894676772
1265,575.615894676773
1266,576.144019140259
1267,576.289619338736
1268,577.679003120416
1269,577.679003120416
1270,577.740386738897
1271,578.015616872173
1272,578.015616872173
1273,578.222730382767
1274,579.135915390574
1275,579.226023235532
1276,579.286381329758
1277,579.286381329758
1278,579.286381329758
1279,579.406999617164
1280,579.587682454444
1281,579.828136773376
1282,580.127972556174
1283,580.217826865702
1284,580.486703468105
1285,580.664523493168
1286,580.66452349317
1287,580.891787720366
1288,580.903747646314
1289,581.378428643622
1290,581.383413601239
1291,581.909976525714
1292,582.132906771688
1293,582.132906771688
1294,582.271672733748
1295,582.497529119983
1296,583.14013341397
1297,583.380711226406
1298,583.54543536386
1299,583.545435363861
1300,583.836747101162
1301,584.100844919976
1302,584.380936641398
1303,584.584766455704
1304,584.584766455705
1305,584.58624027161
1306,585.124803022005
1307,585.124803022005
1308,585.387397244653
1309,586.238918540748
1310,586.542197354882
1311,586.639668665262
1312,586.639668665262
1313,587.139422989241
1314,587.362353235215
1315,587.679126237352
1316,588.087449968622
1317,588.751949301416
1318,589.081461775665
1319,589.927156107062
1320,589.927156107062
1321,590.089732551408
1322,590.089732551408
1323,590.119846119583
1324,590.671022487669
1325,591.006608255264
1326,591.200918737173
1327,591.616622418001
1328,591.69711076075
1329,591.69711076075
1330,591.938053791207
1331,591.938053791207
1332,592.024188378544
1333,592.322926124697
1334,592.337888901363
1335,592.337888901364
1336,592.773681548992
1337,592.773681548993
1338,592.894023007101
1339,592.894023007101
1340,593.302517151358
1341,593.386577071689
1342,593.386577071689
1343,593.484048382069
1344,593.602849365336
1345,593.602849365337
1346,594.021486003711
1347,594.459770965137
1348,594.459770965138
1349,594.68240216474
1350,595.459230341102
1351,595.459230341103
1352,595.635952017071
1353,595.765577799309
1354,595.76557779931
1355,595.916043738493
1356,596.594745615654
1357,596.594745615654
1358,596.995495886695
1359,596.995495886696
1360,597.182972132186
1361,597.408309319264
1362,597.858952536502
1363,597.858952536503
1364,598.003128012519
1365,598.481132383329
1366,599.243652236652
1367,599.243652236652
1368,599.808418871248
1369,600.400205569582
1370,600.730507328711
1371,600.730507328711
1372,600.739864407192
1373,600.739864407192
1374,600.825998994529
1375,601.162678732408
1376,601.575492164976
1377,601.575492164976
1378,602.337885538053
1379,602.337885538054
1380,602.541715352358
1381,602.823296619695
1382,603.943291928661
1383,604.027351848992
1384,604.027351848992
1385,604.027351848993
1386,604.047482097514
1387,604.087709943219
1388,604.147970136397
1389,604.228164934793
1390,604.328164262151
1391,604.447805919196
1392,604.567388415294
1393,604.567388415295
1394,604.586895846723
1395,604.745208440361
1396,604.922486916504
1397,605.118443728816
1398,605.268470900314
1399,605.332761034629
1400,605.365135098984
1401,605.565091210492
1402,605.79730650268
1403,605.79730650268
1404,605.815057416008
1405,606.082254205078
1406,606.366248183534
1407,606.666578712103
1408,606.804938628504
1409,606.98275865357
1410,607.314275162915
1411,607.636270663999
1412,607.636270663999
1413,607.660590519146
1414,607.731762329815
1415,608.021142997489
1416,608.260367150632
1417,608.395347780505
1418,608.481255500264
1419,608.481255500264
1420,608.78259790667
1421,609.18226525486
1422,609.532317944696
1423,609.532317944697
1424,609.593701563176
1425,609.729059954983
1426,610.016239480423
1427,610.449193648552
1428,610.89186181432
1429,611.208634816456
1430,611.343525968343
1431,611.473151750582
1432,611.473151750582
1433,611.803453509711
1434,612.270898434271
1435,612.696691859217
1436,612.745102544645
1437,613.225296680034
1438,613.446185029666
1439,613.446185029666
1440,613.710701963791
1441,614.200531066774
1442,614.693989484383
1443,615.190276825265
1444,615.688588109535
1445,616.438081279981
1446,616.438081279981
1447,616.438081279981
1448,616.438081279981
1449,616.438081279981
1450,616.438081279981
1451,616.438081279982
1452,616.438081279982
1453,616.438081279982
1454,616.438081279982
1455,616.438081279982
1456,616.438081279982
1457,616.438081279982
1458,616.438081279983
1459,616.438081279983
1460,616.438081279983
1461,616.438081279983
1462,616.438081279983
1463,616.438081279983
1464,616.438081279983
1465,616.438081279983
1466,616.438081279983
1467,616.438081279984
1468,616.438081279984
1469,616.438081279984
1470,616.438081279984
1471,616.438081279984
1472,616.438081279984
1473,616.438081279984
1474,616.438081279984
1475,616.438081279984
1476,616.438081279985
1477,616.438081279985
1478,616.438081279985
1479,616.438081279985
1480,616.438081279985
1481,616.438081279985
1482,616.438081279986
1483,617.187574450432
1484,617.685885734701
1485,618.182173075583
1486,618.675631493193
1487,619.165460596175
1488,619.429977530301
1489,619.429977530301
1490,619.650865879933
1491,620.13106001532
1492,620.179470700749
1493,620.605264125695
1494,621.072709050256
1495,621.403010809384
1496,621.403010809385
1497,621.532636591623
1498,621.66752774351
1499,621.984300745647
1500,622.426968911414
1501,622.859923079543
1502,623.147102604984
1503,623.28246099679
1504,623.34384461527
1505,623.34384461527
1506,623.693897305106
1507,624.093564653297
1508,624.394907059702
1509,624.394907059702
1510,624.480814779461
1511,624.615795409334
1512,624.855019562478
1513,625.14440023015
1514,625.21557204082
1515,625.239891895967
1516,625.239891895967
1517,625.561887397052
1518,625.893403906396
1519,626.071223931462
1520,626.209583847864
1521,626.509914376433
1522,626.793908354888
1523,627.061105143959
1524,627.078856057287
1525,627.078856057287
1526,627.311071349475
1527,627.511027460983
1528,627.543401525336
1529,627.607691659652
1530,627.757718831151
1531,627.953675643463
1532,628.130954119605
1533,628.289266713243
1534,628.308774144671
1535,628.308774144672
1536,628.42835664077
1537,628.547998297815
1538,628.647997625173
1539,628.72819242357
1540,628.788452616747
1541,628.828680462454
1542,628.848810710974
1543,628.848810710974
1544,628.848810710975
1545,628.932870631306
1546,630.052865940271
1547,630.334447207608
1548,630.538277021912
1549,630.538277021913
1550,631.300670394989
1551,631.30067039499
1552,631.713483827559
1553,632.050163565438
1554,632.136298152776
1555,632.136298152776
1556,632.145655231254
1557,632.145655231255
1558,632.475956990383
1559,633.067743688718
1560,633.632510323316
1561,633.632510323316
1562,634.395030176639
1563,634.873034547447
1564,635.017210023464
1565,635.017210023464
1566,635.467853240702
1567,635.693190427781
1568,635.880666673271
1569,635.880666673272
1570,636.281416944313
1571,636.281416944313
1572,636.960118821473
1573,637.110584760656
1574,637.110584760657
1575,637.240210542895
1576,637.416932218864
1577,637.416932218864
1578,638.193760395227
1579,638.416391594829
1580,638.416391594829
1581,638.854676556255
1582,639.273313194631
1583,639.273313194631
1584,639.392114177898
1585,639.489585488279
1586,639.489585488279
1587,639.573645408609
1588,639.982139552865
1589,639.982139552866
1590,640.102481010974
1591,640.102481010974
1592,640.538273658602
1593,640.538273658603
1594,640.55323643527
1595,640.851974181422
1596,640.938108768759
1597,640.938108768759
1598,641.179051799217
1599,641.179051799218
1600,641.259540141966
1601,641.675243822793
1602,641.869554304703
1603,642.205140072297
1604,642.756316440382
1605,642.786430008559
1606,642.786430008559
1607,642.949006452904
1608,642.949006452905
1609,643.794700784302
1610,644.12421325855
1611,644.788712591344
1612,645.197036322614
1613,645.513809324751
1614,645.736739570726
1615,646.236493894704
1616,646.236493894706
1617,646.333965205085
1618,646.637244019218
1619,647.488765315314
1620,647.75135953796
1621,647.751359537961
1622,648.289922288357
1623,648.291396104262
1624,648.291396104263
1625,648.495225918568
1626,648.775317639989
1627,649.039415458805
1628,649.330727196106
1629,649.330727196107
1630,649.495451333559
1631,649.736029145998
1632,650.378633439984
1633,650.604489826218
1634,650.743255788278
1635,650.743255788278
1636,650.966186034253
1637,651.492748958726
1638,651.497733916345
1639,651.972414913653
1640,651.9843748396
1641,652.211639066796
1642,652.211639066796
1643,652.389459091863
1644,652.658335694264
1645,652.748190003792
1646,653.048025786592
1647,653.288480105523
1648,653.469162942803
1649,653.589781230208
1650,653.589781230208
1651,653.589781230208
1652,653.650139324436
1653,653.740247169391
1654,654.6534321772
1655,654.860545687794
1656,654.860545687795
1657,655.135775821069
1658,655.197159439549
1659,655.19715943955
1660,656.586543221231
1661,656.732143419709
1662,657.260267883193
1663,657.260267883194
1664,657.924538755741
1665,658.22440900048
1666,658.454533313175
1667,658.647223325696
1668,658.647223325696
1669,659.395242533709
1670,659.39524253371
1671,660.162088968951
1672,660.162088968952
1673,660.254372566274
1674,661.245264603523
1675,661.251623509475
1676,661.251623509476
1677,661.906180764551
1678,661.983141634675
1679,662.041539156355
1680,662.391591846193
1681,662.391591846193
1682,662.817371467512
1683,662.817371467513
1684,663.153985219269
1685,663.153985219269
1686,663.430922938036
1687,663.430922938037
1688,663.638036448631
1689,663.903478389718
1690,664.082331931485
1691,664.082331931487
1692,664.19344279136
1693,665.038301147378
1694,665.038301147378
1695,665.216372762699
1696,665.679079287992
1697,665.679079287993
1698,666.000510661199
1699,666.0005106612
1700,666.08457058153
1701,666.715590509606
1702,667.006468685757
1703,667.06416160819
1704,667.909855939587
1705,667.909855939587
1706,668.133257952685
1707,669.287998103
1708,669.287998103001
1709,669.29735518148
1710,669.29735518148
1711,669.467075630159
1712,669.852764737597
1713,669.998364936076
1714,670.047075219506
1715,670.714880084877
1716,671.874647373451
1717,672.024734497671
1718,672.054974731126
1719,672.054974731126
1720,672.554729055105
1721,672.944496349098
1722,673.922625873271
1723,673.922691712866
1724,674.262284710881
1725,674.262284710882
1726,674.8076468283
1727,675.165671964712
1728,675.597926294964
1729,675.839396626674
1730,675.839396626675
1731,675.841652369027
1732,675.841652369029
1733,676.006376506481
1734,676.292248276675
1735,676.889486580639
1736,676.952838554794
1737,677.254180961198
1738,677.2541809612
1739,677.388672484143
1740,677.681358507468
1741,677.704936385495
1742,677.788996305825
1743,678.003674131648
1744,678.089808718984
1745,678.089808718985
1746,678.089808718985
1747,678.290621804785
1748,678.39110984367
1749,679.238578198039
1750,679.238578198039
1751,680.097708230603
1752,681.387871834691
1753,681.782787454322
1754,681.917768084196
1755,682.010051681518
1756,682.010051681518
1757,682.230474448356
1758,682.230474448357
1759,682.410801806031
1760,684.616887387512
1761,684.795681782359
1762,684.79568178236
1763,684.909664334512
1764,684.965458486095
1765,684.995572054271
1766,684.995572054272
1767,686.482427146332
1768,686.482427146332
1769,686.506747001478
1770,686.712386696167
1771,686.917563846131
1772,686.917563846132
1773,687.722951370464
1774,687.753191603917
1775,687.753191603918
1776,688.431893481078
1777,688.582359420262
1778,688.582359420262
1779,688.693900824452
1780,689.779271666612
1781,689.779271666612
1782,689.960501583673
1783,689.960501583674
1784,690.500538149976
1785,690.500538149976
1786,690.558215749207
1787,690.741481180435
1788,691.117054916604
1789,691.704593379273
1790,691.781554249397
1791,692.302307544808
1792,692.952397833991
1793,692.952397833992
1794,693.033825670006
1795,693.033825670007
1796,693.412510336766
1797,693.701891004438
1798,693.92334728798
1799,694.420781112509
1800,694.420781112509
1801,695.009007629041
1802,695.284237762316
1803,695.284237762316
1804,695.418705646335
1805,695.606233263401
1806,696.785957143146
1807,697.81770694152
1808,697.817706941521
1809,698.022884091487
1810,698.109018678824
1811,698.377439866168
1812,698.977216497654
1813,699.127480191323
1814,699.967000578172
1815,700.097953783741
1816,700.932730757024
1817,701.076559169484
1818,701.369336116484
1819,701.630457099873
1820,701.853387345847
1821,701.853387345848
1822,702.073810112685
1823,702.073810112689
1824,702.190001097603
1825,702.190001097603
1826,702.190001097604
1827,702.610455167808
1828,702.891137332445
1829,703.031592324019
1830,703.906815739498
1831,704.192283680389
1832,704.408043879385
1833,704.917380413797
1834,705.061555889813
1835,705.061555889814
1836,705.774532721238
1837,705.774532721241
1838,706.59519770236
1839,707.154930627005
1840,707.154930627006
1841,708.275229145407
1842,708.732042542798
1843,708.732042542799
1844,708.895874160978
1845,708.895874160978
1846,708.899022422606
1847,709.137344492688
1848,709.696183660086
1849,710.146826877322
1850,710.146826877323
1851,710.896320047771
1852,711.313807214673
1853,711.417591334908
1854,711.417591334909
1855,711.529132739099
1856,712.209214420752
1857,713.323329939494
1858,713.323329939496
1859,713.76668295231
1860,713.863366505798
1861,713.863366505798
1862,714.264116776838
1863,714.264116776839
1864,714.600730528594
1865,714.600730528595
1866,714.833058457694
1867,715.012135984852
1868,715.012135984852
1869,715.241508669208
1870,715.241508669209
1871,715.84636581769
1872,715.987858567922
1873,716.278736744073
1874,717.556345241134
1875,717.764808082027
1876,719.270632994392
1877,719.518898024954
1878,719.605032612291
1879,719.810336242503
1880,720.652938856167
1881,720.652938856168
1882,720.769129841084
1883,720.769129841085
1884,721.105790506168
1885,722.522911580262
1886,722.832238284727
1887,722.832238284728
1888,723.054869484329
1889,723.496509157277
1890,723.634869073677
1891,723.767962671673
1892,724.619943851744
1893,724.838924302975
1894,724.904891554143
1895,724.904891554144
1896,725.617868385568
1897,725.617868385569
1898,725.734059370485
1899,725.734059370486
1900,725.734059370488
1901,726.331773536021
1902,726.451915961855
1903,726.991329711065
1904,727.351425687042
1905,727.478151166086
1906,727.531619812797
1907,728.725955620803
1908,728.725955620804
1909,729.254080084289
1910,729.430429617004
1911,729.475448791253
1912,729.539519324414
1913,729.874725099858
1914,729.87472509986
1915,730.540632408964
1916,730.710352857643
1917,730.710352857644
1918,732.345811695789
1919,733.395901649753
1920,733.395901649754
1921,733.70522835422
1922,733.706702170126
1923,733.706702170127
1924,735.073191011983
1925,735.242967715719
1926,735.242967715719
1927,735.260718629047
1928,735.505561938366
1929,736.158561854141
1930,736.158561854144
1931,737.399680905464
1932,737.608143746357
1933,737.847367899499
1934,737.8473678995
1935,737.966168882768
1936,738.144788801478
1937,738.144788801478
1938,738.497458188685
1939,739.341701047829
1940,739.34170104783
1941,739.741536157986
1942,739.946558196309
1943,740.612465505414
1944,740.612465505415
1945,740.789187181382
1946,742.029990408811
1947,742.084641445051
1948,743.339844821606
1949,744.01892551373
1950,744.062529245032
1951,744.196997129049
1952,744.19699712905
1953,744.810548599573
1954,744.810548599574
1955,745.577395034816
1956,745.577395034817
1957,745.746272986518
1958,745.883742493022
1959,745.883742493023
1960,745.890101398976
1961,746.11595778521
1962,747.263882099497
1963,747.321486830415
1964,748.569291285132
1965,748.569291285133
1966,748.569291285134
1967,749.318784455581
1968,749.540240739121
1969,749.660383164957
1970,749.718060764188
1971,749.718060764189
1972,750.518370263295
1973,750.535387983947
1974,750.968292580318
1975,751.192886481089
1976,751.232390399134
1977,751.631812191415
1978,751.851453175817
1979,752.974487889886
1980,753.545584772291
1981,753.545584772291
1982,754.374752588633
1983,754.374752588636
1984,754.685553109006
1985,754.685553109009
1986,755.933222109721
1987,756.130186150742
1988,756.187272489836
1989,756.756732562515
1990,757.221278030563
1991,757.221278030565
1992,758.136872168989
1993,758.136872168989
1994,758.378531844346
1995,758.925118360038
1996,759.173383390601
1997,760.801400797414
1998,760.980020716124
1999,760.980020716124
2000,761.391426172382
2001,761.391426172382
2002,761.591316444295
2003,761.591316444295
2004,761.927977109378
2005,762.767497496229
2006,762.885759320711
2007,762.885759320713
2008,763.841728536604
2009,763.841728536607
2010,764.318695760486
2011,764.446585685084
2012,765.238457611912
2013,765.558543178499
2014,766.556245973696
2015,766.556245973696
2016,766.725123925398
2017,767.64578051422
2018,767.645780514222
2019,767.862052807867
2020,767.862052807869
2021,768.297189507667
2022,768.297189507669
2023,768.300337769295
2024,768.540915581732
2025,768.759896032963
2026,769.434159671859
2027,769.548142224014
2028,769.548142224014
2029,770.297635394464
2030,770.547601599977
2031,772.085340961476
2032,772.464306513787
2033,772.49668057814
2034,773.370619898594
2035,773.381701533169
2036,774.067622313781
2037,774.218088252963
2038,774.218088252965
2039,774.40135368419
2040,775.175870464296
2041,775.692913969863
2042,775.951645554436
2043,776.663863423852
2044,776.663863423853
2045,777.074680268505
2046,777.089643045172
2047,777.089643045174
2048,777.429236043187
2049,779.115723107868
2050,779.115723107869
2051,779.181690359036
2052,779.338653353843
2053,780.056509945213
2054,780.056509945214
2055,780.356842159191
2056,780.421132293504
2057,780.507105852859
2058,782.95833103097
2059,782.958331030971
2060,783.569626759141
2061,783.569626759141
2062,783.673410879377
2063,784.345459070296
2064,785.491618551001
2065,785.491618551002
2066,785.602729410876
2067,785.720991235359
2068,785.72099123536
2069,786.297006075333
2070,786.568459589728
2071,787.385786809486
2072,787.385786809489
2073,787.941920915223
2074,787.983500975022
2075,788.534556288541
2076,788.534556288543
2077,789.079918405961
2078,789.187556204319
2079,790.278648084141
2080,790.697284722516
2081,790.697284722517
2082,791.189838787102
2083,791.189838787103
2084,791.526452538859
2085,791.526452538861
2086,791.526452538861
2087,791.749382784835
2088,792.27594570931
2089,792.797216996445
2090,792.797216996446
2091,793.534352050479
2092,793.581354894946
2093,794.88926431031
2094,795.331912492789
2095,795.348930213439
2096,796.826311480713
2097,797.611680586663
2098,797.701534896192
2099,798.011102378946
2100,798.901381172968
2101,798.959058772198
2102,798.959058772201
2103,799.495703827318
2104,799.4990953385
2105,799.499095338503
2106,799.793106348484
2107,799.85419383971
2108,801.189835423791
2109,801.189835423794
2110,801.574707757282
2111,802.39015756214
2112,802.846090090028
2113,803.180114147891
2114,803.192074073839
2115,803.600568218094
2116,803.600568218095
2117,803.93718196985
2118,803.93718196985
2119,805.14758833321
2120,806.404858673787
2121,806.404858673788
2122,807.699301550204
2123,807.699301550205
2124,808.414381398611
2125,808.445651448917
2126,809.132237989979
2127,809.146787683758
2128,809.991646039776
2129,809.991646039778
2130,810.221018724134
2131,810.221018724135
2132,811.191968178122
2133,811.369788203188
2134,811.36978820319
2135,811.36978820319
2136,811.485979188106
2137,811.485979188107
2138,813.113879998787
2139,813.399751768984
2140,814.009015066299
2141,814.241342995398
2142,814.241342995399
2143,814.361684453506
2144,814.361684453507
2145,815.111177623954
2146,815.290031165722
2147,815.290031165723
2148,815.590843578883
2149,816.327781152321
2150,817.538187515678
2151,817.538187515679
2152,818.034379539254
2153,818.097731513409
2154,818.322325414179
2155,818.875970765669
2156,819.989412693789
2157,821.326338969489
2158,821.711872965283
2159,822.330935741966
2160,822.342017376542
2161,823.001573551584
2162,823.043153611383
2163,823.043153611383
2164,823.062661042812
2165,823.337164621366
2166,823.780517634182
2167,823.780517634182
2168,825.689862912567
2169,825.68986291257
2170,826.054557293129
2171,826.231618356187
2172,826.315678276515
2173,826.736132346721
2174,827.499947510913
2175,827.700760596712
2176,827.700760596713
2177,828.678152489084
2178,828.678152489087
2179,829.948916946668
2180,829.948916946671
2181,829.948916946672
2182,832.19932903898
2183,832.199329038981
2184,832.676296262863
2185,832.945678937692
2186,833.235840260595
2187,833.24698006238
2188,834.321211102754
2189,834.321211102755
2190,834.732616559012
2191,834.732616559012
2192,834.913846476072
2193,834.913846476073
2194,835.030037460988
2195,835.03342897217
2196,836.171116816652
2197,836.657938271671
2198,837.905742726388
2199,837.905742726391
2200,838.040234249334
2201,838.341535374018
2202,838.341535374018
2203,838.655235896838
2204,838.749985585536
2205,839.790058654498
2206,839.7900586545
2207,839.910676941905
2208,840.96826363267
2209,841.939192307456
2210,842.359646377661
2211,842.359646377662
2212,842.775350058489
2213,842.822352902956
2214,842.976163144288
2215,844.309246056811
2216,845.426531348106
2217,846.172396536015
2218,846.21190045406
2219,846.545631824467
2220,846.904121836858
2221,847.14334599
2222,847.143345990002
2223,847.143345990004
2224,848.521488153416
2225,848.521488153416
2226,849.896018087176
2227,850.430833431801
2228,850.430833431804
2229,850.551451719209
2230,850.83632472534
2231,851.1371371385
2232,852.140429991264
2233,852.20078808549
2234,852.200788085491
2235,853.17817997786
2236,853.178179977861
2237,854.049109325292
2238,854.049109325292
2239,854.750245560131
2240,856.299521417599
2241,856.2995214176
2242,856.776488641484
2243,857.686649456927
2244,857.747007551154
2245,857.865269375636
2246,857.865269375637
2247,857.976810779826
2248,859.014038854691
2249,859.014038854691
2250,859.353262335195
2251,859.554075420992
2252,859.554075420994
2253,860.758130650291
2254,860.811599297
2255,862.00593510501
2256,862.005935105011
2257,862.755428275457
2258,862.841562862793
2259,862.841562862794
2260,862.841562862797
2261,863.250013074309
2262,864.531029173733
2263,864.531029173734
2264,864.551159422255
2265,865.288096995694
2266,866.25902567048
2267,866.922545281575
2268,867.100616896894
2269,867.100616896894
2270,867.476190633066
2271,867.596808920471
2272,868.150706850862
2273,868.97058962099
2274,869.380863739118
2275,870.952870973295
2276,871.22395519988
2277,871.643373478777
2278,871.643373478778
2279,871.944674603464
2280,873.021515642188
2281,873.021515642189
2282,874.215851450197
2283,875.191934199559
2284,875.252292293785
2285,875.252292293787
2286,875.336352214118
2287,875.878107657732
2288,876.941758604724
2289,876.941758604725
2290,876.941758604725
2291,877.27837235648
2292,877.278372356481
2293,878.549136814067
2294,878.549136814069
2295,879.390728040481
2296,879.84357969048
2297,879.843579690482
2298,880.700501290282
2299,881.276516130258
2300,882.476838268605
2301,882.487978070387
2302,882.508108318909
2303,883.514066343468
2304,883.514066343468
2305,883.993744815543
2306,884.295045940227
2307,884.29504594023
2308,885.131432660024
2309,885.258158139066
2310,886.505962593782
2311,886.505962593786
2312,887.255455764235
2313,887.35020545293
2314,887.582533382028
2315,887.582533382029
2316,887.642891476254
2317,889.129557789742
2318,889.352488035713
2319,889.352488035715
2320,889.352488035716
2321,890.466603554456
2322,890.899508150833
2323,891.359174053961
2324,891.600644385668
2325,891.600644385672
2326,891.805821535639
2327,892.217161152301
2328,892.337779439706
2329,895.774329835273
2330,895.864437680232
2331,896.384343998012
2332,896.384343998013
2333,896.585157083812
2334,897.121708020809
2335,897.121708020811
2336,898.856333930551
2337,899.993262813018
2338,899.99326281302
2339,899.99326281302
2340,900.077322733353
2341,900.378135146508
2342,900.822430629362
2343,900.822430629364
2344,901.743087218186
2345,901.763217466706
2346,901.763217466709
2347,902.67881160513
2348,902.678811605131
2349,903.290107333297
2350,903.290107333299
2351,903.710561403502
2352,906.017486649492
2353,906.577030647223
2354,907.249078838143
2355,907.309436932368
2356,908.255036862698
2357,908.2550368627
2358,908.795073429001
2359,908.795073429004
2360,908.795073429006
2361,908.972893454073
2362,909.999128658301
2363,910.894263725815
2364,911.24693311302
2365,911.24693311302
2366,911.996426283467
2367,912.283373956608
2368,912.338024992843
2369,912.403992244011
2370,912.403992244015
2371,913.301835469107
2372,913.784131850483
2373,914.093458554949
2374,914.09345855495
2375,914.153816649177
2376,915.700836764287
2377,915.70083676429
2378,915.700836764293
2379,916.837806928481
2380,917.038620014284
2381,920.515300354507
2382,920.665766293691
2383,920.665766293691
2384,920.665766293693
2385,920.904990446833
2386,921.205802859996
2387,921.205802859997
2388,923.657662544009
2389,923.657662544011
2390,923.657662544012
2391,924.478327525127
2392,924.493290301794
2393,924.493290301797
2394,924.657121919975
2395,924.794591426482
2396,924.898781595334
2397,926.383569698535
2398,926.504187985937
2399,926.50418798594
2400,927.552022197551
2401,928.11156619528
2402,928.111566195283
2403,930.121088920105
2404,930.838945511474
2405,931.74910632692
2406,932.050407451605
2407,932.181360657171
2408,932.895265807622
2409,932.895265807623
2410,933.076495724682
2411,933.076495724685
2412,933.596402042466
2413,933.729495640457
2414,934.762982789362
2415,934.820587520283
2416,935.280145783949
2417,936.068391975002
2418,936.068391975002
2419,936.603207319627
2420,936.81788514545
2421,937.144962763242
2422,937.144962763243
2423,938.593486043723
2424,938.593486043724
2425,938.794299129527
2426,939.244895037172
2427,939.244895037177
2428,940.502165377753
2429,940.9379993071
2430,941.779590533517
2431,943.500998208339
2432,943.500998208339
2433,944.746451240885
2434,945.015327843284
2435,945.467094907155
2436,945.635972858855
2437,945.635972858856
2438,945.946773379227
2439,945.946773379231
2440,948.022385798014
2441,948.458991157472
2442,948.593482680413
2443,948.593482680415
2444,949.43507390683
2445,949.639752114566
2446,950.703403061556
2447,950.760489400654
2448,951.004215474716
2449,951.004215474717
2450,952.852536714516
2451,952.852536714516
2452,952.956320834753
2453,954.606318453691
2454,955.579916030705
2455,955.707805955306
2456,955.849298705539
2457,956.258996722832
2458,956.439324080506
2459,956.439324080508
2460,956.550434940379
2461,957.817466243918
2462,957.817466243919
2463,958.236884522816
2464,959.561558039517
2465,960.444668113675
2466,960.809362494235
2467,960.809362494236
2468,961.558855664683
2469,961.644990252019
2470,961.644990252021
2471,962.080126951819
2472,962.080126951822
2473,962.693678422342
2474,962.693678422343
2475,963.114132492548
2476,964.482057579984
2477,965.142647858103
2478,965.479308523186
2479,965.479308523186
2480,966.279618022294
2481,966.614823797733
2482,967.954918443986
2483,969.115520221907
2484,970.107577387507
2485,970.446800868005
2486,970.446800868007
2487,970.857617712658
2488,972.137540953295
2489,972.137540953299
2490,973.099473637821
2491,973.185447197174
2492,973.754907269853
2493,974.139779603341
2494,974.544863855606
2495,974.934631149597
2496,975.104407853338
2497,975.104407853338
2498,976.102332387163
2499,976.686656894184
2500,977.352564203293
2501,977.352564203294
2502,979.274555995154
2503,979.274555995154
2504,979.393356978424
2505,980.079943519484
2506,980.650627318996
2507,982.317493732691
2508,982.317493732694
2509,982.556717885834
2510,983.653135316777
2511,984.058437266668
2512,984.058437266668
2513,984.061585528293
2514,985.309389983009
2515,985.309389983011
2516,985.745182630639
2517,985.745182630641
2518,986.058883153459
2519,986.237736695228
2520,986.237736695229
2521,986.458159462066
2522,986.458159462066
2523,986.955593286595
2524,987.317289494632
2525,989.462481221123
2526,990.379810400908
2527,990.379876240508
2528,992.659578494789
2529,992.835928027506
2530,994.427410750525
2531,994.546993246623
2532,994.546993246626
2533,994.681461130641
2534,994.972772867943
2535,994.972772867946
2536,995.91348208848
2537,996.529992558518
2538,997.419307000843
2539,997.596368063901
2540,997.753331058709
2541,998.23997198196
2542,998.648466126217
2543,998.648466126222
2544,1001.25286631
2545,1001.25286631
2546,1001.45275658191
2547,1001.45275658192
2548,1002.22858889307
2549,1004.1801358981
2550,1004.19468559188
2551,1005.03728820554
2552,1005.03728820555
2553,1006.0780931133
2554,1006.30149512639
2555,1006.39817867988
2556,1006.41768611131
2557,1006.41768611132
2558,1008.16177790691
2559,1009.07296860988
2560,1009.07296860988
2561,1009.28924090352
2562,1009.28924090352
2563,1009.29559980948
2564,1009.40958236163
2565,1009.40958236163
2566,1010.15907553208
2567,1010.1640604897
2568,1011.87589017398
2569,1013.30394201517
2570,1013.81477896638
2571,1013.9238686738
2572,1015.109121302
2573,1015.49481040943
2574,1015.75681775281
2575,1016.95108318279
2576,1016.95108318279
2577,1018.09105151951
2578,1018.09105151951
2579,1018.26887154458
2580,1020.17828885523
2581,1020.804835267
2582,1021.26076779489
2583,1021.48369804086
2584,1021.48369804087
2585,1021.78403025485
2586,1022.23171724888
2587,1022.23171724888
2588,1024.20689920792
2589,1024.88062386988
2590,1024.88062386988
2591,1024.99681485479
2592,1024.9968148548
2593,1027.02991750653
2594,1027.57410704676
2595,1027.72419417099
2596,1029.60664588299
2597,1029.96174438419
2598,1029.9617443842
2599,1030.27445074836
2600,1031.05127892472
2601,1031.05127892472
2602,1031.7058361798
2603,1032.12447281817
2604,1032.12447281817
2605,1032.30355034533
2606,1032.58901828622
2607,1032.95364063451
2608,1032.95364063451
2609,1033.65811463072
2610,1033.70313380496
2611,1034.33594649629
2612,1036.51240921828
2613,1036.75910058844
2614,1037.47312072428
2615,1037.92993412167
2616,1037.92993412167
2617,1040.92628343415
2618,1040.92628343416
2619,1041.47733874767
2620,1041.6743027887
2621,1042.07505291321
2622,1042.07505291321
2623,1043.22979306352
2624,1043.45975261336
2625,1043.46200835571
2626,1043.46200835571
2627,1044.46923499799
2628,1044.61926216949
2629,1045.18575014679
2630,1047.83204676944
2631,1047.83204676944
2632,1048.00176721813
2633,1049.00822782138
2634,1050.11778641269
2635,1050.55942608563
2636,1051.53037553962
2637,1052.0301298636
2638,1052.0301298636
2639,1052.03160367951
2640,1052.2372433742
2641,1052.79697629884
2642,1052.79697629884
2643,1054.08503221969
2644,1054.10278313301
2645,1054.10278313301
2646,1054.54106809444
2647,1055.78887254916
2648,1055.78887254916
2649,1056.53836571961
2650,1057.773269786
2651,1057.773269786
2652,1058.45197166317
2653,1058.73741090329
2654,1058.9373670148
2655,1060.65418165669
2656,1060.65418165669
2657,1062.10196296005
2658,1062.904593749
2659,1062.904593749
2660,1063.9022965442
2661,1064.44085929459
2662,1064.4408592946
2663,1064.72580699699
2664,1065.02908581112
2665,1066.59757248433
2666,1066.89419279452
2667,1067.22859241242
2668,1068.69691515617
2669,1069.43167241753
2670,1069.81035708428
2671,1069.81035708429
2672,1069.98707876026
2673,1071.87346552793
2674,1071.87346552793
2675,1072.53773640047
2676,1073.52761761298
2677,1074.51269239104
2678,1074.77528661369
2679,1074.77528661369
2680,1075.08163407189
2681,1075.0816340719
2682,1076.35239852948
2683,1076.35239852948
2684,1076.51937840929
2685,1077.76718286401
2686,1077.76718286401
2687,1077.84861070002
2688,1078.29530732749
2689,1078.51667603446
2690,1079.71626184217
2691,1080.43338094826
2692,1081.32878815435
2693,1083.6082145546
2694,1083.88344468788
2695,1083.88344468789
2696,1084.28419495892
2697,1084.28419495892
2698,1085.12988929032
2699,1085.15346716835
2700,1085.39831047767
2701,1085.8913441995
2702,1087.57642342322
2703,1088.39020672798
2704,1089.83041442458
2705,1090.45259427141
2706,1090.45259427142
2707,1090.78920802316
2708,1090.78920802317
2709,1093.51658733936
2710,1093.54682757281
2711,1093.54682757281
2712,1093.73951758533
2713,1093.95527778433
2714,1094.92496973622
2715,1094.92496973623
2716,1095.75413755257
2717,1095.75413755257
2718,1096.87443607098
2719,1097.49822934818
2720,1098.74603380289
2721,1098.74603380289
2722,1099.23008503225
2723,1099.49552697334
2724,1099.5595975065
2725,1100.80264359794
2726,1100.86104111962
2727,1101.58956107229
2728,1102.8633237024
2729,1102.8633237024
2730,1103.72678035221
2731,1103.72678035221
2732,1104.38029236264
2733,1105.82597064902
2734,1107.41975908755
2735,1107.64702331475
2736,1107.64702331475
2737,1108.40954316806
2738,1108.81786689934
2739,1109.24504444561
2740,1110.6325436875
2741,1110.6325436875
2742,1111.64081446324
2743,1113.18210297862
2744,1113.35992300369
2745,1113.50409847971
2746,1113.50409847971
2747,1114.0688651143
2748,1115.59747321689
2749,1115.5974732169
2750,1115.68975681422
2751,1116.50086047073
2752,1117.3415650125
2753,1118.13872624998
2754,1118.58936946722
2755,1118.58936946722
2756,1119.33886263767
2757,1120.05775274574
2758,1120.05775274574
2759,1120.08786631391
2760,1122.28158924054
2761,1122.30590909569
2762,1122.30590909569
2763,1123.34524018754
2764,1123.34524018754
2765,1125.05279584331
2766,1125.6039722114
2767,1125.99888783102
2768,1128.04469209364
2769,1128.10048624521
2770,1129.21167243098
2771,1129.21167243098
2772,1129.7670819871
2773,1130.60105621266
2774,1130.69852752304
2775,1130.69852752304
2776,1131.08339985653
2777,1131.93905174717
2778,1134.17660196038
2779,1134.17660196038
2780,1135.3331552933
2781,1135.75596961853
2782,1135.75596961853
2783,1135.92069375598
2784,1137.1684982107
2785,1137.1684982107
2786,1137.44543592947
2787,1137.91799138114
2788,1137.98916319182
2789,1138.74126102251
2790,1139.50033813902
2791,1139.50033813902
2792,1141.30218908419
2793,1142.95409272122
2794,1143.01178564365
2795,1143.19331687436
2796,1143.86727772902
2797,1145.94598897153
2798,1146.39674439582
2799,1146.39674439583
2800,1146.4061014743
2801,1146.40610147431
2802,1147.5430716385
2803,1149.1334807905
2804,1149.85616536045
2805,1149.85616536047
2806,1151.0313721661
2807,1151.37103100371
2808,1151.37103100371
2809,1153.11512279931
2810,1153.65256042095
2811,1154.36292725402
2812,1154.36292725403
2813,1154.44883497379
2814,1155.11242042448
2815,1155.19855501181
2816,1155.19855501181
2817,1155.40238482612
2818,1156.27800716002
2819,1158.89153374715
2820,1159.41376450319
2821,1160.49694013775
2822,1160.49694013776
2823,1162.1043183471
2824,1162.1043183471
2825,1162.26689479144
2826,1162.40566075351
2827,1162.45437103694
2828,1164.83169766329
2829,1165.13156790803
2830,1166.91878193731
2831,1167.0692478765
2832,1167.0692478765
2833,1167.81311425711
2834,1168.81333967211
2835,1169.29875075374
2836,1169.29875075375
2837,1169.36013437222
2838,1170.06114412682
2839,1170.06114412683
2840,1170.81063729726
2841,1172.90766956875
2842,1172.90766956875
2843,1172.99172948908
2844,1174.32506390163
2845,1175.72059255329
2846,1176.20451408903
2847,1176.20451408903
2848,1177.31696015194
2849,1177.54229733903
2850,1178.45388903441
2851,1178.93189340522
2852,1181.16944361842
2853,1181.16944361843
2854,1181.70948018473
2855,1181.70948018473
2856,1182.62635588859
2857,1182.91353541403
2858,1183.54844434605
2859,1184.16133986875
2860,1184.16133986875
2861,1184.91083303919
2862,1185.40245892007
2863,1187.2556996504
2864,1187.591285418
2865,1188.18307211633
2866,1188.61524352002
2867,1188.61524352002
2868,1190.58318166831
2869,1191.34262283621
2870,1192.35025496204
2871,1192.35025496204
2872,1193.58017304942
2873,1193.58017304942
2874,1194.16146298569
2875,1195.32426484502
2876,1196.04323369737
2877,1196.57206929974
2878,1196.57206929974
2879,1196.9848827323
2880,1197.32156247018
2881,1199.12639251509
2882,1199.25601829733
2883,1199.25601829733
2884,1201.15206557802
2885,1201.98339761352
2886,1202.11828876541
2887,1203.8906460676
2888,1204.22094782673
2889,1204.22094782673
2890,1204.84504431336
2891,1205.96503962233
2892,1207.21284407704
2893,1207.21284407705
2894,1207.96233724749
2895,1208.05782891331
2896,1208.05782891332
2897,1208.855575597
2898,1210.7852082295
2899,1211.75080764865
2900,1211.84747184732
2901,1213.02275844272
2902,1213.02275844272
2903,1214.76685023831
2904,1214.96359224861
2905,1216.01465469302
2906,1216.01465469303
2907,1216.71573717805
2908,1216.76414786348
2909,1217.69097156479
2910,1219.70763342837
2911,1219.928521778
2912,1219.928521778
2913,1221.67261357359
2914,1222.65590109419
2915,1222.92041802831
2916,1222.92041802832
2917,1223.66991119877
2918,1224.8934513074
2919,1225.64779734452
2920,1226.637543103
2921,1227.88534755771
2922,1227.88534755772
2923,1228.63484072815
2924,1229.62943935332
2925,1230.87724380804
2926,1231.62673697849
