# Domain: small_rectangle [0, 1.5708] x [0, 0.785398] (Chebfun spectral collocation)
# N = 20 Chebyshev points per direction, dofs = 324
# Computation time: 0.014 s
n,lambda_n
1,19.9999999999996
2,32.0000000000054
3,51.9999999999749
4,67.9999999999982
5,79.9999999966739
6,79.9999999999996
7,99.9999999999727
8,116.000000729324
9,127.999999996672
10,147.999999999887
11,159.999999999887
12,160.000012670248
13,164.000000729327
14,179.999999999858
15,207.999999996559
16,208.000012670244
17,211.999721971108
18,244.000000729215
19,259.999721971109
20,259.999999986699
21,271.992752585351
22,271.999999986698
23,288.000012670132
24,291.99999998667
25,319.992752585351
26,319.999999983373
27,339.999721970996
28,340.127581819887
29,356.000000716025
30,388.127581819886
31,399.992752585239
32,400.000012656946
33,404.000002917308
34,414.465250719919
35,416.000002917308
36,436.000002917275
37,451.999721957808
38,462.465250719918
39,464.000002913984
40,468.127581819773
41,500.000003646634
42,509.739633067378
43,511.992752572049
44,542.465250719806
45,544.000015587554
46,557.739633067382
47,564.012049101821
48,580.000050680994
49,580.127581806579
50,592.000050680988
51,595.999724888415
52,612.000050680962
53,612.012049101806
54,637.739633067264
55,640.000050677663
56,654.465250706617
57,655.992755502659
58,676.000051410314
59,692.012049101698
60,720.000063351233
61,724.127584737196
62,749.739633054079
63,771.999772652093
64,787.998887884449
65,798.465253637224
66,799.998887884446
67,804.012049088511
68,819.998887884414
69,831.992803266339
70,833.602152041411
71,847.998887881121
72,854.090897698437
73,881.60215204141
74,883.99888861377
75,893.739635984683
76,900.127632500872
77,902.090897698435
78,927.998900554695
79,948.01205201912
80,961.602152041298
81,974.465301400904
82,979.998609855556
83,982.090897698321
84,1027.97101034141
85,1039.9710103414
86,1039.9916404698
87,1059.97101034138
88,1069.73968374836
89,1073.60215202811
90,1087.97101033808
91,1094.09089768513
92,1108.12646970433
93,1123.97101107073
94,1124.0120997828
95,1167.97102301166
96,1182.46413860436
97,1217.60215495871
98,1219.97073231252
99,1238.09090061574
100,1277.73852095183
101,1279.96376292676
102,1300.51032727955
103,1312.51032727955
104,1332.01093698626
105,1332.51032727951
106,1348.0985921613
107,1360.51032727622
108,1393.6022027224
109,1396.51032800886
110,1414.09094837942
111,1422.43626106132
112,1440.51033994979
113,1492.51004925066
114,1517.71064340878
115,1552.5030798649
116,1571.98305944322
117,1597.86100287968
118,1601.60103992586
119,1609.86100287967
120,1620.63790909943
121,1622.08978558289
122,1629.86100287963
123,1657.86100287635
124,1693.861003609
125,1694.97557799946
126,1737.86101554993
127,1789.86072485079
128,1790.24996034693
129,1841.57316238281
130,1844.52237638135
131,1849.85375546502
132,1850.43365179286
133,1862.06190803984
134,1864.15997447276
135,1898.43365179286
136,1912.15997447276
137,1917.98858469955
138,1978.43365179276
139,1978.95853226953
140,1990.95853226953
141,1992.15997447266
142,1992.3262535996
143,2010.9585322695
144,2038.95853226619
145,2074.95853299885
146,2087.60063594705
147,2090.43365177957
148,2104.15997445947
149,2114.11247932095
150,2118.95854493975
151,2134.60122497797
152,2141.87305198148
153,2170.95825424063
154,2196.04819640725
155,2208.04819640724
156,2228.04819640723
157,2230.95128485487
158,2234.43365471019
159,2248.15997739006
160,2256.04819640393
161,2292.04819713657
162,2299.08611408941
163,2336.04820907748
164,2373.42378298943
165,2388.04791837835
166,2410.43370247385
167,2411.46315492108
168,2424.16002515376
169,2431.95190057811
170,2448.04094899259
171,2468.69816533689
172,2516.17577822713
173,2522.97058137133
174,2590.51344712717
175,2618.43253967732
176,2632.1588623572
177,2685.78782947463
178,2740.06024550905
179,2792.56068431092
180,2813.04942996795
181,2858.40466213428
182,2872.13098481417
183,3009.65034844866
184,3030.13909410568
185,3130.94397907241
186,3144.67030175231
187,3274.40860816564
188,3286.40860816564
189,3306.40860816561
190,3334.4086081623
191,3356.36359079373
192,3368.36359079375
193,3370.40860889496
194,3388.36359079371
195,3414.40862083588
196,3416.36359079041
197,3428.29465467254
198,3442.02097735242
199,3452.36359152306
200,3466.40833013675
201,3496.36360346399
202,3526.40136075098
203,3548.36331276485
204,3594.53618998553
205,3608.3563433791
206,3668.87385888556
207,3676.49117261363
208,3750.82884151367
209,3764.14824123302
210,3809.39218406238
211,3818.42065726746
212,3823.11850674229
213,3846.10322386112
214,3900.37563989556
215,4026.48184820013
216,4040.20817088003
217,4088.01076020704
218,4108.49950586406
219,4169.96574283517
220,4190.45448849217
221,5104.84225995854
222,5118.56858263844
223,5186.79724258663
224,5200.52356526651
225,7341.73460717148
226,7353.73460717145
227,7373.73460717145
228,7396.63989789107
229,7401.73460716813
230,7408.63989789106
231,7428.63989789103
232,7437.73460790079
233,7456.63989788774
234,7481.7346198417
235,7492.6398986204
236,7533.73432914257
237,7536.6399105613
238,7588.63961986221
239,7593.72735975682
240,7648.63265047644
241,7661.86218899136
242,7716.76747971097
243,7736.19985789143
244,7791.10514861097
245,7831.47424023886
246,7885.74665627326
247,7886.37953095841
248,7940.65194699287
249,8155.33675921288
250,8175.82550486993
251,8210.24204993245
252,8230.73079558946
253,9172.16825896434
254,9185.89458164425
255,9227.07354968393
256,9240.79987236381
257,10100.0156817389
258,10148.0156817389
259,10182.2708311021
260,10228.0156817388
261,10230.2708311022
262,10310.2708311021
263,10340.0156817256
264,10422.2708310889
265,10484.0156846562
266,10566.2708340195
267,10660.0157324198
268,10742.2708817832
269,10868.0145696233
270,10950.2697189867
271,11107.9866920803
272,11190.2418414436
273,11380.5260090184
274,11462.7811583818
275,11677.8766846186
276,11760.1318339818
277,12058.9742140084
278,12141.2293633717
279,12276.063878146
280,12358.3190275094
281,13354.4242899045
282,13436.3792725326
283,13436.6794392679
284,13518.634421896
285,17421.7502889102
286,17476.6555796299
287,17504.0054382736
288,17558.9107289931
289,40340.0627269554
290,40352.0627269554
291,40372.0627269554
292,40400.0627269521
293,40436.0627276846
294,40480.0627396256
295,40532.0624489264
296,40592.0554795408
297,40660.1903087752
298,40669.0833244087
299,40681.0833244087
300,40701.0833244087
301,40729.0833244053
302,40734.5279776753
303,40765.083325138
304,40809.083337079
305,40829.8023600227
306,40861.0830463797
307,40884.074776057
308,40921.0760769941
309,40989.2109062285
310,41063.5485751286
311,41153.6648789968
312,41158.8229574761
313,41174.1536246538
314,41213.0953735105
315,41482.6854764501
316,41503.1742221072
317,42170.4963787483
318,42184.2227014281
319,42499.5169762016
320,42513.2432988815
321,50420.0784086944
322,50502.3335580579
323,50749.0990061476
324,50831.354155511
