# Domain: ellipse_minus_quadrant (FD, convergence sweep, dense eig full spectrum)
# Resolution M = 107, dofs = 3385
# Computation time: 0.8301 s
# Eigenvalues stored: 3385 of 3385
n,lambda_n
1,5.7498238748491648
2,11.311121966806468
3,14.827875505567881
4,15.513395729919836
5,20.701000461892868
6,26.472831228275584
7,26.983911699566598
8,29.112260379904335
9,34.007906422233646
10,40.429929254522953
11,41.274567864031781
12,43.602452239637273
13,45.763572766642881
14,48.83288683073242
15,51.211147707124361
16,56.356178676334082
17,59.971595399505631
18,62.273468268896515
19,64.610860723732813
20,65.958439890201845
21,71.328721605616948
22,72.483546640407354
23,75.78412126558689
24,82.57794223959776
25,83.302163644481197
26,86.691954548721156
27,88.786616804777552
28,89.635731425924973
29,95.258723957373149
30,97.827439393986751
31,99.066168519998683
32,100.77577713286742
33,108.1088890370854
34,109.26871850227337
35,111.09851936783181
36,111.85336604413988
37,117.21603925486919
38,118.31399364889776
39,124.24113970891189
40,124.66560498052974
41,127.89317534972918
42,132.06264303030432
43,135.20704978032333
44,139.31905591351239
45,139.40037529989382
46,139.4488406898937
47,144.55060344595501
48,149.5818200464976
49,150.96695621486629
50,154.82648373983727
51,156.34594707002452
52,160.75603613374997
53,162.51105878128806
54,166.08174324484784
55,170.28211290718551
56,170.94413022892999
57,172.47851682503901
58,173.26967200064888
59,175.2028036498813
60,181.15416806866907
61,183.93550582491497
62,184.97738585814173
63,189.2945428254047
64,191.56029756595197
65,196.6884144104778
66,198.08839143511784
67,200.52008079402796
68,206.51598844963664
69,208.74150982830344
70,209.869338178834
71,210.40136734006768
72,210.64993759315416
73,214.46556349250963
74,215.6185445793821
75,223.71588140234408
76,224.04707652649162
77,227.56958235901598
78,233.14522883264331
79,233.15624346552636
80,237.478732514939
81,240.09137794030971
82,244.54701064144879
83,246.46869067888159
84,249.83135792643611
85,250.74344627561683
86,251.66742498690874
87,252.34143761148826
88,252.90641319563355
89,257.79410149780415
90,259.49154303737504
91,265.65514048697514
92,268.97323208380601
93,269.53149198802237
94,271.92589573227633
95,273.72745661186542
96,280.38978782138071
97,281.90979937525094
98,287.39577652692435
99,289.99519393756043
100,290.68550491024484
101,292.16101882684342
102,294.03972011627167
103,294.86938274279834
104,297.53402325158413
105,300.04388181380949
106,305.42475894494765
107,307.46483854890585
108,309.99289281951837
109,310.66409396901486
110,314.0967970072254
111,315.8805796393591
112,320.35469452791102
113,326.4299482624553
114,328.19685311748788
115,331.99994062306075
116,334.86808882860515
117,335.35539613237398
118,337.5686888658131
119,340.50582496404951
120,341.73710367546465
121,342.94937760634497
122,346.44999759329517
123,350.59329483941559
124,351.24785237620256
125,353.85171875088685
126,358.53058205245503
127,360.14772165202447
128,360.73670201178129
129,361.66346160687652
130,364.93852684900588
131,372.8648279044898
132,373.07263096913459
133,375.52618049314248
134,378.48416737115673
135,382.59833077435343
136,384.56796952109971
137,386.36473731086591
138,387.50577507893979
139,390.80625242742786
140,392.23372730873177
141,396.88453557611933
142,397.44788794577386
143,399.62310054127698
144,403.14574906700244
145,406.55501265223745
146,409.41969286182899
147,410.79595653644827
148,415.72812714391728
149,417.10606644992271
150,418.14347449787527
151,420.32802428105526
152,422.42373895369025
153,427.45718949279285
154,431.32903491114661
155,433.81720015578196
156,436.43450995752124
157,438.28189535743456
158,440.61280917036993
159,441.69781675505607
160,444.20850023565418
161,445.10839686632312
162,447.3580269798357
163,454.43344341359165
164,454.62332647546759
165,457.75113444307527
166,462.98831785451461
167,464.57465874173874
168,465.47026774726993
169,466.9288168143338
170,469.35799081805965
171,471.32226123715196
172,474.49528838074275
173,478.36972136103691
174,480.30675318792515
175,482.54158517946433
176,488.21594913726079
177,488.60581122312527
178,490.95900489735982
179,492.30746256123621
180,493.95640538978796
181,495.26519199905391
182,498.39338016017371
183,500.00820859227036
184,501.50799546445523
185,504.79838801284694
186,511.43693393473552
187,512.66604990816438
188,516.50734293672247
189,518.38978844118242
190,518.94560662546746
191,522.41070885719171
192,522.96748978444225
193,526.72542081867664
194,529.80399568426583
195,532.540185926503
196,539.89018423168227
197,540.96093064952856
198,542.68407800027455
199,544.1863095028466
200,545.30746508348057
201,545.6983568471569
202,550.54355442830536
203,551.50492090092484
204,551.80103711225661
205,554.4039371160917
206,557.14956166802256
207,560.78578610557781
208,561.92309711407688
209,569.48407222343383
210,569.82543344234409
211,571.76560533450993
212,575.66016511222631
213,576.98473826194117
214,580.96969890435219
215,581.61426277469889
216,582.88447625837375
217,586.43870248130372
218,592.25244062394233
219,595.571819038277
220,597.03680542733923
221,597.76628447615292
222,601.92624239985196
223,603.19325012658896
224,604.64751351306563
225,607.1208392613886
226,609.18713329152979
227,610.66150620957774
228,612.87995632862715
229,613.77006410142621
230,613.93327653894164
231,617.63488840470359
232,623.12353839367734
233,623.61066091724467
234,626.34580658015602
235,628.487419274432
236,632.41505397738911
237,633.27917132046537
238,638.39592434215558
239,638.56357112026694
240,641.32963585660059
241,646.34596929807492
242,647.63460987355415
243,649.64740094132219
244,651.98150278970036
245,654.62930129984909
246,656.08133916614622
247,662.73694528708234
248,665.46775648144501
249,666.58260559739551
250,667.41770007913601
251,668.9358284307591
252,673.5765320277477
253,674.77783537540574
254,676.95943467455209
255,677.2964362341952
256,680.27734374159797
257,682.42425305134725
258,683.37863985213289
259,686.08021832801796
260,687.59613148825883
261,689.18623554807891
262,696.58592176435423
263,697.49349587047789
264,698.7008671894863
265,701.09897543463342
266,707.6584279583376
267,709.63477234511311
268,711.03257413636288
269,712.6014942247765
270,715.9853021595452
271,716.03807317845508
272,718.72804063360536
273,722.59875093597793
274,727.27084274374829
275,729.63900911903863
276,731.50198650222319
277,735.06173526923772
278,737.92206866100923
279,738.8783286141545
280,739.805871220477
281,739.84789449008383
282,742.04144732393797
283,743.13916101330847
284,745.63372339546527
285,748.03683175718527
286,749.35788702401067
287,752.3339324460427
288,756.45370117395044
289,757.16181042563892
290,759.58723430435066
291,762.12854481375302
292,767.24712600875546
293,769.63861330793077
294,772.39717261294447
295,772.45289626516933
296,773.83678725479513
297,776.51725909106256
298,780.62616071456387
299,781.58779739546765
300,784.54195416527341
301,785.57372399924645
302,792.83902943364342
303,795.31625355764095
304,797.31718026854742
305,798.1660571400181
306,798.9666687497886
307,802.42484237266217
308,806.81399531181262
309,806.97975806094928
310,807.38045177112224
311,807.7006199381882
312,810.24942909758101
313,815.28207918346288
314,815.39208987051688
315,817.1030000320236
316,823.46738498832144
317,825.73015777054479
318,826.78096926642195
319,828.96990644246728
320,830.35251690125426
321,832.47913782033959
322,833.64565113443609
323,835.76146780251281
324,837.49929033857154
325,840.58288632723929
326,847.7118381524507
327,848.25729989556112
328,852.02435167452609
329,852.61739399015278
330,853.29820414345863
331,860.2196149457759
332,862.09132917097008
333,863.13092930062044
334,864.72448936419823
335,866.19097053002838
336,869.76046904852512
337,874.28701434216407
338,875.02926207825874
339,876.2714055760656
340,876.76211939904033
341,877.18405394084448
342,878.86007579179045
343,884.92380809215933
344,887.5972300216423
345,889.38636373109432
346,893.48930596747391
347,894.03650216181904
348,895.58413006827936
349,898.09033273624345
350,898.5047510415684
351,900.90949177781465
352,902.81183565394394
353,904.49238268440831
354,906.03597531847959
355,909.10587757247515
356,910.53408265428163
357,916.66357646293068
358,919.07712747172536
359,921.47922673673895
360,925.26615344969866
361,927.03382270607563
362,928.9145740405927
363,930.25205556590936
364,930.61380877255897
365,932.486142919607
366,933.58481421579768
367,938.84442824056237
368,942.54643147418699
369,943.49883315126829
370,945.67713129492734
371,948.59774121466523
372,949.64757312796735
373,950.86037085771056
374,954.14619605371377
375,956.13213698101572
376,959.38419112236397
377,960.14340358349375
378,960.98289162196522
379,964.74325011752069
380,965.75182702450491
381,968.31488689733033
382,970.81557212989287
383,974.42409397613983
384,975.11571807527514
385,976.37653752051426
386,981.526684245757
387,983.09570307552644
388,984.97424041501665
389,990.16294153059891
390,990.53068310783726
391,991.37157652208589
392,993.44290205897607
393,995.50084075519931
394,999.61927072606613
395,1000.1831875465426
396,1002.3582175866385
397,1006.2325296344771
398,1007.0250049835724
399,1011.0267318104328
400,1011.3414046895842
401,1013.5688056042147
402,1019.1859483172559
403,1020.0603466892176
404,1024.684847457497
405,1024.8737603564962
406,1025.4193674157798
407,1027.6639888147827
408,1029.8493770078514
409,1029.8902507378382
410,1032.962224988109
411,1035.3351112543119
412,1038.1682446717564
413,1040.5993026238652
414,1041.3372877016795
415,1043.505547510518
416,1048.3093733146864
417,1050.6986762884017
418,1051.4725403139951
419,1054.7062032333565
420,1058.3187852998003
421,1059.1205920212562
422,1059.7981458738732
423,1062.3032402016377
424,1063.2526575532554
425,1066.0003151310216
426,1068.2225176740756
427,1070.0436278960658
428,1071.1631842454508
429,1075.0469832816052
430,1077.4633839677283
431,1078.451534870853
432,1080.800102241828
433,1083.3487219387714
434,1084.0738314701143
435,1090.7947164897523
436,1091.7641301798719
437,1093.6586822472066
438,1096.5292272456502
439,1096.9221684422967
440,1098.2476156422968
441,1100.7082086315061
442,1103.8756764664113
443,1104.4764580155033
444,1108.9874217988113
445,1109.8475605456708
446,1111.0304628021579
447,1112.4543546517405
448,1113.6021108157004
449,1114.8973675293173
450,1120.4712642551854
451,1122.3348210195895
452,1126.7705619012036
453,1128.0202587738811
454,1128.8797941575747
455,1133.0691605772929
456,1134.2325180461646
457,1135.3468308518677
458,1135.6552023636686
459,1140.9057673931484
460,1143.9651004065749
461,1145.0657547291671
462,1146.1864648600747
463,1147.083367694956
464,1148.8023440463455
465,1152.44247189732
466,1155.029953524519
467,1157.0433097619659
468,1158.0310561417284
469,1159.9895632013195
470,1161.5443146366363
471,1163.270963346454
472,1167.7070262583293
473,1167.9886718020505
474,1171.9990257794254
475,1172.7293318972775
476,1177.8285533356998
477,1180.9020431629801
478,1181.4446499835506
479,1184.2159548074496
480,1184.9400644878442
481,1187.620481230769
482,1188.204992463058
483,1190.9184801340921
484,1192.2673987010178
485,1196.0002495913222
486,1197.4918779366744
487,1198.6819775429617
488,1198.8753792159614
489,1204.0677380421823
490,1206.7553656944233
491,1207.5518846736511
492,1209.0665722130029
493,1210.0065760413108
494,1210.728589959052
495,1217.0791910186954
496,1221.0745548733457
497,1221.5171409112579
498,1222.8545895572508
499,1225.3032355402122
500,1229.062818965552
501,1229.7088735750035
502,1230.2181252056414
503,1233.2199354870795
504,1233.8905044209671
505,1234.608754269336
506,1235.5915249322363
507,1239.0030829945654
508,1241.6478985313399
509,1243.3711254978402
510,1244.5584480125954
511,1246.7149224567208
512,1250.6936735663992
513,1254.5280936337631
514,1256.7928497540302
515,1258.005560856913
516,1259.1012785648404
517,1263.1287831185132
518,1266.3555600182906
519,1267.0915443743995
520,1268.2902509837324
521,1268.3693803220797
522,1269.6258995113653
523,1274.5400733563213
524,1275.5529852199058
525,1277.202044312349
526,1279.269915140555
527,1281.0300078186235
528,1283.9664192136058
529,1286.1552526338314
530,1287.24177580175
531,1289.4149613960249
532,1290.4851196674576
533,1296.8285551880631
534,1297.895703738581
535,1299.6775965286461
536,1300.7656300744782
537,1301.07246227275
538,1306.0908438003521
539,1310.2678464112146
540,1310.4055005560124
541,1310.5742836555455
542,1312.8756216333873
543,1313.973341167723
544,1316.1291444226383
545,1319.6127655293863
546,1321.4140860645496
547,1321.4998574171777
548,1322.8866987653255
549,1325.1294597363183
550,1331.576102600907
551,1332.2636045380616
552,1332.4044997316344
553,1335.2026031894998
554,1338.3643949837281
555,1339.4055791050189
556,1341.2194976313924
557,1341.8171773481338
558,1347.1369862726112
559,1347.5924271478166
560,1350.7749053593732
561,1351.4002246436967
562,1352.3144612032615
563,1356.5458282532843
564,1359.2853803846176
565,1360.9595657724728
566,1362.6177365368587
567,1364.8951310206066
568,1365.5943357911872
569,1368.8335347859233
570,1370.0258149018916
571,1372.1203549976663
572,1372.5587918102885
573,1375.4173610916573
574,1376.7572167803023
575,1377.383501357876
576,1378.7749133476202
577,1385.5076292353801
578,1386.633199020232
579,1387.5595046318961
580,1388.3358896362497
581,1391.6621289065743
582,1392.1038914928979
583,1394.5106181332574
584,1396.8030423082712
585,1397.4655708134619
586,1401.1152460930136
587,1402.2272587174455
588,1403.5891543514865
589,1407.5143144363269
590,1409.9822471679686
591,1412.4897874441374
592,1413.4719457065944
593,1416.6453755747546
594,1416.7355172699467
595,1417.889073187946
596,1419.9640977312956
597,1421.0624661932868
598,1425.8396022808997
599,1426.1952430175497
600,1429.1332053670719
601,1430.5053411000031
602,1431.1473564176301
603,1435.4829223043796
604,1436.3443037801017
605,1439.5806700189553
606,1441.0421987803206
607,1444.0580301826135
608,1445.2027311224429
609,1446.3491931014041
610,1447.4601220368813
611,1448.6016472978208
612,1452.9573510352163
613,1455.56267268339
614,1456.9160088529893
615,1457.2597567633827
616,1458.3992545837223
617,1460.4374414038632
618,1461.7305704277107
619,1464.791701896414
620,1468.9812266304214
621,1470.0794985751077
622,1470.726684522763
623,1474.1837124556678
624,1476.9151445322093
625,1476.9654489894413
626,1480.2852398385276
627,1480.6984649034277
628,1482.5387405765712
629,1485.9685985344902
630,1486.075518053286
631,1487.8828666368688
632,1488.4319491414394
633,1494.8926594740847
634,1495.7099289600992
635,1496.4841147058698
636,1500.9013857434461
637,1502.6693360075592
638,1503.285317519998
639,1505.3884560260824
640,1506.1496494861685
641,1508.3691304758729
642,1511.6083148470359
643,1513.9554419147737
644,1514.9092877728438
645,1515.8947858107358
646,1517.2062135556564
647,1520.1308243805245
648,1522.72774500582
649,1525.0783823856054
650,1526.5927998589307
651,1527.6729312971263
652,1530.7785011623507
653,1533.9304297043891
654,1534.7025189505227
655,1539.6880077544431
656,1539.8892434107856
657,1541.1742426230603
658,1541.6648867069487
659,1543.4115268036908
660,1545.577170905312
661,1546.4274222032432
662,1549.1251567917359
663,1549.514391283077
664,1551.5639557351183
665,1554.6593321334085
666,1554.8858497727178
667,1558.3196845863235
668,1561.0232190702991
669,1561.9562157144994
670,1562.8098695518424
671,1565.3493025859309
672,1566.8411988805578
673,1567.7537765596553
674,1570.7338516619577
675,1574.2297670643713
676,1577.4081042214698
677,1578.5090684884669
678,1579.0374007943826
679,1580.9707521912769
680,1582.7112800181912
681,1583.5200247231528
682,1586.316255093227
683,1589.5060688405024
684,1591.3321072747442
685,1591.7888900665855
686,1594.6241651471714
687,1596.6805728535364
688,1597.3785057656621
689,1599.1853992819306
690,1602.9605003646002
691,1603.617478018462
692,1604.0965518950065
693,1607.5444669294709
694,1608.5978509913257
695,1610.9259175321663
696,1611.4187255326756
697,1612.6617861843758
698,1616.8128094922608
699,1616.938087898239
700,1619.797067791902
701,1622.1027680020472
702,1625.4218036860589
703,1628.2666210106891
704,1628.3610222545817
705,1629.5479138821618
706,1632.389453413135
707,1633.9216638508108
708,1634.7497436057172
709,1635.855855332569
710,1636.4498648281522
711,1639.5386263460814
712,1641.1672943154683
713,1645.0630411333238
714,1647.6765646840638
715,1647.750508465643
716,1649.771035201074
717,1651.2630744043597
718,1653.4044536856507
719,1654.1799302671236
720,1655.9032427596887
721,1657.6331049340642
722,1659.656593613591
723,1662.5864757715428
724,1662.6137785389437
725,1664.5289073933311
726,1664.7762615797367
727,1670.1546407675689
728,1674.4021110498729
729,1676.0166240202921
730,1678.8187662084495
731,1679.450671311861
732,1680.0056321081568
733,1682.1861459320767
734,1684.5739450205119
735,1685.3752257794642
736,1687.1290413120428
737,1687.5562266486938
738,1689.7995756906071
739,1690.2793889014606
740,1691.7562046493526
741,1692.6991863446508
742,1694.3170527174434
743,1698.1899014408789
744,1702.2156999930787
745,1705.3662674423122
746,1706.8768330757653
747,1708.6434484706558
748,1710.9542364745537
749,1711.8475545851873
750,1712.1023763837304
751,1712.4950114405267
752,1715.2978615355778
753,1715.943097239654
754,1718.1849533480015
755,1719.772123031556
756,1720.9540776420342
757,1726.5250965348919
758,1727.9656791567313
759,1729.2251441192443
760,1729.8739193078491
761,1732.362494875425
762,1734.8147643148359
763,1734.8735348253767
764,1735.7708100240607
765,1739.1523120137335
766,1741.3534029888515
767,1741.8111528592262
768,1742.9379312569938
769,1743.0623785976472
770,1744.7190119251504
771,1747.9143426246735
772,1749.8527605800132
773,1752.5619183757647
774,1752.5848825985854
775,1754.4252264387762
776,1756.7516147125618
777,1759.7550213983509
778,1761.1659306527549
779,1763.6314350172315
780,1766.4599068490195
781,1769.1927725701864
782,1769.2607848990697
783,1770.2893051796334
784,1774.0232701652133
785,1774.1997461389606
786,1777.8776077539515
787,1777.9680300472442
788,1780.5924132384951
789,1780.6246984530815
790,1781.7897900295343
791,1784.2769458525136
792,1785.9550405103107
793,1788.8988836240433
794,1789.6527718045022
795,1791.6935271551756
796,1792.7303256196349
797,1793.5338834379613
798,1795.9418537746842
799,1797.7492618729268
800,1799.0166345131765
801,1803.1886014127056
802,1803.7097890683963
803,1804.366880644252
804,1807.6274801446134
805,1809.0669792606161
806,1812.8368120584594
807,1812.839196941562
808,1814.6138407103558
809,1814.9995094555964
810,1817.4379829275019
811,1817.4858149077265
812,1819.9361779228132
813,1823.0383831743463
814,1823.0620240232913
815,1824.8816297943752
816,1827.5904157308064
817,1830.5802983284686
818,1835.2043032230938
819,1836.8448708906778
820,1837.0034327640753
821,1838.3266666058837
822,1839.5920562193617
823,1840.2272609049969
824,1842.2899369430656
825,1842.6084073823001
826,1843.400504925555
827,1845.1355438891158
828,1847.7171624205375
829,1850.1190085886528
830,1850.9889489234272
831,1852.9122009462658
832,1853.9050241693683
833,1860.1888502303959
834,1861.9583581455188
835,1865.2316058931679
836,1865.9994797225556
837,1866.1729012598862
838,1869.328726860045
839,1870.0398653441746
840,1871.5456715528121
841,1872.5444317139354
842,1874.0841776293469
843,1874.3318114874048
844,1875.5379096579297
845,1876.2684165436624
846,1877.6613791813975
847,1882.4944889527258
848,1884.0404951086321
849,1885.6820433190601
850,1886.8028580718294
851,1888.2048656295055
852,1889.1423345106007
853,1891.0540586720006
854,1891.7731180840774
855,1895.9323113095336
856,1896.8451881397634
857,1898.1937856889745
858,1900.1733252220879
859,1902.4650520009102
860,1903.3904189129889
861,1904.487709550056
862,1906.9810500196595
863,1907.4861138112665
864,1909.4908403051334
865,1910.1746906236681
866,1913.92934474443
867,1914.4065676186424
868,1917.2116249578489
869,1917.9971864602617
870,1920.2507143113671
871,1920.3194332005223
872,1923.0644106802656
873,1923.2504045971164
874,1925.4503384546283
875,1927.6686660529833
876,1929.2067694853406
877,1932.1180746745717
878,1934.7383501666823
879,1937.1376362360231
880,1937.9648792174637
881,1939.4772311242668
882,1940.1327127943239
883,1941.3599322274001
884,1943.1399056286202
885,1944.0052428757288
886,1947.411496662698
887,1948.97162544552
888,1949.287479785537
889,1951.9920404726913
890,1952.9044059062712
891,1953.6973337648826
892,1957.7402654685154
893,1959.7809699645945
894,1960.2029655893543
895,1963.0211963922168
896,1963.205922023089
897,1965.2656764305341
898,1965.3533549930646
899,1968.5274488947769
900,1970.9714653677343
901,1971.6865115993432
902,1971.9400389785758
903,1975.607818612147
904,1976.9561236475761
905,1977.992572992639
906,1979.4045319161157
907,1980.0709589312164
908,1981.5803453605861
909,1982.4959584549331
910,1985.3982735873196
911,1986.4551086591862
912,1987.1301723535248
913,1992.6223673307729
914,1993.1259464667564
915,1995.1752672720568
916,1997.988272299918
917,1999.2430313586874
918,1999.6479611266564
919,2000.2886248701966
920,2002.1638102262973
921,2003.5975892546508
922,2004.2857243697288
923,2005.1150005226336
924,2007.1936101388289
925,2009.5646659801293
926,2011.2048524795896
927,2013.5982609299319
928,2014.273446462525
929,2015.7035748463611
930,2021.7016093929087
931,2021.8554421218023
932,2023.0142984878357
933,2025.2434076362231
934,2026.7982556717518
935,2029.4611294028075
936,2030.4327211483512
937,2031.2179263828752
938,2032.2844620858843
939,2034.4189175185172
940,2034.7086039298003
941,2035.7147728273142
942,2039.3566499084905
943,2039.9379928903891
944,2041.927937761008
945,2042.2468538910432
946,2045.4677383634589
947,2046.3845264783131
948,2047.0309069624661
949,2047.9113281218029
950,2049.6906317803018
951,2050.5269608584254
952,2051.9866249289203
953,2055.5576154803844
954,2055.9551835787711
955,2057.7338892375319
956,2059.5967174182097
957,2061.9960207490803
958,2064.136323275945
959,2065.2255602680816
960,2066.3385797691949
961,2067.8571208508552
962,2068.0487405701469
963,2068.998980663755
964,2073.3849749853807
965,2074.5296213579959
966,2075.3426935520897
967,2076.6112747400703
968,2077.931658484466
969,2079.2392552660367
970,2080.1693863946439
971,2082.7464503360843
972,2083.1727934831538
973,2086.5527157137735
974,2088.4120619387086
975,2089.3378571538919
976,2090.5569912471383
977,2095.1848854955761
978,2095.7084983874006
979,2096.2853662757548
980,2098.715368203761
981,2100.5283351567405
982,2101.0491638629778
983,2102.0431606103443
984,2102.9758821885516
985,2105.1829459106052
986,2106.061556882089
987,2107.6065742392393
988,2108.5220884144801
989,2111.04998159564
990,2111.9971515443121
991,2119.2069574785728
992,2119.8619933975287
993,2120.4967695951054
994,2120.7277026499228
995,2120.952167685035
996,2122.2449033214361
997,2124.1779631729837
998,2124.7795893010448
999,2125.2112292221273
1000,2127.8008167133135
1001,2127.9750535693288
1002,2132.3471699705678
1003,2132.4252349304488
1004,2135.7297886513916
1005,2137.2011690143659
1006,2138.5862996246356
1007,2141.3153199720823
1008,2141.6862617744682
1009,2143.1802286958678
1010,2144.6680651745664
1011,2145.1761588923455
1012,2145.6655518534099
1013,2149.6124975018897
1014,2150.8069360908162
1015,2151.8278720692065
1016,2154.2173079360473
1017,2154.3965989173121
1018,2156.0086124374898
1019,2157.818932723776
1020,2159.2865838117568
1021,2159.6729812364915
1022,2160.7353094816172
1023,2162.8042820803735
1024,2163.4104544656216
1025,2165.8903159155175
1026,2167.6583662731887
1027,2171.3591712295811
1028,2171.8598470159918
1029,2173.8736531820755
1030,2175.4939221785885
1031,2177.0764132699846
1032,2178.9061111450978
1033,2179.3413248799734
1034,2181.2915125257773
1035,2182.4833510848844
1036,2183.0608609771607
1037,2186.5218056772478
1038,2189.0868081322128
1039,2190.3434294907888
1040,2191.8914693064453
1041,2192.6633506030885
1042,2193.0387345161676
1043,2194.7628157434442
1044,2195.4519046604109
1045,2197.200354256634
1046,2197.6832424549843
1047,2199.7233409159185
1048,2202.0171595272677
1049,2203.0130501507429
1050,2203.5972736437416
1051,2204.5048844413263
1052,2207.2135522259264
1053,2207.4608038715237
1054,2208.988284710988
1055,2212.2978871430619
1056,2213.2630589745686
1057,2213.517579937462
1058,2213.9035232111059
1059,2216.0418519508867
1060,2218.3450746416615
1061,2220.0774304523816
1062,2220.5575890714736
1063,2222.7283364642835
1064,2224.1535268838993
1065,2224.9410080475868
1066,2227.8733928240877
1067,2230.1912817740831
1068,2231.5785991209118
1069,2233.9228422921751
1070,2234.9460046365853
1071,2235.8816743840475
1072,2236.590504215435
1073,2236.8192047537455
1074,2238.4649210095354
1075,2240.1226129172278
1076,2242.5015361858623
1077,2243.9589798138331
1078,2244.8563349309734
1079,2246.7988459938342
1080,2248.1432842487293
1081,2249.3044238121374
1082,2250.1743776638787
1083,2250.2782744053625
1084,2253.3553121611658
1085,2253.374406413649
1086,2255.9752599695521
1087,2257.1193503201239
1088,2258.9553288964662
1089,2259.4076402563887
1090,2264.2113554440075
1091,2264.6902466067695
1092,2265.1165195755234
1093,2267.5269664023663
1094,2269.8331039883665
1095,2271.0705955444323
1096,2271.4703707829635
1097,2274.2359085351404
1098,2275.7332797588383
1099,2275.907497379415
1100,2278.097459202274
1101,2278.2095436660065
1102,2279.6103673702237
1103,2281.5011967169658
1104,2284.3687669161513
1105,2284.9890562904488
1106,2286.0840645590611
1107,2288.2340125458827
1108,2288.4978523951354
1109,2289.2162753193534
1110,2291.3768719217287
1111,2292.129859366084
1112,2293.120519057833
1113,2294.1508321644123
1114,2294.9641268701994
1115,2296.1809162070576
1116,2298.1878488262196
1117,2300.8588151149042
1118,2302.3412052047911
1119,2303.302333166519
1120,2304.0255305250539
1121,2306.4021682202942
1122,2307.0580711741645
1123,2309.3655274519224
1124,2310.0992899137004
1125,2311.6397140314216
1126,2311.9830156511402
1127,2314.0720821929649
1128,2316.7561383334614
1129,2317.7633601259572
1130,2320.3285048974931
1131,2322.3249194651039
1132,2322.7653589097586
1133,2324.80869920139
1134,2326.2352619893395
1135,2327.5783361314125
1136,2329.0305417552718
1137,2329.8717378420261
1138,2331.8224309171092
1139,2333.6729726613257
1140,2334.7214283350745
1141,2335.4018025151913
1142,2336.7797671869785
1143,2337.2612311020844
1144,2337.3969358922159
1145,2341.0579279146718
1146,2342.4731989004549
1147,2344.1732491230327
1148,2344.2344537422
1149,2345.1111072183562
1150,2346.9403714884975
1151,2347.1883641051909
1152,2348.9832424394826
1153,2349.7109401491193
1154,2350.6642049763923
1155,2351.2889513349696
1156,2354.3381172893996
1157,2356.976141511971
1158,2358.1424710758229
1159,2358.187325712142
1160,2360.6672847524596
1161,2361.6687640773416
1162,2363.6456132817398
1163,2365.1476511568749
1164,2365.8819003618828
1165,2367.5908221083318
1166,2368.6635120766773
1167,2369.207254823415
1168,2371.2054560850906
1169,2371.9934721608206
1170,2373.5075345367377
1171,2375.0951633801651
1172,2377.7625907670085
1173,2377.9546899028505
1174,2379.7785632385285
1175,2381.7492860198231
1176,2382.8961570339216
1177,2383.4166313632522
1178,2386.8791397972113
1179,2387.3727788757283
1180,2387.6349730467896
1181,2389.8630438732403
1182,2391.8603941189249
1183,2392.7420146154018
1184,2392.8323779845323
1185,2394.7185141328196
1186,2396.5179956034694
1187,2397.3325382868675
1188,2398.1635600890886
1189,2399.6253909629704
1190,2400.9652997344333
1191,2401.3463400701426
1192,2402.6238674965093
1193,2404.6664037065889
1194,2404.8864882645917
1195,2408.2824173971117
1196,2408.4414190775997
1197,2411.5297437880567
1198,2412.802489120636
1199,2415.8677956429988
1200,2417.0328594455955
1201,2417.4925482280987
1202,2418.0036618839226
1203,2419.6121401526248
1204,2420.7202777168659
1205,2421.70276950689
1206,2423.0731721371212
1207,2423.5782113450305
1208,2425.0612212927081
1209,2425.5315119321863
1210,2428.7247312989689
1211,2430.5168781841126
1212,2430.9081709839052
1213,2431.7768934327746
1214,2433.955543116756
1215,2434.9489902341229
1216,2435.0883062384341
1217,2437.4073267328677
1218,2438.87194503009
1219,2439.6309559577458
1220,2440.1649218798511
1221,2441.3374814488807
1222,2444.9950911831602
1223,2445.6739502004866
1224,2445.8263345854925
1225,2447.2816623955127
1226,2447.6993331441377
1227,2449.3616257433901
1228,2450.9901488638825
1229,2452.6628609916543
1230,2453.9327232210203
1231,2455.723877904155
1232,2457.3142181917206
1233,2458.4404766271546
1234,2458.8980291378034
1235,2460.7006687878875
1236,2462.649724516154
1237,2465.4742217757848
1238,2465.9152209499621
1239,2465.9404716318454
1240,2467.556616440892
1241,2469.122030857563
1242,2469.973555535074
1243,2470.5522012267352
1244,2471.5165679690504
1245,2474.1486196120395
1246,2475.2917730870176
1247,2475.8692618311115
1248,2477.2482577167007
1249,2478.7238061845906
1250,2478.9767427649699
1251,2480.8620869192941
1252,2481.4193178184751
1253,2483.5775437965613
1254,2483.8381517100315
1255,2485.3088644965082
1256,2486.0004667178114
1257,2487.6201221266178
1258,2488.6061480401113
1259,2488.6273084585719
1260,2489.3529046475423
1261,2492.4469804940104
1262,2493.2651054080948
1263,2493.808684336735
1264,2494.6683671033611
1265,2497.2164473310854
1266,2499.7585572349562
1267,2499.8751705558479
1268,2500.5736535922988
1269,2502.2712512865501
1270,2504.6310382432512
1271,2506.1129870941108
1272,2506.5466199218336
1273,2507.4420645572723
1274,2508.7580989691464
1275,2509.8582002114927
1276,2510.6847895436881
1277,2511.8887567559191
1278,2512.8584891286118
1279,2513.4542813500084
1280,2515.6934976562811
1281,2516.4367456155273
1282,2519.0835535091392
1283,2522.4027961837928
1284,2524.2026731164351
1285,2524.6704589049318
1286,2525.309288709595
1287,2525.3260950802182
1288,2527.7617193116312
1289,2527.8027410190743
1290,2528.4195981430858
1291,2529.2160097982683
1292,2530.9520454644153
1293,2532.9207365755155
1294,2533.427361442959
1295,2536.0191258400873
1296,2536.2378066164747
1297,2537.0738286225933
1298,2538.5090477674366
1299,2542.1587546405403
1300,2542.5000096737353
1301,2543.4809091479033
1302,2545.0346207346938
1303,2545.4024313779842
1304,2546.4106723396035
1305,2546.9530065223503
1306,2548.3710989547026
1307,2549.9116834637939
1308,2550.0253568003859
1309,2552.1005200971476
1310,2553.1869540251032
1311,2555.0293818072032
1312,2556.3615478481997
1313,2558.4950789304521
1314,2560.1112289947978
1315,2560.6626471377185
1316,2561.924358743709
1317,2562.4067135263622
1318,2563.6173625715442
1319,2564.7731004353554
1320,2567.1434154748772
1321,2567.3267054895095
1322,2568.8161669748365
1323,2569.3470058050289
1324,2570.8197619666075
1325,2571.3902248950376
1326,2572.8177451159745
1327,2573.4795677418119
1328,2574.212790042664
1329,2574.6731297521346
1330,2577.8711369127409
1331,2578.6291415566507
1332,2578.8398508532377
1333,2580.8157201040926
1334,2582.4075255376961
1335,2583.5272194960394
1336,2583.9128179631866
1337,2585.427813145549
1338,2585.5231181949848
1339,2587.3065101940829
1340,2587.8376375444191
1341,2588.7764697363759
1342,2590.7675059404573
1343,2592.1535569400271
1344,2593.392447215148
1345,2593.8627630800356
1346,2594.3929675392528
1347,2595.9983455541183
1348,2597.7438740489979
1349,2598.217857599328
1350,2599.7410639821887
1351,2601.4178586918338
1352,2604.8516709470318
1353,2605.21785032146
1354,2605.7535907095335
1355,2608.0405807898819
1356,2608.1278411398384
1357,2609.6523640171913
1358,2611.2066124736207
1359,2612.4665643010294
1360,2613.6327615301425
1361,2614.2635694448377
1362,2614.2704405681206
1363,2615.4665555521392
1364,2617.590830680218
1365,2617.8913522671096
1366,2619.342486072243
1367,2620.3864693802675
1368,2621.7659859069568
1369,2621.9038810526949
1370,2625.8298219661342
1371,2626.0862743991088
1372,2627.8025385980545
1373,2628.1794995136356
1374,2628.9418018975107
1375,2629.7058302302853
1376,2630.9345639523813
1377,2631.2262130641598
1378,2632.942555768388
1379,2634.370182577245
1380,2634.4918842943275
1381,2634.813256902135
1382,2637.9763603074398
1383,2638.6940036824808
1384,2639.2320536822076
1385,2639.8526478404269
1386,2643.1404840721038
1387,2643.1949286053009
1388,2644.7221266875358
1389,2645.9697866930242
1390,2647.528410059399
1391,2648.7900829644618
1392,2649.8303582562012
1393,2650.9605757406703
1394,2651.0680647682898
1395,2651.8488115590644
1396,2653.2493582439151
1397,2654.7389540338586
1398,2655.1349835098972
1399,2656.0271183668524
1400,2657.1818138562926
1401,2658.3603912985295
1402,2660.1237930055031
1403,2661.0610717241461
1404,2661.5216180714451
1405,2662.4857143203467
1406,2663.1925457335255
1407,2663.9342517361752
1408,2664.5489893276094
1409,2666.1945729066047
1410,2666.3410932568954
1411,2668.2115887647446
1412,2669.8351036448207
1413,2670.3313508628671
1414,2671.2268972833303
1415,2671.4090213982945
1416,2674.2082420854022
1417,2676.7565865177139
1418,2676.9188900096742
1419,2677.907009901226
1420,2680.4311630787365
1421,2680.9604744256494
1422,2681.6642317639639
1423,2683.0730809578022
1424,2683.2304954336219
1425,2683.4175566817489
1426,2685.2131558782962
1427,2686.4899142840663
1428,2686.552434050534
1429,2686.6593980308012
1430,2689.9124907146961
1431,2690.1111108799387
1432,2691.6746887718805
1433,2692.6380806260181
1434,2693.0643057049342
1435,2694.1728065970665
1436,2694.7445195711548
1437,2695.6721156252788
1438,2697.7325779000939
1439,2699.1555699485116
1440,2700.1332402542571
1441,2700.4714950272869
1442,2702.6232197077279
1443,2702.6364775859024
1444,2703.5687557572264
1445,2706.1717169256476
1446,2707.8352235901275
1447,2707.946786068896
1448,2709.4149452325728
1449,2710.3498724763849
1450,2711.1136872767229
1451,2712.5209676469931
1452,2713.7116950698646
1453,2713.8595114300947
1454,2715.021551240553
1455,2715.4391021354268
1456,2716.5919861715529
1457,2718.5998706545211
1458,2718.6190424935521
1459,2720.9248722665811
1460,2722.0096497276245
1461,2723.5424243912012
1462,2724.0672040973577
1463,2724.2680415980826
1464,2725.0583895050936
1465,2725.7178011503051
1466,2726.1856099450579
1467,2726.3353952363482
1468,2728.1476821514075
1469,2728.3506717821683
1470,2728.5724005715615
1471,2728.7169651645386
1472,2730.3984626324382
1473,2732.857896139582
1474,2733.1335435466094
1475,2735.8900893149839
1476,2737.1314192929035
1477,2738.6157185817542
1478,2740.1361520633159
1479,2740.3849885026443
1480,2741.5289320274728
1481,2742.456376473398
1482,2743.7636460367121
1483,2744.6622246365491
1484,2746.1152145150818
1485,2746.4939796606504
1486,2749.0326825065895
1487,2750.0435318029063
1488,2751.0379429040759
1489,2751.3264225143575
1490,2751.9157127999079
1491,2752.4677805772112
1492,2752.6862284741915
1493,2753.4236795632141
1494,2754.6591241116957
1495,2755.49782835525
1496,2757.2321517478126
1497,2758.0143620630452
1498,2758.7585974864069
1499,2760.9378703485463
1500,2761.1596757023849
1501,2762.6527432482435
1502,2763.947203343268
1503,2764.0103653539563
1504,2764.4678120727285
1505,2766.4298662648239
1506,2767.7271275634157
1507,2767.8154058679652
1508,2768.1385777988939
1509,2769.7270263580654
1510,2769.8864769482243
1511,2771.4259983457669
1512,2772.8226513814534
1513,2774.2523078040904
1514,2774.7304373168563
1515,2774.8443984371497
1516,2775.5935550845575
1517,2777.5609470452532
1518,2777.7601190238465
1519,2779.2087237773994
1520,2780.3839453470723
1521,2780.6382991703208
1522,2780.8673835035388
1523,2781.9134363260905
1524,2782.3497421026423
1525,2783.8354724137084
1526,2784.592817196864
1527,2786.1477717565322
1528,2786.9391048510615
1529,2786.9403494179137
1530,2788.021322303493
1531,2788.3033633982564
1532,2789.0155596952759
1533,2790.8243045864656
1534,2791.6563886591148
1535,2792.6671531804632
1536,2794.6621100551733
1537,2796.3968400270201
1538,2796.763821991849
1539,2797.3006081291246
1540,2798.6518368049783
1541,2800.685724118699
1542,2802.8482549446762
1543,2803.5724157097884
1544,2803.7112504940374
1545,2804.9022740484902
1546,2804.9023154936422
1547,2805.7347457731148
1548,2806.1547481729563
1549,2806.6361412609162
1550,2811.0309520275687
1551,2811.8608415626809
1552,2812.4579987862071
1553,2812.8874392121206
1554,2813.360391152999
1555,2813.7925274289919
1556,2814.9091120219746
1557,2816.1783035265503
1558,2817.1669784753135
1559,2817.3536009149493
1560,2817.4423967854377
1561,2818.628201528702
1562,2819.2308344429266
1563,2820.100651003148
1564,2820.4929992494308
1565,2821.8870661743476
1566,2822.6040443478564
1567,2824.220037889379
1568,2825.0873019049327
1569,2825.9263258356395
1570,2826.6688148892226
1571,2826.8001259726943
1572,2827.9027319131146
1573,2827.9985799545912
1574,2829.8008389860006
1575,2830.8104916736861
1576,2830.9993820161249
1577,2831.6305827423776
1578,2832.6036164292254
1579,2833.2871314400131
1580,2833.8353027150852
1581,2834.4035558372016
1582,2835.0985399439119
1583,2836.2734738033878
1584,2836.4461921186871
1585,2836.7837580908363
1586,2838.0890172537006
1587,2839.6791722495082
1588,2840.2565885665863
1589,2840.5964828309193
1590,2841.3354539291622
1591,2842.15262995792
1592,2842.6933116895384
1593,2842.7068169620911
1594,2843.032986410366
1595,2845.3520349460437
1596,2845.9450922658543
1597,2847.1032099177064
1598,2848.7839123915628
1599,2849.5334962136071
1600,2849.5744214964602
1601,2850.0054878827591
1602,2850.3857402707722
1603,2851.0403349134353
1604,2851.9702616222207
1605,2854.7704441075512
1606,2855.0684951142089
1607,2855.7743910733916
1608,2855.9429499033217
1609,2858.1237755372117
1610,2858.2942568250869
1611,2859.4680992900162
1612,2860.318484707916
1613,2861.8443034960351
1614,2862.9454642020341
1615,2864.1566803719966
1616,2864.7082705946245
1617,2865.2759373266499
1618,2865.4490886057943
1619,2866.4029915188212
1620,2866.6118001183081
1621,2867.929132499507
1622,2868.1699979891109
1623,2869.6718178707847
1624,2870.2060756283508
1625,2870.2700891788641
1626,2870.9805100916778
1627,2871.2283980589991
1628,2872.0732106301061
1629,2872.3086462708015
1630,2872.4982769704666
1631,2874.0002803617963
1632,2874.3427393018665
1633,2876.0944584159893
1634,2876.9716383175155
1635,2877.3218775308583
1636,2878.205964928296
1637,2878.6951126730314
1638,2879.7863407616696
1639,2880.7794725012736
1640,2880.8385773077298
1641,2882.1106416239222
1642,2882.1959910931014
1643,2882.9759201450015
1644,2883.725108855459
1645,2884.5654432945489
1646,2885.1662180220715
1647,2885.7493630777358
1648,2887.3662897835998
1649,2887.6785521680627
1650,2889.7818567138079
1651,2891.4048976248523
1652,2892.2792963974262
1653,2893.1624731640495
1654,2893.735947798395
1655,2894.1719812525243
1656,2894.5791782095498
1657,2894.7827864559654
1658,2895.8673902559053
1659,2896.359501363881
1660,2897.3910970964816
1661,2897.4566864855865
1662,2899.32708019853
1663,2899.7335210765627
1664,2900.2145177935618
1665,2900.8684046957233
1666,2901.0564755941073
1667,2903.3021727446912
1668,2903.4672173443309
1669,2904.127359911336
1670,2904.7781027016485
1671,2905.53979134253
1672,2906.0990011861086
1673,2907.1783415660802
1674,2907.238558284143
1675,2908.7035567234866
1676,2909.2360864403208
1677,2909.4643166373789
1678,2909.5276983126464
1679,2911.1986229541621
1680,2911.2621800254842
1681,2914.0019203298498
1682,2914.7267625005684
1683,2915.9999999999927
1684,2915.9999999999945
1685,2915.9999999999945
1686,2915.999999999995
1687,2915.9999999999973
1688,2915.9999999999973
1689,2915.9999999999986
1690,2915.9999999999991
1691,2915.9999999999991
1692,2916
1693,2916
1694,2916.0000000000009
1695,2916.0000000000014
1696,2916.0000000000018
1697,2916.0000000000027
1698,2916.0000000000041
1699,2916.000000000005
1700,2916.0000000000055
1701,2916.0000000000059
1702,2916.0000000000068
1703,2916.0000000000073
1704,2917.2732374994321
1705,2917.998079670152
1706,2920.7378199745153
1707,2920.801377045836
1708,2922.4723016873563
1709,2922.5356833626215
1710,2922.7639135596787
1711,2923.2964432765102
1712,2924.7614417158534
1713,2924.8216584339202
1714,2925.9009988138901
1715,2926.4602086574673
1716,2927.221897298351
1717,2927.8726400886608
1718,2928.5327826556677
1719,2928.6978272553056
1720,2930.9435244058914
1721,2931.1315953042795
1722,2931.785482206436
1723,2932.2664789234332
1724,2932.6729198014691
1725,2934.5433135144131
1726,2934.608902903517
1727,2935.6404986361181
1728,2936.1326097440947
1729,2937.2172135440342
1730,2937.4208217904479
1731,2937.8280187474761
1732,2938.2640522016068
1733,2938.8375268359482
1734,2939.7207036025729
1735,2940.5951023751468
1736,2942.2181432861903
1737,2944.3214478319369
1738,2944.6337102164007
1739,2946.2506369222642
1740,2946.8337819779281
1741,2947.4345567054502
1742,2948.2748911445415
1743,2949.0240798550003
1744,2949.8040089068973
1745,2949.8893583760769
1746,2951.1614226922698
1747,2951.2205274987236
1748,2952.2136592383285
1749,2953.3048873269672
1750,2953.7940350717022
1751,2954.6781224691426
1752,2955.0283616824836
1753,2955.9055415840089
1754,2957.6572606981331
1755,2957.9997196382037
1756,2959.5017230295302
1757,2959.6913537291975
1758,2959.9267893698898
1759,2960.7716019409991
1760,2961.0194899083199
1761,2961.7299108211332
1762,2961.7939243716492
1763,2962.3281821292148
1764,2963.8300020108891
1765,2964.0708675004907
1766,2965.3881998816928
1767,2965.5970084811784
1768,2966.5509113942044
1769,2966.7240626733492
1770,2967.2917294053755
1771,2967.8433196280034
1772,2969.0545357979604
1773,2970.155696503964
1774,2971.6815152920817
1775,2972.5319007099797
1776,2973.7057431749126
1777,2973.8762244627892
1778,2976.0570500966746
1779,2976.2256089266089
1780,2976.9315048857916
1781,2977.2295558924461
1782,2980.0297383777806
1783,2980.9596650865651
1784,2981.6142597292296
1785,2981.9945121172414
1786,2982.4255785035411
1787,2982.4665037863924
1788,2983.2160876084354
1789,2984.8967900822927
1790,2986.0549077341443
1791,2986.6479650539541
1792,2988.9670135896326
1793,2989.2931830379134
1794,2989.3066883104611
1795,2989.8473700420805
1796,2990.6645460708355
1797,2991.4035171690803
1798,2991.743411433416
1799,2992.3208277504909
1800,2993.9109827462999
1801,2995.216241909166
1802,2995.5538078813129
1803,2995.7265261966122
1804,2996.9014600560899
1805,2997.5964441627962
1806,2998.1646972849117
1807,2998.7128685599851
1808,2999.3963835707755
1809,3000.3694172576197
1810,3001.0006179838715
1811,3001.1895083263125
1812,3002.1991610139953
1813,3004.0014200454088
1814,3004.0972680868858
1815,3005.1998740273061
1816,3005.3311851107751
1817,3006.0736741643564
1818,3006.9126980950682
1819,3007.7799621106196
1820,3009.3959556521427
1821,3010.1129338256542
1822,3011.5070007505747
1823,3011.8993489968502
1824,3012.7691655570716
1825,3013.371798471298
1826,3014.5576032145568
1827,3014.6463990850484
1828,3014.8330215246824
1829,3015.8216964734465
1830,3017.090887978025
1831,3018.2074725710072
1832,3018.6396088470001
1833,3019.1125607878753
1834,3019.5420012137934
1835,3020.1391584373209
1836,3020.9690479724331
1837,3025.363858739081
1838,3025.8452518270396
1839,3026.2652542268856
1840,3027.0976845063569
1841,3027.097725951503
1842,3028.2887495059636
1843,3028.427584290213
1844,3029.1517450553256
1845,3031.3142758812978
1846,3033.3481631950203
1847,3034.6993918708763
1848,3035.2361780081492
1849,3035.6031599729804
1850,3037.3378899448221
1851,3039.3328468195341
1852,3040.3436113408861
1853,3041.1756954135335
1854,3042.9844403047246
1855,3043.6966366017446
1856,3043.9786776965116
1857,3045.0596505820822
1858,3045.0608951489357
1859,3045.8522282434715
1860,3047.4071828031297
1861,3048.1645275862911
1862,3049.6502578973586
1863,3050.086563673909
1864,3051.1326164964585
1865,3051.3617008296833
1866,3051.6160546529254
1867,3052.7912762226028
1868,3054.2398809761548
1869,3054.4390529547463
1870,3056.406444915443
1871,3057.1556015628453
1872,3057.2695626831401
1873,3057.7476921959114
1874,3059.1773486185466
1875,3060.5740016542327
1876,3062.113523051778
1877,3062.2729736419374
1878,3063.8614222011097
1879,3064.184594132038
1880,3064.2728724365834
1881,3065.5701337351738
1882,3067.5321879272738
1883,3067.9896346460405
1884,3068.0527966567347
1885,3069.3472567517565
1886,3070.8403242976101
1887,3071.0621296514523
1888,3073.2414025135959
1889,3073.9856379369553
1890,3074.7678482521851
1891,3076.50217164475
1892,3077.3408758883047
1893,3078.5763204367818
1894,3079.3137715258099
1895,3079.5322194227861
1896,3080.0842872000958
1897,3080.6735774856434
1898,3080.9620570959237
1899,3081.956468197096
1900,3082.9673174934082
1901,3085.5060203393505
1902,3085.8847854849214
1903,3087.3377753634536
1904,3088.2363539632825
1905,3089.5436235266025
1906,3090.4710679725245
1907,3091.6150114973548
1908,3091.8638479366841
1909,3093.3842814182385
1910,3094.8685807070929
1911,3096.1099106850161
1912,3098.8664564533879
1913,3099.1421038604167
1914,3101.6015373675614
1915,3103.2830348354582
1916,3103.4275994284362
1917,3103.6493282178371
1918,3103.8523178485902
1919,3105.6646047636541
1920,3105.8143900549412
1921,3106.2821988496953
1922,3106.9416104949059
1923,3107.7319584019187
1924,3107.9327959026405
1925,3108.4575756087997
1926,3109.9903502723714
1927,3111.0751277334184
1928,3113.3809575064488
1929,3113.4001293454794
1930,3115.4080138284435
1931,3116.5608978645682
1932,3116.978448759452
1933,3118.1404885699048
1934,3118.2883049301386
1935,3119.4790323530069
1936,3120.8863127232744
1937,3121.6501275236114
1938,3122.5850547674281
1939,3124.053213931109
1940,3124.164776409873
1941,3125.8282830743551
1942,3128.4312442427736
1943,3129.3635224140944
1944,3129.3767802922666
1945,3131.5285049727136
1946,3131.8667597457415
1947,3132.8444300514898
1948,3134.2674220999088
1949,3136.3278843747207
1950,3137.2554804288443
1951,3137.8271934029349
1952,3138.9356942950681
1953,3139.3619193739801
1954,3140.3253112281172
1955,3141.8888891200622
1956,3142.0875092853025
1957,3145.3406019691947
1958,3145.4475659494656
1959,3145.51008571593
1960,3146.7868441217051
1961,3148.5824433182506
1962,3148.7695045663745
1963,3148.9269190421978
1964,3150.3357682360333
1965,3151.0395255743515
1966,3151.568836921258
1967,3154.0929900987776
1968,3155.0811099903262
1969,3155.2434134822879
1970,3157.7917579145969
1971,3160.5909786017073
1972,3160.7731027166692
1973,3161.6686491371343
1974,3162.164896355182
1975,3163.7884112352535
1976,3165.6589067431037
1977,3165.8054270933926
1978,3167.4510106723919
1979,3168.0657482638244
1980,3168.8074542664731
1981,3169.5142856796497
1982,3170.4783819285553
1983,3170.9389282758516
1984,3171.8762069944978
1985,3173.6396087014737
1986,3174.8181861436997
1987,3175.9728816331408
1988,3176.8650164901005
1989,3177.2610459661396
1990,3178.7506417560826
1991,3180.1511884409306
1992,3180.931935231712
1993,3181.0394242593338
1994,3182.1696417438002
1995,3183.2099170355377
1996,3184.4715899405996
1997,3186.0302133069767
1998,3187.2778733124619
1999,3188.8050713947036
2000,3188.8595159278966
2001,3192.1473521595708
2002,3192.7679463177942
2003,3193.3059963175201
2004,3194.0236396925548
2005,3197.1867430978641
2006,3197.5081157056707
2007,3197.6298174227495
2008,3199.0574442316101
2009,3200.7737869358416
2010,3201.0654360476146
2011,3202.2941697697161
2012,3203.0581981024889
2013,3203.8205004863653
2014,3204.1974614019487
2015,3205.9137256008935
2016,3206.170178033859
2017,3210.0961189473032
2018,3210.2340140930423
2019,3211.6135306197352
2020,3212.6575139277538
2021,3214.108647732889
2022,3214.4091693197861
2023,3216.5334444478572
2024,3217.7295594318807
2025,3217.7364305551605
2026,3218.367238469863
2027,3219.5334356989702
2028,3220.7933875263816
2029,3222.3476359827969
2030,3223.8721588601625
2031,3223.9594192101181
2032,3226.2464092904606
2033,3226.7821496785409
2034,3227.14832905297
2035,3230.5821413081662
2036,3232.2589360178085
2037,3233.7821424006765
2038,3234.2561259509985
2039,3236.0016544458808
2040,3237.6070324607449
2041,3238.1372369199644
2042,3238.6075527848502
2043,3239.8464430599652
2044,3241.2324940595358
2045,3243.2235302636259
2046,3244.16236245558
2047,3244.693489805918
2048,3246.4768818050125
2049,3246.5721868544497
2050,3248.0871820368138
2051,3248.4727805039583
2052,3249.592474462303
2053,3251.1842798959046
2054,3253.1601491467668
2055,3253.3708584433448
2056,3254.1288630872541
2057,3257.3268702478645
2058,3257.7872099573356
2059,3258.520432258184
2060,3259.1822548840223
2061,3260.6097751049592
2062,3261.1802380333911
2063,3262.6529941949693
2064,3263.1838330251617
2065,3264.6732945104868
2066,3264.8565845251205
2067,3267.2268995646364
2068,3268.3826374284549
2069,3269.5932864736383
2070,3270.0756412562878
2071,3271.3373528622769
2072,3271.8887710052022
2073,3273.5049210695456
2074,3275.6384521517944
2075,3276.9706181927963
2076,3278.8130459748982
2077,3279.8994799028605
2078,3281.9746431996123
2079,3282.088316536207
2080,3283.6289010452974
2081,3285.0469934776524
2082,3285.5893276603915
2083,3286.5975686220154
2084,3286.9653792653071
2085,3288.5190908520922
2086,3289.4999903262619
2087,3289.8412453594551
2088,3293.4909522325643
2089,3294.9261713774035
2090,3295.762193383523
2091,3295.9808741599077
2092,3298.5726385570406
2093,3299.0792634244899
2094,3301.0479545355879
2095,3302.7839902017226
2096,3303.5804018569133
2097,3304.1972589809211
2098,3304.2382806883716
2099,3306.6739049197804
2100,3306.6907112904041
2101,3307.329541095065
2102,3307.7973268835653
2103,3309.5972038162076
2104,3312.9164464908613
2105,3315.5632543844717
2106,3316.3065023437166
2107,3318.545718649988
2108,3319.1415108713877
2109,3320.1112432440818
2110,3321.315210456316
2111,3322.1417997885055
2112,3323.2419010308549
2113,3324.5579354427246
2114,3325.4533800781696
2115,3325.8870129058882
2116,3327.3689617567452
2117,3329.7287487134504
2118,3331.4263464077048
2119,3332.1248294441571
2120,3332.2414427650488
2121,3334.7835526689155
2122,3337.3316328966384
2123,3338.1913156632627
2124,3338.734894591898
2125,3339.5530195059869
2126,3342.647095352454
2127,3343.3726915414295
2128,3343.3938519598846
2129,3344.3798778733803
2130,3345.99953328219
2131,3346.6911355034972
2132,3348.1618482899717
2133,3348.4224562034383
2134,3350.5806821815204
2135,3351.1379130807049
2136,3353.0232572350315
2137,3353.2761938154013
2138,3354.7517422832934
2139,3356.1307381688875
2140,3356.7082269129819
2141,3357.8513803879623
2142,3360.4834320309446
2143,3361.4477987732566
2144,3362.0264444649251
2145,3362.8779691424365
2146,3364.4433835591117
2147,3366.0595283681505
2148,3366.0847790500388
2149,3366.525778224217
2150,3369.3502754838396
2151,3371.299331212108
2152,3373.1019708621943
2153,3373.5595233728441
2154,3374.6857818082776
2155,3376.2761220958409
2156,3378.0672767789806
2157,3379.3371390083475
2158,3381.0098511361161
2159,3382.6383742566077
2160,3384.3006668558592
2161,3384.7183376044886
2162,3386.1736654145034
2163,3386.3260497995102
2164,3387.0049088168398
2165,3390.662518551118
2166,3391.8350781201493
2167,3392.3690440422602
2168,3393.1280549699095
2169,3394.592673267131
2170,3396.9116937615659
2171,3397.0510097658739
2172,3398.0444568832459
2173,3400.2231065672354
2174,3401.0918290160948
2175,3401.4831218158879
2176,3403.275268701027
2177,3406.468488067811
2178,3406.9387787072942
2179,3408.4217886549645
2180,3408.9268278628792
2181,3410.2972304931118
2182,3411.27972228313
2183,3412.3878598473721
2184,3413.996338116081
2185,3414.5074517719063
2186,3414.96714055441
2187,3416.132204356994
2188,3419.1975108793563
2189,3420.4702562119396
2190,3423.5585809223949
2191,3423.7175826028847
2192,3427.1135117354033
2193,3427.3335962934111
2194,3429.3761325034852
2195,3430.6536599298538
2196,3431.0347002655658
2197,3432.374609037025
2198,3433.8364399109041
2199,3434.6674617131307
2200,3435.4820043965278
2201,3437.2814858671818
2202,3439.1676220154623
2203,3439.2579853846032
2204,3440.1396058810719
2205,3442.1369561267543
2206,3444.3650269532068
2207,3444.6272211242617
2208,3445.1208602027809
2209,3448.5833686367509
2210,3449.1038429660748
2211,3450.2507139801764
2212,3452.2214367614743
2213,3454.0453100971481
2214,3454.2374092329865
2215,3456.9048366198358
2216,3458.4924654632596
2217,3460.0065278391794
2218,3460.7945439149116
2219,3462.792745176584
2220,3463.3364879233277
2221,3464.4091778916645
2222,3466.1180996381199
2223,3466.8523488431288
2224,3468.3543867182516
2225,3470.3312359226566
2226,3471.3327152475358
2227,3473.8126742878585
2228,3473.857528924179
2229,3475.0238584880285
2230,3477.6618827106067
2231,3480.7110486650226
2232,3481.335795023605
2233,3482.2890598508784
2234,3483.0167575605146
2235,3484.8116358948068
2236,3485.0596285115043
2237,3486.8888927816447
2238,3487.7655462578005
2239,3487.826750876965
2240,3489.5268010995414
2241,3490.94207208534
2242,3494.6030641077823
2243,3494.7387688979097
2244,3495.2202328130152
2245,3496.5981974848041
2246,3497.2785716649291
2247,3498.3270273386734
2248,3500.1775690828845
2249,3502.1282621579694
2250,3502.9694582447296
2251,3504.4216638685939
2252,3505.7647380106559
2253,3507.1913007986018
2254,3509.2346410902323
2255,3509.6750805348875
2256,3511.6714951025115
2257,3514.2366398740464
2258,3515.2438616665418
2259,3517.9279178070283
2260,3520.0169843488488
2261,3520.3602859685761
2262,3521.9007100862905
2263,3522.6344725480731
2264,3524.9419288258323
2265,3525.5978317797017
2266,3527.9744694749447
2267,3528.6976668334773
2268,3529.6587947952162
2269,3531.1411848850944
2270,3533.8121511737827
2271,3535.8190837929442
2272,3537.0358731298006
2273,3537.8491678355908
2274,3538.8794809421656
2275,3539.870140633916
2276,3540.6231280782695
2277,3542.7837246806425
2278,3543.502147604861
2279,3543.7659874541114
2280,3545.9159354409362
2281,3547.0109437095452
2282,3547.6312330838427
2283,3550.498803283027
2284,3552.3896326297727
2285,3553.7904563339976
2286,3553.9025407977206
2287,3556.0925026205841
2288,3556.2667202411621
2289,3557.7640914648578
2290,3560.5296292170351
2291,3560.9294044555691
2292,3562.1668960116381
2293,3564.4730335976278
2294,3566.8834804244721
2295,3567.3097533932287
2296,3567.788644555988
2297,3572.5923597436094
2298,3573.0446711035279
2299,3574.8806496798766
2300,3576.0247400304474
2301,3578.6255935863446
2302,3578.6446878388351
2303,3581.7217255946366
2304,3581.8256223361227
2305,3582.6955761878612
2306,3583.8567157512689
2307,3585.201154006154
2308,3587.1436650690334
2309,3588.0410201861678
2310,3589.4984638141395
2311,3591.8773870827745
2312,3593.5350789904651
2313,3595.180795246255
2314,3595.4094957845637
2315,3596.118325615962
2316,3597.0539953634243
2317,3598.0771577078262
2318,3600.421400879085
2319,3601.8087182259205
2320,3604.1266071759092
2321,3607.0589919524141
2322,3607.8464731160961
2323,3609.2716635357074
2324,3611.4424109285242
2325,3611.9225695476125
2326,3613.6549253583362
2327,3615.9581480491097
2328,3618.0964767888931
2329,3618.4824200625353
2330,3618.7369410254205
2331,3619.7021128569331
2332,3623.0117152890093
2333,3624.5391961284704
2334,3624.7864477740827
2335,3627.4951155586759
2336,3628.4027263562498
2337,3628.9869498492603
2338,3629.9828404727382
2339,3632.2766590840779
2340,3634.3167575450029
2341,3634.7996457433587
2342,3636.5480953395836
2343,3637.2371842565549
2344,3638.9612654838329
2345,3639.3366493969024
2346,3640.1085306935433
2347,3641.6565705092034
2348,3642.9131918677817
2349,3645.478194322759
2350,3648.9391390228366
2351,3649.5166489151111
2352,3650.7084874742304
2353,3652.6586751200198
2354,3653.0938888549017
2355,3654.9235867300149
2356,3656.5060778214065
2357,3658.1263468179227
2358,3660.1401529840009
2359,3660.6408287704307
2360,3664.3416337268118
2361,3666.1096840844834
2362,3668.5895455343784
2363,3669.1957179196338
2364,3671.264690518386
2365,3672.3270187635071
2366,3672.7134161882459
2367,3674.1810672762308
2368,3675.9913875625161
2369,3677.6034010826784
2370,3677.7826920639445
2371,3680.1721279307953
2372,3681.1930639091761
2373,3682.3875024981121
2374,3686.3344481465856
2375,3686.8238411076513
2376,3687.3319348254367
2377,3688.8197713041213
2378,3690.3137382255281
2379,3690.6846800279172
2380,3693.4137003753667
2381,3694.7988309856264
2382,3696.2702113486134
2383,3699.5747650695484
2384,3699.6528300294317
2385,3704.0249464306676
2386,3704.199183286682
2387,3706.7887707778764
2388,3707.2204106989561
2389,3707.8220368270149
2390,3709.7550966785539
2391,3711.0478323149632
2392,3711.272297350074
2393,3711.5032304048873
2394,3712.1380066024735
2395,3712.7930425214299
2396,3720.002848455681
2397,3720.9500184043573
2398,3723.4779115855195
2399,3724.3934257607593
2400,3725.9384431179164
2401,3726.8170540893943
2402,3729.0241178114443
2403,3729.9568393896639
2404,3730.9508361370263
2405,3731.4716648432614
2406,3733.2846317962394
2407,3735.7146337242448
2408,3736.2915016125903
2409,3736.8151145044221
2410,3741.4430087528667
2411,3742.6621428461081
2412,3743.5879380612901
2413,3745.447284286221
2414,3748.827206516843
2415,3749.2535496639107
2416,3751.8306136053452
2417,3752.7607447339587
2418,3754.0683415155272
2419,3755.3887252599375
2420,3756.6573064479153
2421,3757.470378642005
2422,3758.6150250146238
2423,3763.0010193362396
2424,3763.951259429844
2425,3764.1428791491435
2426,3765.6614202308024
2427,3766.7744397319202
2428,3767.8636767240582
2429,3770.0039792509237
2430,3772.4032825817931
2431,3774.2661107624763
2432,3776.0448164212248
2433,3776.4423845196184
2434,3780.0133750710834
2435,3781.4730391415756
2436,3782.3093682196991
2437,3784.0886718782049
2438,3784.969093037525
2439,3785.6154735216865
2440,3786.5322616365438
2441,3789.7531461089579
2442,3790.0720622389922
2443,3792.0620071096046
2444,3792.6433500915
2445,3796.2852271726888
2446,3797.2913960701944
2447,3797.5810824814839
2448,3799.7155379141182
2449,3800.7820736171266
2450,3801.5672788516458
2451,3802.5388705971927
2452,3805.2017443282552
2453,3806.7565923637771
2454,3808.9857015121524
2455,3810.1445578781932
2456,3810.2983906070981
2457,3816.296425153635
2458,3817.7265535374636
2459,3818.4017390700819
2460,3820.795147520409
2461,3822.4353340198768
2462,3824.806389861174
2463,3826.8849994773668
2464,3827.7142756302796
2465,3828.4024107453574
2466,3829.8361897736972
2467,3831.7113751298034
2468,3832.3520388733482
2469,3832.7569686413117
2470,3834.0117277000741
2471,3836.8247327279355
2472,3838.8740535332422
2473,3839.3776326692296
2474,3844.8698276464656
2475,3845.5448913408145
2476,3846.6017264126776
2477,3849.504041545069
2478,3850.4196546394128
2479,3851.9290410687768
2480,3852.5954680838795
2481,3854.0074270073533
2482,3855.0438763524198
2483,3856.3921813878487
2484,3860.059961021434
2485,3860.3134884006481
2486,3861.028534632263
2487,3863.472551105222
2488,3866.6466450069443
2489,3866.7343235694648
2490,3868.794077976906
2491,3868.9788036077784
2492,3871.7970344106411
2493,3872.2190300354014
2494,3874.2597345314771
2495,3878.302666235114
2496,3879.0955940937279
2497,3880.0079595273087
2498,3882.7125202144593
2499,3883.0283745544784
2500,3884.5885033373074
2501,3887.9947571242706
2502,3888.8600943713768
2503,3890.6400677726037
2504,3891.867287205685
2505,3892.5227688757363
2506,3894.0351207825347
2507,3894.8623637639766
2508,3897.2616498333182
2509,3899.8819253254246
2510,3902.7932305146601
2511,3904.3313339470096
2512,3906.5496615453872
2513,3908.7495954028914
2514,3908.9355893197467
2515,3911.6805667994809
2516,3911.7492856886397
2517,3914.0028135397424
2518,3914.7883750421574
2519,3917.5934323813522
2520,3918.0706552555798
2521,3921.8253093763392
2522,3922.5091596948678
2523,3924.5138861887312
2524,3925.0189499803591
2525,3927.5122904499399
2526,3928.6095810870038
2527,3929.5349479990823
2528,3931.8266747779103
2529,3933.806214311026
2530,3935.1548118602327
2531,3936.0676886904548
2532,3940.2268819159199
2533,3940.9459413279983
2534,3942.8576654894046
2535,3943.7951343705008
2536,3945.1971419281676
2537,3946.3179566809358
2538,3947.9595048913725
2539,3949.5055110472717
2540,3954.3386208186116
2541,3955.7315834563301
2542,3956.4620903420664
2543,3957.6681885125931
2544,3957.915822370655
2545,3959.4555682860628
2546,3960.4543284471983
2547,3961.960134655832
2548,3962.6712731399448
2549,3965.8270987401138
2550,3966.0005202774382
2551,3966.7683941068321
2552,3970.0416418544837
2553,3971.8111497696054
2554,3978.0949758306469
2555,3979.0877990537406
2556,3981.0110510765649
2557,3981.8809914113549
2558,3984.2828375794552
2559,3986.8644561108895
2560,3988.5994950744398
2561,3989.3915926177019
2562,3989.7100630569298
2563,3991.7727390949981
2564,3992.4079437806399
2565,3993.6733333941206
2566,3994.9965672359262
2567,3995.1551291093242
2568,3996.7956967768855
2569,4001.4197016715257
2570,4004.4095842691863
2571,4007.1183702056123
2572,4008.9379759767062
2573,4008.961616825648
2574,4012.063822077188
2575,4014.5141850922769
2576,4014.562017072496
2577,4017.0004905444098
2578,4017.386159289651
2579,4019.160803058438
2580,4019.1631879415427
2581,4022.9330207393796
2582,4024.3725198553921
2583,4027.6331193557567
2584,4028.290210931601
2585,4028.8113985872997
2586,4032.9833654868394
2587,4034.2507381270625
2588,4036.0581462253253
2589,4038.4661165620323
2590,4039.2696743803649
2591,4040.3064728448148
2592,4042.3472281954987
2593,4043.1011163759586
2594,4046.0449594896818
2595,4047.7230541474814
2596,4050.2102099704648
2597,4051.3753015469147
2598,4051.4075867615015
2599,4054.0319699527572
2600,4054.1223922460526
2601,4057.8002538610422
2602,4057.9767298347924
2603,4061.7106948203646
2604,4062.7392151009285
2605,4062.807227429822
2606,4065.5400931509844
2607,4068.3685649827689
2608,4070.8340693472369
2609,4072.2449786016432
2610,4075.2483852874279
2611,4077.5747735612117
2612,4079.4151174014319
2613,4079.4380816242356
2614,4082.1472394199841
2615,4084.0856573753135
2616,4087.2809880748428
2617,4088.9376214023564
2618,4089.0620687430037
2619,4090.1888471407751
2620,4090.6465970111449
2621,4092.8476879862624
2622,4096.2291899759457
2623,4097.1264651746242
2624,4097.1852356851559
2625,4099.6375051245805
2626,4102.1260806921391
2627,4102.7748558807516
2628,4104.0343208432714
2629,4105.4749034651049
2630,4111.0459223579728
2631,4112.2278769684463
2632,4113.8150466519955
2633,4116.056902760346
2634,4116.7021384644295
2635,4119.5049885594735
2636,4119.8976236162644
2637,4120.1524454148057
2638,4121.0457635254479
2639,4123.3565515293385
2640,4125.1231669242161
2641,4126.6337325577051
2642,4129.784300006927
2643,4133.8100985591145
2644,4137.6829472825611
2645,4139.3008136553563
2646,4140.2437953506578
2647,4141.7206110985408
2648,4142.2004243093816
2649,4144.4437733513023
2650,4144.8709586879531
2651,4146.6247742205387
2652,4147.426054979499
2653,4149.8138540679274
2654,4151.9943678918435
2655,4152.5493286881447
2656,4153.1812337915544
2657,4155.9833759797039
2658,4157.5978889501393
2659,4161.8453592324267
2660,4167.2237384202708
2661,4167.4710926066855
2662,4169.3862214610645
2663,4169.4135242284638
2664,4172.3434063864079
2665,4174.3668950659385
2666,4176.0967572403024
2667,4177.820069732883
2668,4178.5955463143637
2669,4180.7369255956464
2670,4182.2289647989328
2671,4184.2494915343577
2672,4184.3234353159351
2673,4186.9369588666823
2674,4190.8327056845337
2675,4192.4613736539213
2676,4195.5501351718622
2677,4196.1441446674216
2678,4197.2502563942708
2679,4198.0783361491831
2680,4199.6105465868668
2681,4202.4520861178344
2682,4203.6389777454096
2683,4203.7333789893137
2684,4206.5781963139516
2685,4209.8972319979603
2686,4212.2029322081098
2687,4215.0619121017589
2688,4215.1871905077469
2689,4219.3382138156312
2690,4220.5812744673067
2691,4221.0740824678414
2692,4223.4021490086798
2693,4224.455533070518
2694,4227.903448105003
2695,4228.3825219815362
2696,4229.0394996354116
2697,4232.8146007180585
2698,4234.6214942343404
2699,4235.3194271464599
2700,4237.3758348528145
2701,4240.2111099334106
2702,4240.6678927252542
2703,4242.4939311594871
2704,4245.6837449067689
2705,4248.4799752768431
2706,4249.2887199817987
2707,4251.0292478087258
2708,4252.9625992056153
2709,4253.4909315115274
2710,4254.5918957785243
2711,4257.7702329356271
2712,4261.2661483380434
2713,4264.2462234403529
2714,4265.1588011194517
2715,4266.6506974140739
2716,4269.1901304481626
2717,4270.0437842855063
2718,4270.9767809296918
2719,4273.6803154136742
2720,4277.1141502272712
2721,4277.3406678665924
2722,4280.4360442648722
2723,4282.4856087169237
2724,4282.8748432082602
2725,4285.5725777967546
2726,4286.422829094703
2727,4288.5884731963179
2728,4290.3351132930457
2729,4290.825757376937
2730,4292.1107565892098
2731,4292.3119922455517
2732,4297.2974810494925
2733,4298.0695702956
2734,4301.2214988376609
2735,4304.3270687028607
2736,4305.4072001410632
2737,4306.9216176144
2738,4309.2722549941745
2739,4311.8691756194821
2740,4314.7937864443611
2741,4316.1052141892706
2742,4317.0907122271656
2743,4318.0445580852238
2744,4320.3916851529593
2745,4323.6308695241269
2746,4325.8503505138206
2747,4326.6115439739287
2748,4328.7146824800056
2749,4329.3306639924349
2750,4331.0986142565534
2751,4335.5158852941286
2752,4336.2900710398981
2753,4337.1073405259203
2754,4343.568050858541
2755,4344.1171333631155
2756,4345.9244819467176
2757,4346.0314014655114
2758,4349.4612594234241
2759,4351.3015350965734
2760,4351.7147601614715
2761,4355.0345510105608
2762,4355.0848554677923
2763,4357.8162875443313
2764,4361.2733154772277
2765,4361.9205014248837
2766,4363.0187733695675
2767,4367.2082981035792
2768,4370.2694295722849
2769,4371.5625585961316
2770,4373.6007454162682
2771,4374.7402432366143
2772,4375.0839911470048
2773,4376.4373273165993
2774,4379.042648964798
2775,4383.3983527021637
2776,4384.5398779631232
2777,4385.6508068985913
2778,4386.7972688775571
2779,4387.9419698173988
2780,4390.9578012196735
2781,4392.419329981044
2782,4395.6556962198965
2783,4396.5170776955993
2784,4400.8526435823533
2785,4401.4946589000028
2786,4402.8667946329087
2787,4405.8047569824548
2788,4406.160397719108
2789,4410.9375338067193
2790,4412.0359022687071
2791,4414.1109268120454
2792,4415.2644827300483
2793,4415.3546244252439
2794,4418.5280542934051
2795,4419.5102125558396
2796,4422.0177528320255
2797,4424.4856855636626
2798,4428.4108456484892
2799,4429.7727412825452
2800,4430.8847539069848
2801,4434.5344291865304
2802,4435.1969576917245
2803,4437.4893818667369
2804,4439.8961085070996
2805,4440.3378710934221
2806,4443.6641103637285
2807,4444.4404953681096
2808,4445.3668009797693
2809,4446.4923707646067
2810,4453.2250866523855
2811,4454.6164986421263
2812,4455.24278321969
2813,4456.5826389083404
2814,4459.4412081897108
2815,4459.8796450023247
2816,4461.9741850981118
2817,4463.1664652140744
2818,4466.4056642088181
2819,4467.1048689794015
2820,4469.3822634631342
2821,4471.0404342275206
2822,4472.7146196153781
2823,4475.4541717467191
2824,4479.6855387967289
2825,4480.599775356317
2826,4481.2250946406266
2827,4484.4075728521757
2828,4484.8630137273858
2829,4490.1828226518755
2830,4490.7805023686187
2831,4492.5944208949868
2832,4493.6356050162694
2833,4496.7973968104961
2834,4499.5955002683731
2835,4499.7363954619377
2836,4500.423897399095
2837,4506.8705402636788
2838,4509.11330123468
2839,4510.5001425828232
2840,4510.5859139354689
2841,4512.3872344706033
2842,4515.8708555773419
2843,4518.0266588322665
2844,4519.1243783665914
2845,4521.4257163444508
2846,4521.5944994439633
2847,4521.7321535887786
2848,4525.9091561996584
2849,4530.9275377272643
2850,4531.2343699255316
2851,4532.3224034713749
2852,4534.1042962614374
2853,4535.1714448119346
2854,4541.5148803325383
2855,4542.5850386039847
2856,4544.7582241982464
2857,4545.8447473661709
2858,4548.0335807863848
2859,4550.9699921813799
2860,4552.730084859445
2861,4554.797955687638
2862,4556.4470147800803
2863,4557.4599266436771
2864,4562.3741004886642
2865,4563.6306196779278
2866,4563.7097490162687
2867,4564.9084556256021
2868,4565.6444399817328
2869,4568.8712168814936
2870,4572.89872143515
2871,4573.9944391430936
2872,4575.2071502459612
2873,4577.4719063662333
2874,4581.3063264336042
2875,4585.2850775432798
2876,4587.4415519874092
2877,4588.6288745021675
2878,4590.3521014686748
2879,4592.9969170054574
2880,4596.4084750677675
2881,4597.3912457306715
2882,4598.1094955790359
2883,4598.7800645129328
2884,4601.7818747943502
2885,4602.2911264249906
2886,4602.9371810344355
2887,4606.6967644597844
2888,4609.1454104427403
2889,4610.4828590887355
2890,4610.9254451266788
2891,4614.9208089813001
2892,4621.2714100409303
2893,4621.9934239586755
2894,4622.9334277869857
2895,4624.4481153263487
2896,4625.2446343055799
2897,4627.9322619578124
2898,4633.1246207840377
2899,4633.3180224570424
2900,4634.5081220633083
2901,4635.9997504086714
2902,4639.7326012989788
2903,4641.0815198658966
2904,4643.795007536929
2905,4644.3795187692458
2906,4647.0599355121431
2907,4647.7840451925476
2908,4650.5553500164451
2909,4651.0979568370176
2910,4654.1714466642843
2911,4659.2706681027394
2912,4660.0009742205921
2913,4664.0113281979548
2914,4664.2929737416853
2915,4668.7290366535353
2916,4670.4556853633349
2917,4672.010436798666
2918,4673.9689438582764
2919,4674.9566902380238
2920,4676.9700464754515
2921,4679.5575281026977
2922,4683.1976559536715
2923,4684.9166323050267
2924,4685.8135351399415
2925,4686.9342452708479
2926,4688.0348995934264
2927,4691.0942326068453
2928,4696.3447976363368
2929,4696.6531691481332
2930,4697.767481953837
2931,4698.9308394227173
2932,4703.1202058424269
2933,4703.979741226115
2934,4705.2294380988069
2935,4709.6651789804164
2936,4711.5287357448342
2937,4717.1026324707018
2938,4718.397889184308
2939,4719.545645348263
2940,4720.9695371978496
2941,4722.1524394543285
2942,4723.0125782011892
2943,4727.5235419844985
2944,4728.1243235335833
2945,4731.2917913685023
2946,4733.7523843577064
2947,4735.0778315577227
2948,4735.4707727543464
2949,4738.3413177528009
2950,4740.235869820126
2951,4741.205283510254
2952,4747.926168529907
2953,4748.6512780612175
2954,4751.1998977581961
2955,4753.5484651291345
2956,4754.5366160322774
2957,4756.9530167184148
2958,4760.8368157545428
2959,4761.9563721039367
2960,4763.7774823259197
2961,4765.999684868988
2962,4768.7473424467516
2963,4769.6967597983557
2964,4772.2018541261468
2965,4772.8794079787622
2966,4773.6812147002147
2967,4777.2937967666439
2968,4780.5274596860181
2969,4781.3013237116438
2970,4783.690626685283
2971,4788.4944524895072
2972,4790.6627122983218
2973,4791.4006973761279
2974,4793.8317553282341
2975,4796.6648887456977
2976,4799.0377750118905
2977,4802.1097492621539
2978,4802.1506229921497
2979,4804.3360111852126
2980,4806.5806325842259
2981,4807.1262396434995
2982,4807.3151525424983
2983,4811.9396533107765
2984,4812.8140516827561
2985,4818.4311943958019
2986,4820.6585953104068
2987,4820.9732681895639
2988,4824.9749950164469
2989,4825.7674703655402
2990,4829.6417824133696
2991,4831.8168124534286
2992,4832.3807292739175
2993,4836.4991592447805
2994,4838.5570979410459
2995,4840.6284234779323
2996,4841.469316892164
2997,4841.8370584694067
2998,4847.0257595849489
2999,4848.9042969244929
3000,4850.4733157542387
3001,4855.6234624794752
3002,4856.8842819247366
3003,4857.5759060238543
3004,4861.1844278700974
3005,4863.6851131026651
3006,4866.2481729754854
3007,4867.2567498824774
3008,4871.0171083780333
3009,4871.8565964165173
3010,4872.615808877651
3011,4875.8678630189897
3012,4877.8538039462846
3013,4881.1396291422743
3014,4882.352426872013
3015,4883.4022587853124
3016,4886.322868705056
3017,4888.5011668487568
3018,4889.4535685258152
3019,4893.155571759452
3020,4898.4151857842189
3021,4899.5138570804174
3022,4901.3861912274724
3023,4901.747944434107
3024,4903.0854259594307
3025,4904.9661772939271
3026,4906.7338465503308
3027,4910.5207732632525
3028,4912.9228725282992
3029,4915.33642353709
3030,4921.465917345713
3031,4922.8941224275313
3032,4925.9640246815115
3033,4927.5076173155994
3034,4929.1881643460556
3035,4931.0905082221534
3036,4933.4952489584202
3037,4933.9096672637706
3038,4936.4158699317059
3039,4937.9634978381864
3040,4938.5106940325231
3041,4942.6136362689203
3042,4944.402769978371
3043,4947.0761919078341
3044,4953.1399242082298
3045,4954.8159460591714
3046,4955.2378806009483
3047,4955.7285944239129
3048,4956.9707379217743
3049,4957.7129856578476
3050,4962.2395309514686
3051,4965.809029469975
3052,4967.2755106358045
3053,4968.8690706993857
3054,4969.9086708290124
3055,4971.7803850542277
3056,4978.7017958565311
3057,4979.3826060098881
3058,4979.9756483254523
3059,4983.7427001044271
3060,4984.2881618475712
3061,4991.4171136727327
3062,4994.5007096614072
3063,4996.238532197478
3064,4998.3543488655287
3065,4999.5208621796355
3066,5001.6474830987627
3067,5003.0300935575451
3068,5005.2190307335786
3069,5006.2698422294643
3070,5008.5326150116616
3071,5014.8969999679921
3072,5016.607910129459
3073,5016.7179208165098
3074,5021.7505709024235
3075,5024.2993800618297
3076,5024.6195482288667
3077,5025.0202419390507
3078,5025.1860046881693
3079,5029.5751576273342
3080,5033.0333312502016
3081,5033.8339428599656
3082,5034.6828197314589
3083,5036.6837464423479
3084,5039.160970566365
3085,5046.4262760007578
3086,5047.45804583472
3087,5050.4122026045325
3088,5051.3738392854357
3089,5055.4827409089476
3090,5058.1632127452103
3091,5059.5471037348207
3092,5059.6028273870425
3093,5062.361386692085
3094,5064.7528739912741
3095,5069.8714551862249
3096,5072.4127656956553
3097,5074.838189574346
3098,5075.5462988260215
3099,5079.6660675539515
3100,5082.642112976001
3101,5083.9631682428162
3102,5086.3662766045536
3103,5088.8608389866877
3104,5089.9585526760902
3105,5092.1521055099138
3106,5092.1941287795116
3107,5093.1216713858512
3108,5094.0779313389921
3109,5096.938264730743
3110,5100.4980134977759
3111,5102.3609908809703
3112,5104.7291572562654
3113,5109.401249064028
3114,5113.2719593664297
3115,5115.961926821522
3116,5116.0146978404327
3117,5119.3985057752343
3118,5120.9674258636369
3119,5122.365227654871
3120,5124.3415720416624
3121,5130.9010245653644
3122,5133.2991328105227
3123,5134.5065041295366
3124,5135.4140782356499
3125,5142.8137644519529
3126,5144.4038685117412
3127,5145.9197816720025
3128,5148.621360147873
3129,5149.5757469486562
3130,5151.7226562583901
3131,5154.70356376577
3132,5155.0405653254502
3133,5157.2221646245998
3134,5158.4234679722276
3135,5163.0641715692218
3136,5164.582299920864
3137,5165.4173944025915
3138,5166.5322435185672
3139,5169.263054712892
3140,5175.918660833865
3141,5177.3706987001597
3142,5180.0184972103216
3143,5182.3525990586832
3144,5184.3653901264424
3145,5185.6540307019159
3146,5190.6703641433896
3147,5193.4364288797415
3148,5193.6040756578477
3149,5198.7208286795149
3150,5199.58494602263
3151,5203.5125807255281
3152,5205.6541934198412
3153,5208.3893390827552
3154,5208.8764616063518
3155,5214.3651115952762
3156,5218.0667234610455
3157,5218.2299358985592
3158,5219.1200436713925
3159,5221.3384937904029
3160,5222.8128667084848
3161,5224.8791607386502
3162,5227.3524864869205
3163,5228.8067498734199
3164,5230.0737576001375
3165,5234.233715523822
3166,5234.9631945726751
3167,5236.4281809617187
3168,5239.7475593760746
3169,5245.5612975186687
3170,5249.1155237416424
3171,5250.3857372253124
3172,5251.0303010956532
3173,5255.0152617380736
3174,5256.3398348877818
3175,5260.2343946655274
3176,5262.1745665576409
3177,5262.5159277765579
3178,5270.0769028859195
3179,5271.2142138944037
3180,5274.8504383319969
3181,5277.5960628839139
3182,5280.1989628877163
3183,5280.4950790990542
3184,5281.4564455716873
3185,5286.3016431528567
3186,5286.6925349164903
3187,5287.8136904971489
3188,5289.3159219997306
3189,5291.0390693504796
3190,5292.10981576833
3191,5299.4598140734979
3192,5302.196004315756
3193,5305.2745791812931
3194,5309.0325102155639
3195,5309.5892911427864
3196,5313.0543933745139
3197,5313.6102115588337
3198,5315.4926570632924
3199,5319.3339500918337
3200,5320.5630660652478
3201,5327.2016119871478
3202,5330.4920045355457
3203,5331.9917914077414
3204,5333.6066198398275
3205,5336.7348080009197
3206,5338.0435946102007
3207,5339.6925374387547
3208,5341.0409951026331
3209,5343.394188776856
3210,5343.7840508627096
3211,5349.4584148205295
3212,5351.6932468120494
3213,5353.6302786389997
3214,5357.5047116192418
3215,5360.6777387628363
3216,5362.6420091819373
3217,5365.0711831856597
3218,5366.5297322527613
3219,5367.4253412582602
3220,5369.0116821454658
3221,5374.2488655569423
3222,5377.3766735245372
3223,5377.5665565864256
3224,5384.6419730201906
3225,5386.8916031336767
3226,5387.7914997643493
3227,5390.3021832449303
3228,5391.3871908296423
3229,5393.7181046426149
3230,5395.5654900424761
3231,5398.1827998442177
3232,5400.6709650888661
3233,5404.5428105072242
3234,5409.5762610463225
3235,5411.6719757189476
3236,5413.8565255021103
3237,5414.8939335500636
3238,5416.2718728560612
3239,5421.204043463571
3240,5422.5803071381742
3241,5425.4449873477861
3242,5428.8542509330282
3243,5432.3768994587417
3244,5434.5521120542708
3245,5435.1154644238804
3246,5439.7662726912495
3247,5441.1937475725526
3248,5444.4942249210699
3249,5445.6352626891357
3250,5447.432030478888
3251,5449.4016692256255
3252,5453.5158326288465
3253,5456.4738195068194
3254,5458.9273690308701
3255,5459.1351720955081
3256,5467.0614731510022
3257,5470.336538393115
3258,5471.2632979882346
3259,5471.852278347983
3260,5473.4694179475555
3261,5478.1482812491231
3262,5480.7521476237771
3263,5481.4067051605853
3264,5485.5500024067305
3265,5489.0506223936263
3266,5490.2628963245415
3267,5491.4941750359631
3268,5494.4313111341589
3269,5496.6446038676504
3270,5497.1319111713883
3271,5500.0000593769337
3272,5503.8031468825147
3273,5505.5700517375435
3274,5511.6453054720796
3275,5516.1194203606528
3276,5517.9032029927803
3277,5521.3359060310022
3278,5522.007107180495
3279,5524.5351614510791
3280,5526.5752410550576
3281,5531.9561181862109
3282,5534.4659767484281
3283,5537.1306172572004
3284,5537.9602798837204
3285,5539.8389811731777
3286,5541.3144950897877
3287,5542.0048060624431
3288,5544.604223473083
3289,5550.0902006247352
3290,5551.6102121785834
3291,5558.2725433881633
3292,5560.07410426771
3293,5562.4685080119161
3294,5563.0267679162016
3295,5566.3448595130367
3296,5572.5084569626488
3297,5574.2058985022004
3298,5579.0935868043407
3299,5579.6585623884775
3300,5580.3325750130807
3301,5581.2565537244154
3302,5582.1686420735241
3303,5585.5313093211089
3304,5587.4529893585559
3305,5591.9086220596955
3306,5594.5212674850154
3307,5598.8437565344811
3308,5598.8547711673209
3309,5604.4304176410014
3310,5607.9529234735483
3311,5608.2841185976413
3312,5616.3814554205874
3313,5617.5344365074716
3314,5621.3500624068765
3315,5621.5986326599814
3316,5622.1306618211602
3317,5623.2584901717119
3318,5625.4840115504167
3319,5631.4799192059691
3320,5633.9116085649166
3321,5635.311585589563
3322,5640.4397024340642
3323,5642.7054571745603
3324,5647.0226141418761
3325,5648.0644941750661
3326,5650.8458319313049
3327,5656.7971963500868
3328,5658.7303279993275
3329,5659.5214831749599
3330,5661.055869771013
3331,5661.7178870928292
3332,5665.9182567551579
3333,5669.4889412187113
3334,5671.2439638662818
3335,5675.6540529299691
3336,5677.1735162602081
3337,5681.0330437851571
3338,5682.4181799534826
3339,5687.4493965540087
3340,5692.5511593100991
3341,5692.5996247001149
3342,5692.6809440864763
3343,5696.7929502196903
3344,5699.93735696967
3345,5704.10682465029
3346,5707.3343950194712
3347,5707.7588602911255
3348,5713.6860063511094
3349,5714.7839607451424
3350,5720.1466339558774
3351,5720.9014806321702
3352,5722.7312814977286
3353,5723.8911109629125
3354,5731.224222867213
3355,5732.9338314799697
3356,5734.1725606059772
3357,5736.7412760426332
3358,5742.3642685740251
3359,5743.2133831951905
3360,5745.308045451321
3361,5748.697836355509
3362,5749.4220577604065
3363,5756.2158787344406
3364,5759.5164533596526
3365,5760.671278394324
3366,5766.0415601097493
3367,5767.3891392762553
3368,5769.7265317311512
3369,5772.0284046004754
3370,5775.6438213236534
3371,5780.7888522929243
3372,5783.167113169251
3373,5786.2364272333616
3374,5788.3975477604081
3375,5790.7254321359442
3376,5791.5700707454653
3377,5797.9920935777418
3378,5802.8877396200223
3379,5805.0160883004519
3380,5805.5271687716986
3381,5811.2989995380749
3382,5816.486604270146
3383,5817.1721244945093
3384,5820.6888780332074
3385,5826.2501761251369
