# Domain: gww2 (FEM, convergence sweep, dense eig full spectrum)
# Resolution Hmax = 0.1267, dofs = 3876
# Computation time: 5.7800 s
# Eigenvalues stored: 3876 of 3876
n,lambda_n
1,2.5398529078415164
2,3.6573964886189496
3,5.179312663389358
4,6.5384695517029634
5,7.2516369077002851
6,9.2111229438338409
7,10.599501141867535
8,11.542436604573027
9,12.337384634556201
10,13.059773289453796
11,14.316321949535151
12,15.880158440202365
13,16.94307085919672
14,17.668362362912625
15,18.993110536011091
16,20.886269122351706
17,21.260862204373261
18,22.244781593633626
19,23.715047939468604
20,24.482775812128075
21,24.677007411435795
22,26.089753488459586
23,27.314087724922388
24,28.182936980917248
25,29.578176740838813
26,31.493269997547436
27,32.082711298731979
28,32.230488584185061
29,32.916637734248468
30,34.145590498163415
31,36.275592529537477
32,37.114398579608327
33,38.808828080332894
34,38.965707087163608
35,40.852442839092937
36,40.98201012453498
37,41.464989318481251
38,41.960414010660323
39,44.167195629195461
40,44.497868082503423
41,45.870749112673622
42,46.721399134517405
43,47.468350387220944
44,49.371219649276412
45,49.95906641359521
46,50.312915733593229
47,52.057946679083699
48,52.567002370209167
49,53.42730572287644
50,54.231336416168404
51,56.315197595336599
52,57.097748584116189
53,58.184554102120515
54,59.193779486084573
55,61.729990615844422
56,61.775132461087409
57,62.905539767449895
58,63.253196327292351
59,63.340915899537649
60,64.20313663201334
61,64.848960544874004
62,66.529487984532921
63,67.245751917440913
64,69.556548617842708
65,70.133388565774581
66,70.740112564113062
67,71.623155443175506
68,71.654413660151491
69,72.459702061370891
70,75.105687613134577
71,76.597305954993672
72,76.962276353815554
73,77.356696714223176
74,77.479668027091165
75,79.801408631119529
76,80.814476990533876
77,81.799413156664215
78,83.93661271765896
79,83.966357616936321
80,84.002031393994599
81,85.869524071489963
82,86.152131661214952
83,87.602009723320649
84,89.16181830016103
85,90.623056964620844
86,91.08511685448245
87,91.437451836046961
88,91.439413357307245
89,92.398554373458154
90,93.515649739591439
91,94.938847455534216
92,96.469638310054719
93,98.118806174493884
94,98.776663083876031
95,98.873535277011797
96,99.099007649794316
97,101.35739242297224
98,102.16013031053693
99,103.1368349330384
100,103.62532606713101
101,104.88910498021359
102,105.8355842112848
103,106.73779469384475
104,106.85426179017664
105,109.66389876463134
106,110.21801703903709
107,111.13616653322362
108,111.28470725179807
109,113.16270304897601
110,113.30136398701619
111,114.44615965436482
112,115.06266005575944
113,116.46004906326286
114,118.83664649140178
115,119.93642379606663
116,120.06186413252493
117,121.98747537944492
118,122.96369191826302
119,123.31044437316685
120,123.47501613788154
121,123.7208835161297
122,125.3411562721202
123,126.38604406335246
124,127.54568830936657
125,128.68943004739126
126,129.09031259313517
127,129.42207294013681
128,131.17458649130805
129,131.66256394624651
130,131.86721394187782
131,132.36439238030383
132,133.93336679330676
133,135.3856801633099
134,137.14267748542119
135,138.4819492728119
136,140.14265299408561
137,140.30416286882516
138,141.17343192530981
139,141.31696848681392
140,141.79900439167486
141,143.44993675534576
142,143.63629723491002
143,145.53702713587535
144,147.55538889499383
145,148.07760130704025
146,149.95294679872126
147,150.45280402778661
148,151.05281675413266
149,151.13005780441441
150,152.52528411005829
151,152.5751948858935
152,154.0765492333268
153,156.13808369298249
154,157.69500660068786
155,158.87057558512677
156,160.07593210743832
157,160.54540261403267
158,160.59661345270018
159,161.11896355206088
160,161.13444251878849
161,162.08853960934081
162,163.41203462844476
163,164.6097615808433
164,165.6362602499787
165,166.62503291726051
166,167.29371788410288
167,168.61852477011166
168,169.05770001519332
169,170.70835650576569
170,170.90668829255489
171,171.90221104931774
172,173.43497028542004
173,174.75469057151753
174,176.23452056828305
175,177.17244205241443
176,178.31157158089016
177,179.53918143905787
178,180.48084014360694
179,181.14598975056688
180,181.15814022023662
181,181.58738976347612
182,182.60436043160738
183,183.65586630143525
184,184.70236753707201
185,186.19499066440369
186,187.00107982720047
187,187.46410106537149
188,188.44264466285284
189,189.37589756454847
190,190.0960238557897
191,192.3359765358685
192,192.58474295364513
193,195.18642234848139
194,196.47405585957549
195,197.23735833102742
196,197.73583699332096
197,198.74515292622249
198,199.17903582095255
199,200.38086965455386
200,201.81203249155976
201,202.51092842286837
202,203.01850484839125
203,203.7995663462562
204,203.85046684837681
205,204.61363259308274
206,207.10273826797822
207,208.24224242464496
208,208.8693169750689
209,210.19446284076813
210,211.05496953618095
211,211.32185689841378
212,211.340739313212
213,212.22942807067648
214,213.7214452189923
215,213.97872423302977
216,215.03223904370671
217,215.52799961673861
218,218.27620191924547
219,220.4437085747355
220,221.34650869929789
221,221.43814823684986
222,221.59620394884135
223,222.68045705881136
224,223.54803583728057
225,223.94955346592212
226,225.49361246933984
227,226.55595359187771
228,227.01864264605609
229,228.38859702854344
230,229.61415359423421
231,230.15177696811682
232,231.26863644480107
233,231.8176764073844
234,233.66186189275206
235,234.64160909550509
236,236.18683376727489
237,236.90706873388095
238,237.70439933525131
239,238.88186620624654
240,239.91199895660296
241,241.5432753933338
242,241.69366837737763
243,241.74711437633493
244,244.63465606581485
245,245.55546532567212
246,246.67252312858659
247,247.56462252151528
248,248.06612234149716
249,249.2648240997342
250,250.47258544480002
251,250.72730132235219
252,250.93062917760889
253,251.83097373415256
254,252.07792245815432
255,252.94782040077632
256,254.50851251216989
257,255.09842854385843
258,255.8484160454143
259,257.87580244011895
260,258.13100007758788
261,259.40831770065597
262,259.86829851692005
263,261.79135109492591
264,263.86701770184197
265,264.4239571209211
266,264.55676694682757
267,264.90058955106326
268,265.5603786181893
269,266.61633377494633
270,267.05760729328256
271,268.88882164457112
272,269.63683142683806
273,270.932257758736
274,272.16873697608997
275,272.84349795843889
276,274.53726415757393
277,276.30591510714549
278,277.0737598949292
279,277.28089164568814
280,277.92433265906391
281,279.69912589905516
282,280.72277261959056
283,282.07379815348821
284,282.47830926380971
285,282.92712326462544
286,283.64597878564507
287,284.95231307526655
288,285.10818077326246
289,286.10593984083124
290,288.45400473153671
291,288.98637922819876
292,290.07331263495348
293,291.39005190688886
294,292.7213458959904
295,293.0349285066772
296,293.99708649334713
297,294.48849166459462
298,295.74986822970203
299,297.60170919764931
300,298.25251956920732
301,298.91482776313842
302,299.71685252558632
303,301.96327341530605
304,302.91397251663159
305,303.37787105062671
306,304.18151190413823
307,305.17107380758961
308,305.60019073664313
309,306.88800267208393
310,307.97145347774119
311,308.92058376127767
312,309.62764964636489
313,310.8724806862935
314,311.49569646386522
315,312.61917645717153
316,313.10394392163596
317,313.26405906774045
318,313.78970735543743
319,314.57439087156666
320,315.93507541768093
321,318.42136311875606
322,319.52732117775957
323,320.0047178118308
324,321.34619573803911
325,323.06166089437363
326,323.77246312450518
327,324.66865501085084
328,325.90148523041802
329,326.08218327713269
330,326.14796915462881
331,326.32657749320128
332,327.76765277908322
333,328.80867561267928
334,330.95047711926861
335,332.20156041693849
336,333.62561019916933
337,333.97100163757602
338,334.39320029581233
339,335.27371100643779
340,336.9484227656655
341,337.29648065761018
342,339.50992120267455
343,341.0045941615395
344,341.32952782633464
345,341.72025871355521
346,342.40153213032318
347,343.40088341969556
348,344.34359671476602
349,344.68174809889672
350,345.59373804461103
351,346.31079479988762
352,348.08969618250194
353,349.68719848866675
354,351.03114730651674
355,351.08244857482509
356,352.7226996387941
357,353.55789303625164
358,355.52811528565263
359,357.15022745433623
360,357.7771303327533
361,359.28972056804429
362,360.43350768725554
363,361.68106435415126
364,362.73387536152251
365,363.80166211948705
366,364.84589958337926
367,365.15841666833609
368,365.20042194376458
369,365.73187765716494
370,367.00752215880379
371,367.65773667477566
372,368.46245141856969
373,368.70172155550102
374,369.56327663411565
375,370.77949925686084
376,371.19018702502882
377,372.46001534271096
378,372.90179189737427
379,374.87348134890584
380,375.67410352718116
381,376.78570499666068
382,377.96104300657987
383,378.67902159987938
384,379.49195511145939
385,380.57442266481416
386,380.97190019556001
387,381.50807021979051
388,383.91589026136091
389,385.31357472348373
390,385.99666828149526
391,386.95477865981786
392,387.32659958029569
393,388.44737196161861
394,389.9671878964557
395,390.55843857008779
396,393.11868587589413
397,394.68772362977637
398,395.83882076856798
399,396.31810612635081
400,396.52647391856061
401,397.27938475679088
402,397.90789320019667
403,398.96248819648071
404,399.67841628757867
405,399.96180115734865
406,401.13252686086486
407,402.57057430946196
408,403.13287964842266
409,404.51308742416745
410,404.56669122656314
411,407.09476716838441
412,408.93494576083691
413,410.48892995006793
414,411.30748695546112
415,411.96649383596474
416,413.14016759264939
417,414.02489955279958
418,414.39176899627586
419,414.90232176576245
420,415.83603625971733
421,417.0032348488221
422,418.27835200140453
423,419.31750762198254
424,420.48978658986414
425,421.24456870133019
426,422.30775189259197
427,424.27986706843143
428,425.11705813641026
429,426.32869150082422
430,428.22813288300262
431,428.98400241480982
432,429.9336275300368
433,430.44375339097138
434,430.79260373537556
435,431.18078312425058
436,431.9376095476099
437,432.30530680716845
438,434.18998464588879
439,434.91847746511547
440,435.66618238751465
441,436.75400687309582
442,437.0382394655922
443,437.80081339508229
444,438.89760089451687
445,439.1700637111897
446,440.13687077464749
447,441.29885431418359
448,443.77705883820096
449,444.21873470455432
450,446.05181584297003
451,447.65551958082943
452,448.87814182604296
453,450.13379008797955
454,450.87728438969162
455,451.77824422321174
456,452.27332093176182
457,452.57448770798732
458,453.70117517069218
459,454.89874873367262
460,456.80326035400884
461,457.47758767412756
462,459.27723226297195
463,460.1384932177844
464,460.43768943377779
465,461.67721915910403
466,462.9452887506784
467,463.51596440270288
468,464.38244666429358
469,465.01105153088946
470,465.52143540553749
471,466.76028621879311
472,467.16260882065143
473,470.74455580418623
474,470.91247423610037
475,471.09532056405391
476,471.35400759590635
477,472.39358825434169
478,472.70028879114545
479,473.63575290089045
480,474.34383434940241
481,475.45510490872692
482,476.99293325227711
483,478.97752957171133
484,479.88288609832097
485,482.58060948111591
486,483.38324904950889
487,484.09932916602111
488,485.13399927277578
489,486.69144291940569
490,487.65533253929669
491,488.66546690090831
492,490.16950537882298
493,490.48984032963409
494,492.07661095032745
495,492.11505989758115
496,492.41387195185291
497,494.7234083726359
498,495.12973701073366
499,495.40380382171412
500,497.30603359857827
501,498.39452371956946
502,500.609551783641
503,501.1007882885425
504,502.57356939143551
505,503.17671871175418
506,503.49980847542651
507,504.0479139338388
508,504.91918591964065
509,505.68465613650943
510,506.09854245158255
511,507.27778273735078
512,508.6587283172878
513,510.16969683588258
514,511.00913785244222
515,511.62238143703678
516,513.01439581856403
517,514.89759155070715
518,515.46669629068754
519,516.34298381702547
520,516.44945987492054
521,516.80597248329366
522,517.91921503064339
523,519.41077004632689
524,520.02422632451965
525,521.75060026050187
526,522.76548183552177
527,524.29462848522769
528,524.84283412061438
529,525.27576201749957
530,525.78133769780061
531,526.90233991901357
532,528.27403452362591
533,529.05968642716925
534,529.93492334799691
535,531.97442268547024
536,532.59445358034293
537,533.25435013327694
538,535.9967711158921
539,537.25960088447982
540,538.21023350911628
541,539.17031046091267
542,540.0570565406988
543,541.27606532793334
544,541.53874939428272
545,542.29999870046072
546,542.69518983002797
547,543.39162466808341
548,544.31116444491443
549,545.08816165948826
550,545.84899059944325
551,547.67737714392945
552,549.50326867049932
553,550.46845453403864
554,550.80522231550731
555,552.71034230345424
556,555.76941119489095
557,556.13310130945183
558,556.55695265030715
559,558.27950007134882
560,559.85216022472969
561,560.10744767598158
562,561.21031144448284
563,562.01925620203315
564,562.70973812210752
565,562.96922754180343
566,563.48305806752671
567,566.02997647491156
568,566.87470396129788
569,568.02158549953583
570,568.56528022096154
571,569.11672043485441
572,570.71466571731992
573,571.27114670916444
574,572.08608110093883
575,574.65706082436577
576,576.80555934379527
577,577.02788166625214
578,578.31105307016799
579,578.88710770405919
580,579.65590404970453
581,580.0687530596565
582,581.22675873243168
583,581.70031704578776
584,582.11499764038524
585,583.38641505851331
586,583.88213210079562
587,585.14092168722721
588,586.45538692208208
589,586.68483532794312
590,587.68759368081578
591,588.51169573177083
592,589.88832732467745
593,590.4529820488915
594,592.02318062820348
595,593.57235397993134
596,594.60368828823141
597,597.66471995681502
598,599.07830712496798
599,599.40690854335014
600,599.98372086662619
601,600.20370960814273
602,601.41287478018853
603,602.48831191043701
604,602.70537594299753
605,603.29820928811444
606,603.7556796350932
607,604.54588117830076
608,605.01759489255676
609,607.59979342286101
610,608.1858493524519
611,610.17939230806019
612,611.47525912697415
613,612.35508762516781
614,613.47490914985383
615,614.74435538980288
616,615.23814996604165
617,616.55776201394644
618,617.13501049573642
619,620.67639877757017
620,621.10536996281189
621,623.24462460400503
622,623.99840029511131
623,624.32532970544821
624,625.4531575241673
625,625.7065586953936
626,627.42663394714225
627,628.15542194608452
628,629.13785829800133
629,629.16836649891752
630,629.4722747457987
631,630.15492395915794
632,631.20538857346162
633,632.74245632993552
634,633.59424715171588
635,634.57567943562924
636,634.98947109494702
637,636.94033816927072
638,638.07971178109824
639,638.99096118528723
640,641.33610634450463
641,642.38175763539755
642,644.35585048566554
643,644.72918767371368
644,645.26348765104399
645,645.93246114963665
646,647.06215376335058
647,647.84239379149221
648,649.07786781392031
649,649.57477961506322
650,652.31933737760801
651,652.7434487398433
652,653.56783660418421
653,654.48573125479606
654,654.88183358684034
655,656.93834382280875
656,658.76986328755163
657,660.01017932834486
658,660.77925385449043
659,661.29947422837392
660,663.5984980135155
661,665.06591580961094
662,665.64572338787946
663,666.3513451331346
664,667.43420385213869
665,667.95653495771944
666,668.46837846461108
667,669.83199859489014
668,671.60566368651416
669,672.10917235839463
670,673.21128012928705
671,673.71280973907426
672,674.70131090842017
673,675.49998623818715
674,676.18997869026282
675,676.73295142414372
676,678.1651423564216
677,678.37742109451074
678,678.63661753175813
679,679.82760284101823
680,682.22403962767294
681,682.73065151870162
682,684.84659648400213
683,686.67589266883124
684,687.65841723333062
685,688.62058573654838
686,689.66984438323766
687,690.1057888943451
688,690.71853837138519
689,691.90357670553601
690,692.54364965027628
691,693.68709590221965
692,694.60476560844768
693,695.56796060416013
694,697.5181315766672
695,698.05264019853462
696,698.97921765559738
697,700.09212877664834
698,701.71705774196698
699,703.37050117487399
700,704.04162116514044
701,704.56634274092312
702,705.83354612148935
703,707.80023051822161
704,708.73180541064824
705,710.19208298892249
706,711.04277165865665
707,711.6721176023209
708,711.96162365609712
709,712.9078427925366
710,714.39850992183744
711,714.78749177243662
712,716.52249439424702
713,717.53619295651777
714,719.00497980416071
715,720.99726284707845
716,721.3618191869856
717,722.11344500982
718,723.26070572743413
719,723.95295527599058
720,724.35774400133516
721,725.84435776125076
722,727.71538736446075
723,728.3705706009514
724,729.13903040607124
725,729.64317901005472
726,730.75604296251583
727,733.04745614738113
728,734.23407992165392
729,735.12467084896855
730,735.54083814386456
731,736.06756744146162
732,736.80911197754369
733,737.95243208736713
734,738.91630396319636
735,739.9058864082258
736,742.86733484155513
737,743.81870591424013
738,744.73470207249466
739,746.20704316986189
740,748.38361327434404
741,749.98101211456969
742,751.41004964368437
743,751.843892562522
744,752.27069181406659
745,753.4565115691172
746,754.40282058697471
747,755.43899645610963
748,756.22041461478909
749,757.685712536653
750,758.03113799943924
751,758.14959193511822
752,758.67567253144057
753,758.8591370174679
754,759.41145051020487
755,759.86178351126568
756,760.41301890592911
757,761.16975784314195
758,762.67482549371482
759,763.43081023749619
760,764.58106274925944
761,766.69562109491142
762,768.02215331261743
763,768.8069651365978
764,769.13498103825111
765,771.22032745505476
766,772.81782785254575
767,773.29620651634878
768,773.91625957691872
769,775.3904399064553
770,775.54209285025911
771,777.36307801069563
772,778.08513815439426
773,778.61717148819287
774,779.39024653549495
775,779.94408672038742
776,781.7513541427229
777,782.22251595567195
778,784.29776910898909
779,784.56494957900986
780,786.56160897883933
781,787.20044252294815
782,788.66368030979129
783,789.51694554440576
784,789.7473559946643
785,790.31808806525646
786,792.02661123361941
787,793.13816834990314
788,794.88913151820407
789,796.13708421217711
790,796.65920706849352
791,796.95513912644412
792,798.40258324430192
793,799.99061078461375
794,800.84702177715042
795,800.97564593803031
796,802.27932153623476
797,802.48986697086241
798,803.33129826192157
799,804.43602171495331
800,805.61221281874759
801,807.56597471908742
802,808.28514457156143
803,809.83680016390872
804,810.88340760438791
805,811.67514050672776
806,812.61718030145494
807,814.03012864347284
808,814.63296535319023
809,815.20606092533876
810,817.24421399643632
811,818.69082923046233
812,820.0230359319728
813,820.82148445451207
814,821.23366345007616
815,822.24727421541525
816,822.74081546399327
817,823.21833637317684
818,824.19588531632292
819,825.53711476954595
820,826.47108640054194
821,826.66893442725291
822,828.90446051457502
823,829.07959675470147
824,830.23633841738979
825,830.77532483710115
826,832.61773240298987
827,834.18660968013774
828,834.7046929685871
829,837.59103238261241
830,838.06843935376014
831,839.18034583502128
832,840.69525867273649
833,841.28330358519679
834,841.99209824198817
835,843.35468703344804
836,844.6530260220012
837,845.31501037164753
838,846.78495135241837
839,847.04600861539484
840,847.75886712842021
841,848.56875522446819
842,849.24693843448301
843,851.60540506050211
844,851.79004062612751
845,852.20088782798064
846,854.74372518774248
847,855.31793711497869
848,856.91391179013101
849,857.00809953317605
850,859.01598224599991
851,860.10817363534215
852,860.76225333239324
853,861.07606067282256
854,862.10436928821503
855,862.87682824704711
856,863.61718823432523
857,865.73479325584321
858,866.53788847005228
859,867.79785437650048
860,869.89223838030728
861,870.00174548242478
862,870.31425153278485
863,873.22561830518964
864,874.23238922766268
865,875.47468810815849
866,877.07302279970031
867,877.99183165031923
868,880.5033365383199
869,881.50027666819119
870,882.32846683339665
871,883.75054175948071
872,884.35966182473408
873,885.96476737947398
874,886.83735462652373
875,888.57518998427702
876,889.49010381585435
877,890.12868111632849
878,890.7669398292652
879,891.69520673527711
880,894.44743933480129
881,895.07637457516853
882,895.4992659061005
883,898.4594014715102
884,900.37118533392402
885,901.86862004161458
886,902.46750777486216
887,903.84055850051311
888,904.86310704108337
889,906.03727409035957
890,908.81937986179855
891,910.32163630979494
892,910.94612507440172
893,914.10380345893657
894,915.93807322355678
895,917.03261174529075
896,917.43683027187876
897,918.42590905920099
898,920.39924331641123
899,922.82049801589994
900,923.29318713192845
901,926.88721359548219
902,928.74854621271709
903,929.08434640793632
904,932.78433010244657
905,933.75939762198198
906,934.83821754915607
907,937.70630177915359
908,938.4180374411269
909,939.15047978911798
910,940.31051068547197
911,942.54667531742848
912,943.94824402313577
913,945.05660251017696
914,946.85804883975538
915,948.50218516487303
916,949.95161884306196
917,951.37294230108398
918,952.54674931891634
919,953.7202129991872
920,955.70075237297476
921,956.51356646719751
922,959.2821638212564
923,960.82454346632915
924,962.93560306418351
925,963.85743028594891
926,964.4341805991304
927,964.75064807705769
928,966.4038964913475
929,968.08569666699816
930,969.4693567189496
931,970.42866031327844
932,971.09141672071053
933,972.59075152712467
934,973.83510348987897
935,975.86990801003174
936,976.069321596706
937,977.45125028463224
938,978.29013983671837
939,980.6207158638432
940,982.49379870171674
941,983.81600444556159
942,984.47068806393202
943,985.81026060640738
944,987.12417849606163
945,988.17002320479878
946,990.47540601278024
947,992.42039169835039
948,993.46676793604024
949,995.79597234623441
950,996.52928147727414
951,1000.8252088391126
952,1002.4356241398569
953,1003.970307645897
954,1004.7809694364668
955,1007.0204075938458
956,1008.7913707383721
957,1009.1773494532396
958,1010.0742835691532
959,1010.6544959572003
960,1012.992264135968
961,1015.2779676913307
962,1015.9249513529331
963,1017.8180354978938
964,1019.1136996725244
965,1019.246654307373
966,1020.7440251464947
967,1021.3357258274444
968,1023.860469148383
969,1024.6268487331861
970,1025.4497625142978
971,1025.8780419804307
972,1026.7657669336056
973,1027.9381372433729
974,1029.9124795152372
975,1031.9099559014878
976,1034.5646694546599
977,1035.3591390773759
978,1038.0073382865282
979,1039.5464714808336
980,1041.2097447439273
981,1041.6563763161498
982,1042.6401870467344
983,1045.8831047353151
984,1046.6000745561716
985,1047.7677348482337
986,1049.5706398228585
987,1051.115535128941
988,1051.892356396678
989,1052.549925307288
990,1053.3005118689177
991,1055.7769323692869
992,1056.6686065321458
993,1057.372036350205
994,1058.4682073516999
995,1060.311783137937
996,1060.6022116357769
997,1061.4856956130025
998,1062.9119748760907
999,1063.3056268319522
1000,1063.9861643084153
1001,1065.4855608526386
1002,1067.9356538951768
1003,1070.4160233568609
1004,1070.8782262982218
1005,1072.4545344721225
1006,1072.546851641227
1007,1074.5860667904349
1008,1076.8676308532285
1009,1077.2929890903417
1010,1078.4147697055796
1011,1081.1409637505596
1012,1081.8691120700298
1013,1083.1096883242278
1014,1083.8633772335961
1015,1084.9781663245606
1016,1085.7111505994633
1017,1086.4794794618492
1018,1088.7685064385057
1019,1089.0655196450521
1020,1091.6726783864217
1021,1093.6181483371663
1022,1093.966911902786
1023,1094.7343558125294
1024,1095.8466369068979
1025,1096.0692348467533
1026,1097.9749373751229
1027,1100.4674343098666
1028,1102.3301788751803
1029,1103.9233681329044
1030,1104.6538477810859
1031,1107.6526109392335
1032,1108.5701067687876
1033,1108.8463933634464
1034,1109.3167887293682
1035,1110.0994202647958
1036,1110.7624561929401
1037,1112.6895068402484
1038,1113.7399520008357
1039,1114.7372760088494
1040,1116.2594978925868
1041,1117.3186552685224
1042,1119.2830398676447
1043,1120.3800496709932
1044,1121.0087263480136
1045,1121.7353069259771
1046,1123.1619540845604
1047,1125.2640991332141
1048,1125.6819015580791
1049,1127.3354034163365
1050,1128.7179450330725
1051,1129.9780522085114
1052,1130.6588446434678
1053,1131.7235301496028
1054,1132.2350985320104
1055,1132.8074181887478
1056,1135.0242603354989
1057,1136.3507930091221
1058,1137.2643246343491
1059,1137.8483927334455
1060,1138.8793395945588
1061,1141.4754711214214
1062,1142.6896353915863
1063,1143.7773180421489
1064,1144.8415590626232
1065,1145.225969991589
1066,1146.2395572310415
1067,1148.180408156107
1068,1149.0178069959879
1069,1150.6192561893226
1070,1151.3599639781462
1071,1153.5925689348353
1072,1154.5792216170391
1073,1155.8526531532259
1074,1158.8189142175224
1075,1159.4576856346646
1076,1159.8433843845523
1077,1162.1714742393494
1078,1162.4212216147666
1079,1162.5833815052854
1080,1165.0292781258013
1081,1166.5032273540701
1082,1167.0184934423366
1083,1168.3356820589806
1084,1169.4748645549998
1085,1171.479526350372
1086,1172.1068903921825
1087,1172.8597875794665
1088,1174.4009366721352
1089,1175.454800677491
1090,1176.8351934246075
1091,1178.7271107876488
1092,1179.1636314483103
1093,1180.5435843678438
1094,1182.4245308707198
1095,1183.2930915302338
1096,1184.6796571174407
1097,1184.8255019139674
1098,1187.7760842681303
1099,1191.3034088569393
1100,1192.338624681656
1101,1192.7323202946018
1102,1195.4611300996119
1103,1196.8790030317873
1104,1197.6004252512457
1105,1197.7381447122384
1106,1198.4701692545298
1107,1199.1852387109177
1108,1200.9189539656663
1109,1202.9772906826358
1110,1203.6424199907162
1111,1204.0913068471141
1112,1205.4367558826316
1113,1207.2051041684997
1114,1207.6815950914397
1115,1209.0051912372558
1116,1209.6581385955835
1117,1211.5271188140796
1118,1212.3089436404468
1119,1213.6410975847318
1120,1214.356354826796
1121,1215.761926800335
1122,1217.5799272345878
1123,1218.0294992569716
1124,1219.2637834750005
1125,1220.9633489245177
1126,1221.8020482351283
1127,1223.8540685417454
1128,1224.8109645828106
1129,1225.4013896749386
1130,1229.4789871599521
1131,1230.1319796172108
1132,1231.5776052443916
1133,1232.9764823644741
1134,1235.017409121738
1135,1237.0768081578474
1136,1237.4260418353872
1137,1239.2251481635708
1138,1239.6900845794448
1139,1240.0646232608435
1140,1241.6456370004007
1141,1243.5411590546955
1142,1244.0642374431934
1143,1245.9473411246943
1144,1248.3383420705027
1145,1248.8675200710875
1146,1250.1231482234964
1147,1250.429732672606
1148,1253.6342490970678
1149,1254.2845776503095
1150,1255.8141109083119
1151,1256.5665880727827
1152,1258.6763278102135
1153,1259.6661246755964
1154,1260.3993583533193
1155,1262.9291594218339
1156,1264.2442526578689
1157,1265.2052052004642
1158,1267.2721615584203
1159,1267.8559581293512
1160,1268.4655036855086
1161,1268.8758727678796
1162,1269.7906885438381
1163,1271.3658583901297
1164,1273.8437350513568
1165,1274.7322082269613
1166,1274.9393001853762
1167,1276.6965593549264
1168,1278.3629292392793
1169,1279.022888893614
1170,1280.3406551136541
1171,1281.1477487366124
1172,1282.7566356729735
1173,1283.0756338825013
1174,1283.8317836140777
1175,1284.891877067085
1176,1287.6315449880583
1177,1288.4316246313924
1178,1289.9536784118955
1179,1291.483692655022
1180,1292.2547380068822
1181,1292.705240462371
1182,1295.7675920949741
1183,1296.9470396539498
1184,1299.4550763373288
1185,1299.6003159867294
1186,1300.5522948469004
1187,1301.7819294154349
1188,1302.9601878584481
1189,1303.8082978605953
1190,1306.2662185123331
1191,1307.7414492837745
1192,1310.9577919986705
1193,1311.104564643754
1194,1312.7475940564182
1195,1313.9424289773799
1196,1315.3002609044784
1197,1315.736527527813
1198,1317.7283438685902
1199,1318.87410926898
1200,1319.85719235087
1201,1321.1274697968504
1202,1321.6369924522614
1203,1323.5288156706213
1204,1324.2967741370851
1205,1326.242473757394
1206,1327.4692587571706
1207,1328.6394175407722
1208,1329.5783000281144
1209,1330.4509408858089
1210,1331.2532747704006
1211,1333.3897852068119
1212,1333.664670342896
1213,1335.4052571129487
1214,1337.3371586080023
1215,1339.0673273674693
1216,1340.4592071394591
1217,1341.5333447287846
1218,1341.7090179183144
1219,1343.2257665224106
1220,1344.9416156952063
1221,1347.3452183984432
1222,1347.8866728426026
1223,1348.7931663828392
1224,1349.3633205042534
1225,1353.4388689185087
1226,1354.3876198837077
1227,1355.6282359538391
1228,1356.9590524598518
1229,1357.3428584982453
1230,1358.3052326333441
1231,1359.6600309426021
1232,1361.2014420290934
1233,1362.7361526598818
1234,1363.9485331172998
1235,1365.1544560701275
1236,1367.7947676080146
1237,1368.8493196999912
1238,1370.5837202222147
1239,1372.2765667895744
1240,1373.1240140335292
1241,1374.7517261558623
1242,1375.8722934145646
1243,1376.4513873308806
1244,1378.0114165839555
1245,1379.2198428047088
1246,1380.7838570592576
1247,1382.2028103643991
1248,1385.5140247515176
1249,1386.3641514991377
1250,1387.5404017205153
1251,1390.2615184664553
1252,1391.0050531490299
1253,1391.5795833379809
1254,1394.5235495879419
1255,1395.7473586105889
1256,1396.6333545740627
1257,1397.7231312355575
1258,1399.1776233839737
1259,1400.5032217007522
1260,1402.1725788920912
1261,1404.620693316994
1262,1405.5916341727677
1263,1406.2301543605774
1264,1407.8664577148379
1265,1409.9741802660474
1266,1410.7101220345612
1267,1412.447886503521
1268,1413.8915665952345
1269,1415.9501870099309
1270,1416.9399938400993
1271,1418.1397362087248
1272,1418.8683258571923
1273,1419.8548958979563
1274,1420.1293347357846
1275,1421.4009634344718
1276,1422.401703004419
1277,1423.5507994978407
1278,1426.4730720408202
1279,1427.2163430235478
1280,1428.0550004927643
1281,1429.3000870805427
1282,1429.45611078873
1283,1432.5053028890313
1284,1433.4415368072227
1285,1434.4192135558546
1286,1435.008812016958
1287,1437.5067820971517
1288,1437.9359588379884
1289,1440.3587547945194
1290,1440.6524575033757
1291,1441.9553927191944
1292,1442.8941101848256
1293,1444.1762133017194
1294,1444.5717949704642
1295,1446.8401110630616
1296,1449.0198714709202
1297,1450.639949329254
1298,1452.8592096073687
1299,1453.4592146536077
1300,1455.6421392868854
1301,1456.5580260921497
1302,1457.6884434998678
1303,1459.1152592171713
1304,1459.7243593274995
1305,1462.4253783549684
1306,1463.8196066535722
1307,1464.3825437668479
1308,1465.2603417675816
1309,1468.8935212215247
1310,1469.3487269827376
1311,1470.3784281445498
1312,1471.996981100689
1313,1472.6040187264059
1314,1474.5537704649241
1315,1475.7189353506374
1316,1476.8232520415499
1317,1477.8645330123786
1318,1478.745260997787
1319,1479.7233947584857
1320,1482.664179847987
1321,1484.3043619133916
1322,1486.5382032755354
1323,1486.7047476112202
1324,1487.6123902995848
1325,1488.9418254134227
1326,1490.5532559945375
1327,1492.2131366593283
1328,1495.1878336821947
1329,1496.0686003140584
1330,1496.7832516176445
1331,1498.4183107829542
1332,1500.137266164769
1333,1501.9910973831857
1334,1502.9109759766161
1335,1505.2671382595108
1336,1506.6596505260309
1337,1507.1565305171407
1338,1509.298821026475
1339,1510.0472875891815
1340,1512.6079074330682
1341,1513.006675372063
1342,1514.7642634184949
1343,1516.6437855770787
1344,1517.3852587855713
1345,1519.0281993897265
1346,1520.5648917833494
1347,1521.5077043023155
1348,1522.7468453290066
1349,1524.448014733217
1350,1525.598778510099
1351,1526.9033605387031
1352,1529.149593110207
1353,1530.2551271203447
1354,1530.6563259266961
1355,1532.122031971961
1356,1534.3391652878938
1357,1534.9538533591347
1358,1537.9449114710726
1359,1539.0728688922311
1360,1540.1245629191981
1361,1541.4135903137064
1362,1543.039277265053
1363,1544.2667229382171
1364,1546.466920721899
1365,1548.7474691728289
1366,1552.1864608621809
1367,1552.8764110375359
1368,1553.973364882446
1369,1554.2896406219822
1370,1555.3350791309445
1371,1556.7608471598976
1372,1557.275150230482
1373,1559.3150198759024
1374,1559.6505475143451
1375,1561.9338972219375
1376,1563.3180917503873
1377,1564.8759505015848
1378,1565.0624878254698
1379,1567.126262421534
1380,1567.9431395631534
1381,1569.0539970812074
1382,1572.0735292951808
1383,1572.87361803882
1384,1573.7629272237507
1385,1576.2975859041776
1386,1577.8577122121528
1387,1579.3322989682729
1388,1580.555686339892
1389,1581.5846834670922
1390,1585.1965128129827
1391,1585.5829335944059
1392,1586.0483144181139
1393,1587.978163417386
1394,1588.6666668452899
1395,1590.9839624673448
1396,1592.8942278220809
1397,1594.4018769601337
1398,1595.7352106476926
1399,1596.6124125357812
1400,1598.6181002095088
1401,1599.5010517415731
1402,1600.196683235876
1403,1602.4793260452586
1404,1603.8909138435124
1405,1605.1491106767326
1406,1606.3224254297634
1407,1606.8505398754226
1408,1608.0894306055852
1409,1609.343191823491
1410,1610.4556723088283
1411,1612.3032397268923
1412,1613.0936957293279
1413,1614.5082641834756
1414,1616.3417572108117
1415,1618.6286841716869
1416,1620.4608435698287
1417,1621.6497455425065
1418,1624.1886163862634
1419,1625.1820007904057
1420,1626.1750817752038
1421,1627.4796467543813
1422,1629.8641804471285
1423,1630.9240408447838
1424,1633.3312320009363
1425,1635.3246741592989
1426,1636.1340976932433
1427,1637.7691157590041
1428,1638.763683074925
1429,1640.6587352473159
1430,1641.3512728232772
1431,1643.9751845458011
1432,1645.207131096824
1433,1645.6069121160206
1434,1647.718798961854
1435,1648.6127864384353
1436,1649.7262461095154
1437,1652.0091061352643
1438,1653.183225981453
1439,1653.9167523693743
1440,1655.768150189248
1441,1656.9275157660015
1442,1657.8041968230666
1443,1659.4937367635034
1444,1661.7079164970205
1445,1662.3050554941856
1446,1662.5874692100899
1447,1664.0435090230844
1448,1665.8895744439212
1449,1668.0618031474905
1450,1669.2172887010458
1451,1671.2197719742112
1452,1674.1415157360589
1453,1674.3351819579213
1454,1675.9115277423405
1455,1678.4883423792439
1456,1679.4485742876157
1457,1680.9376803846815
1458,1683.8066991978312
1459,1684.2143908301766
1460,1687.1322309745838
1461,1687.5920724720784
1462,1690.0737096366649
1463,1691.3612413236197
1464,1693.2914151440384
1465,1694.4175472137483
1466,1696.0718792001587
1467,1698.1041991897007
1468,1699.1870037354383
1469,1700.7019709432254
1470,1701.4381621187993
1471,1702.7635511289552
1472,1705.4128120776575
1473,1706.159932080107
1474,1707.9150937479978
1475,1709.1676099322522
1476,1709.9966547149033
1477,1713.1707561727012
1478,1714.0681731849841
1479,1714.7349178670061
1480,1714.8685121478009
1481,1717.0849071504419
1482,1719.4076020379746
1483,1719.9116899306127
1484,1721.7106976146354
1485,1723.2728110919347
1486,1725.487947951053
1487,1726.5329561996018
1488,1728.7777701679681
1489,1730.8132082063887
1490,1731.6704447855518
1491,1733.4693110896517
1492,1734.8361444184034
1493,1736.9523380107653
1494,1739.0940890327902
1495,1740.9290975239271
1496,1741.5649079490311
1497,1745.0745801885798
1498,1746.9861207708475
1499,1747.1905953537762
1500,1748.3139460827597
1501,1749.8570348801095
1502,1751.2934092550195
1503,1752.2821671922741
1504,1753.5543198666187
1505,1755.6638554279
1506,1757.6781821192953
1507,1758.8819255263236
1508,1760.1572325549687
1509,1762.1763345878701
1510,1763.8335910645721
1511,1765.3117149553275
1512,1765.8313264051824
1513,1768.3930102697186
1514,1771.5454185708866
1515,1773.9027976658333
1516,1774.2207614738609
1517,1775.1249584292159
1518,1777.1642003197817
1519,1777.9709408761573
1520,1779.2285772868665
1521,1780.9149858239136
1522,1782.3733256189735
1523,1783.3152714637638
1524,1785.1016335636364
1525,1786.1939241468415
1526,1787.0361111418758
1527,1788.708534466447
1528,1790.7275476632769
1529,1791.7812278200547
1530,1793.4588909106669
1531,1794.9353078808897
1532,1796.4665889377736
1533,1798.6416365064897
1534,1799.1293301564358
1535,1801.7892628974789
1536,1802.5012092430031
1537,1803.1985967422088
1538,1804.5219661051747
1539,1805.433075991036
1540,1807.1805031498475
1541,1809.5499280400775
1542,1812.219874866649
1543,1814.8603040396977
1544,1815.962698881204
1545,1817.2333719519502
1546,1818.8776257870088
1547,1819.3411545409631
1548,1822.2567067728339
1549,1822.6099646812904
1550,1824.740157265931
1551,1826.6860879222124
1552,1827.7026631194638
1553,1828.8987201163798
1554,1829.9258875603145
1555,1831.1397304310431
1556,1831.8161729650908
1557,1834.6406750404474
1558,1835.0179971731804
1559,1835.8430956647953
1560,1838.9372958740512
1561,1839.4133450471163
1562,1841.1926092260994
1563,1843.0095663465295
1564,1844.2745950112896
1565,1845.1583185787522
1566,1848.2191475818977
1567,1848.6053715527871
1568,1850.9208527321573
1569,1851.7633649909603
1570,1855.1256387858559
1571,1855.5092712613384
1572,1857.7689162527536
1573,1860.8693060339394
1574,1862.6019008456863
1575,1863.5613263125479
1576,1864.8863853525941
1577,1866.2976574135696
1578,1867.9234260938192
1579,1868.6079072474183
1580,1870.9372360695684
1581,1872.0379653822401
1582,1873.5727804009248
1583,1876.0503382509028
1584,1877.5659210707299
1585,1878.8036867378996
1586,1880.1710993472125
1587,1880.9696188248977
1588,1883.826208802561
1589,1884.8820494829904
1590,1885.1561112409065
1591,1886.5407556567941
1592,1886.8652681858284
1593,1892.3430356405986
1594,1893.5283415797567
1595,1894.0832367559219
1596,1896.9205961282996
1597,1897.2629526897824
1598,1899.1151454713629
1599,1900.6950934044596
1600,1902.1490774399069
1601,1904.1900890132188
1602,1906.473480623896
1603,1909.4179133492203
1604,1911.3836000029441
1605,1911.5864012034249
1606,1913.6121924412319
1607,1914.5291551735677
1608,1916.9821576398813
1609,1919.4726864442227
1610,1920.6403149319499
1611,1920.8448938968918
1612,1921.3505930313872
1613,1923.4737913359349
1614,1925.7899147781509
1615,1927.4929076581898
1616,1928.7560490817714
1617,1931.2736273853618
1618,1932.7965072451939
1619,1935.0285134035428
1620,1936.0378333694207
1621,1937.9180573532556
1622,1938.0941375668767
1623,1941.9315095522352
1624,1942.4944122950656
1625,1943.8371776893907
1626,1944.8034050668632
1627,1945.6807996272562
1628,1949.2565802464576
1629,1949.7917770802244
1630,1952.0432684947739
1631,1953.0061395162879
1632,1954.1672233199745
1633,1956.3216051695904
1634,1959.0272097299598
1635,1961.443618105249
1636,1963.4388758673142
1637,1966.0412028592677
1638,1966.7552260603302
1639,1968.7610940421591
1640,1970.154845535737
1641,1971.3761104955629
1642,1972.3047339875775
1643,1972.7276488822529
1644,1975.0871961689284
1645,1977.7093512234985
1646,1978.8673810742382
1647,1979.1066288425968
1648,1980.8141541346856
1649,1982.1441946717141
1650,1982.8000322615994
1651,1985.1597140389617
1652,1986.0311043706499
1653,1986.6008394394535
1654,1987.3373926585164
1655,1988.9787588924771
1656,1990.2871206092257
1657,1993.8035688544019
1658,1994.7491178730183
1659,1996.6373286340083
1660,1998.3908465974566
1661,1999.4855908741404
1662,2001.0221457608327
1663,2003.0151289876483
1664,2006.5047351206197
1665,2008.3132724801515
1666,2008.551653015588
1667,2010.3727460974651
1668,2012.7873711221453
1669,2013.6639467710543
1670,2014.6808563290845
1671,2017.4443326865614
1672,2019.564212613104
1673,2021.7200592848887
1674,2022.1752760235859
1675,2023.4787290080353
1676,2024.6378032048819
1677,2025.8912884085044
1678,2028.9583395549716
1679,2030.1399103985332
1680,2030.9717995026879
1681,2032.115374959111
1682,2035.3093712017937
1683,2035.9477570170122
1684,2037.3427493565046
1685,2039.507062039597
1686,2041.4770736403077
1687,2043.0307845863852
1688,2044.8728965271268
1689,2048.1583897704436
1690,2049.7941964185179
1691,2051.0531639936994
1692,2053.019624759188
1693,2055.5035793938691
1694,2056.6339718032696
1695,2058.1763034133387
1696,2059.8651519357459
1697,2061.5302925603482
1698,2062.9489098651193
1699,2064.4288835295424
1700,2065.6707281343538
1701,2067.5947984917848
1702,2068.664559867475
1703,2071.356330794752
1704,2072.8860451615501
1705,2074.3100790814829
1706,2075.3920494041427
1707,2076.2539908349577
1708,2078.5575896477299
1709,2078.93255701731
1710,2081.9102155248734
1711,2083.3944378357528
1712,2083.526641036105
1713,2085.88975787459
1714,2088.1993854121711
1715,2089.414946930176
1716,2090.2913701168177
1717,2093.0657154843138
1718,2094.6150206770235
1719,2094.8391317405208
1720,2096.5976838325341
1721,2098.9184776575858
1722,2099.2858332220362
1723,2103.2625041496594
1724,2103.678553638922
1725,2106.2573138393727
1726,2107.7162351282291
1727,2109.6671091748462
1728,2110.932942380764
1729,2111.2772279887618
1730,2114.5070274551454
1731,2116.0106727514431
1732,2118.8428356871677
1733,2120.2792999044909
1734,2122.3459808152156
1735,2123.5998190724958
1736,2126.5990755282664
1737,2127.9953018354295
1738,2129.1449632418348
1739,2130.3984215522478
1740,2131.6173234328912
1741,2132.3317984319624
1742,2135.9244997389369
1743,2138.9234350801657
1744,2139.2890207017977
1745,2142.3963001292641
1746,2142.7836923747604
1747,2144.2343059753048
1748,2145.7030990562616
1749,2146.953735658677
1750,2149.2652665996238
1751,2149.8228529435
1752,2151.1721872263442
1753,2152.8337738631299
1754,2155.2714565999349
1755,2157.2666948424244
1756,2160.1011019029547
1757,2160.5066240317033
1758,2162.4793687577558
1759,2164.9593643000849
1760,2166.7990871542597
1761,2169.053255248496
1762,2169.3426795531577
1763,2171.9699289704904
1764,2173.2936216445905
1765,2177.5083470021887
1766,2178.1243943421769
1767,2180.7507092792985
1768,2181.2454960983587
1769,2182.1037558304274
1770,2185.4483876337617
1771,2186.2794839566272
1772,2187.4582709688775
1773,2189.6577926108857
1774,2191.0618429716565
1775,2192.6718513985902
1776,2194.9850647218309
1777,2197.0708244041584
1778,2197.5235414913982
1779,2198.867276202926
1780,2199.672735258916
1781,2202.1471367448571
1782,2203.5745716630076
1783,2203.8576437647102
1784,2206.842267593905
1785,2208.2765299312259
1786,2210.948042423086
1787,2214.3902715600948
1788,2215.6930547995366
1789,2217.2720750729909
1790,2217.8037353309674
1791,2219.8108447615759
1792,2222.1939123866018
1793,2223.175157379957
1794,2224.607805748708
1795,2225.3286665103178
1796,2228.7066822441852
1797,2230.1350705248924
1798,2232.0627151693307
1799,2234.1041168908673
1800,2235.0307468081382
1801,2236.2865122802614
1802,2238.4248516618391
1803,2240.072640233187
1804,2243.7645266462187
1805,2244.1042425923433
1806,2246.1803670270347
1807,2249.5632953167728
1808,2250.2786608929418
1809,2251.5204581592302
1810,2253.3323820558394
1811,2255.3694406315426
1812,2255.7895138830168
1813,2259.1609812110592
1814,2262.4715995159736
1815,2265.0578575315822
1816,2266.1230924334122
1817,2267.5087050950287
1818,2270.8610910309908
1819,2271.1916139174405
1820,2273.4829577948763
1821,2274.3905585590815
1822,2275.9309932677602
1823,2279.0892016560883
1824,2279.9650181918696
1825,2281.7651629996872
1826,2284.0201865174236
1827,2284.7106672910195
1828,2286.2291082603037
1829,2287.3086744955967
1830,2289.2852509048748
1831,2290.6679566783546
1832,2292.3637127279476
1833,2294.2336473549899
1834,2295.3552633507143
1835,2297.0701592757391
1836,2298.6388859410677
1837,2299.9164460504849
1838,2302.7570642486671
1839,2303.4005550168836
1840,2304.4581290003375
1841,2306.547935765479
1842,2307.3022796250984
1843,2309.3474468838685
1844,2310.6839605689051
1845,2314.4734474772213
1846,2315.5039859541407
1847,2316.4276953084218
1848,2318.2815186986786
1849,2319.4091831072378
1850,2320.4246626583999
1851,2322.2269303958242
1852,2323.6964036164441
1853,2325.0637679184952
1854,2326.0317544539548
1855,2329.5816012974069
1856,2331.1829558270078
1857,2332.7166551239948
1858,2335.537738489405
1859,2336.5762198305069
1860,2338.0001032421178
1861,2339.751790725008
1862,2341.8617627978238
1863,2344.1408645598681
1864,2344.3857571636449
1865,2348.8601613910196
1866,2350.8551697401881
1867,2353.4461148548094
1868,2353.7719135970183
1869,2355.7688928632174
1870,2357.968105343843
1871,2361.3324446453767
1872,2362.1389067098485
1873,2362.7625406239872
1874,2364.6282793916598
1875,2368.3135187592525
1876,2369.5188814604903
1877,2371.8320888657277
1878,2373.7059259383336
1879,2374.4943543358072
1880,2376.2723685321662
1881,2377.8725625473799
1882,2379.1145212435222
1883,2380.0148656319843
1884,2382.2196485168924
1885,2383.6236740400573
1886,2384.4526897969304
1887,2386.8568481996467
1888,2388.3952677475436
1889,2389.5526199731421
1890,2391.2809260700883
1891,2393.3119432521462
1892,2394.0587992723481
1893,2396.7369161899719
1894,2399.66179034176
1895,2400.2907078259777
1896,2402.9123081662083
1897,2403.3690819536096
1898,2407.4409230042011
1899,2409.4637261441153
1900,2410.2831522605975
1901,2412.7296302505556
1902,2413.9866115408095
1903,2415.7375911812464
1904,2417.0697886129474
1905,2419.535004482043
1906,2420.1825214381693
1907,2422.2497719649518
1908,2425.0691587449592
1909,2426.5278587431344
1910,2427.487370737113
1911,2430.9120380516688
1912,2432.445200519936
1913,2433.1249982192094
1914,2434.8312920801504
1915,2435.7725026224539
1916,2439.884089843003
1917,2442.3015566734825
1918,2442.6035436974994
1919,2443.5509776974291
1920,2445.2807236033127
1921,2446.5685543739605
1922,2447.8457794828746
1923,2451.8426222616445
1924,2452.3387297084791
1925,2453.4032440642736
1926,2455.1974715849192
1927,2455.8760612990609
1928,2461.303024048842
1929,2462.5580934717586
1930,2465.0633453689434
1931,2465.5968245848476
1932,2467.4091372511493
1933,2467.571154213475
1934,2471.2749272995161
1935,2472.2116960664803
1936,2473.5088283628206
1937,2475.175130828502
1938,2477.2547277146696
1939,2479.445053281675
1940,2482.3097574592475
1941,2483.7222948801259
1942,2484.5492380972455
1943,2486.4480857339117
1944,2488.8730683667491
1945,2493.0668482206847
1946,2494.0416251022584
1947,2495.1982696174005
1948,2498.1185494351062
1949,2498.966078201689
1950,2500.5056275634965
1951,2500.7816582749106
1952,2501.7232090501452
1953,2503.1285855677988
1954,2504.4458895261332
1955,2508.9487181682352
1956,2510.183593324818
1957,2512.9271807105993
1958,2513.8697132486072
1959,2515.4137914855714
1960,2516.4032315801746
1961,2519.3357515698408
1962,2520.4852848799683
1963,2521.7809209515021
1964,2522.5538471649738
1965,2524.8630163929997
1966,2526.8813708300381
1967,2527.830487264875
1968,2528.8396988376371
1969,2529.7006299045584
1970,2531.7923430682804
1971,2536.2127073833872
1972,2537.4829426767565
1973,2540.0850009258397
1974,2541.4909588964638
1975,2544.0668387512637
1976,2544.6626999015789
1977,2545.8499351420642
1978,2547.4787866166298
1979,2550.1023442520527
1980,2552.4889312682903
1981,2553.9866215652592
1982,2554.9292031399768
1983,2556.1915757234096
1984,2558.3074162533358
1985,2560.2234215700851
1986,2562.3201683723955
1987,2564.1184862942746
1988,2566.6279071288382
1989,2567.5926455985978
1990,2568.2289411098377
1991,2572.9188822368005
1992,2573.7020686726692
1993,2575.9396347028214
1994,2578.4646895314481
1995,2580.0670534838296
1996,2581.3185609697457
1997,2583.5260430810963
1998,2583.7577365452885
1999,2585.3254647512813
2000,2587.6766793997504
2001,2589.6955808107787
2002,2591.1437714651538
2003,2593.6988796404248
2004,2594.9703932177681
2005,2598.460113931586
2006,2600.1324548404932
2007,2600.6968677627347
2008,2603.2036573819564
2009,2604.3658482438805
2010,2605.4143307211307
2011,2608.0180591092371
2012,2609.4115461464307
2013,2612.6617247066565
2014,2613.1909231269947
2015,2616.4278678733085
2016,2617.5251351067495
2017,2619.7057237363297
2018,2622.7265588669106
2019,2623.7246442036067
2020,2625.551774687764
2021,2628.3967203470224
2022,2628.8422212976652
2023,2630.3575026470244
2024,2631.3105713551963
2025,2634.6804198618711
2026,2637.2460527983249
2027,2638.4458445137266
2028,2639.8272897113775
2029,2640.3944930662942
2030,2640.9081651344554
2031,2644.6894889660225
2032,2648.0507910252177
2033,2648.7846852267762
2034,2650.7819166866757
2035,2652.2958827397943
2036,2653.0689021708376
2037,2655.5858177527493
2038,2655.8468191398047
2039,2658.950796128504
2040,2660.832790662665
2041,2662.6837797393623
2042,2664.9983949849329
2043,2666.2908796791394
2044,2668.288686474943
2045,2669.8930721346787
2046,2671.2952029107091
2047,2674.8602662891549
2048,2675.1939370422465
2049,2677.2410958896066
2050,2677.9954585752253
2051,2679.58794834125
2052,2680.4562395544599
2053,2682.634256258907
2054,2685.5581654849648
2055,2686.8206186529123
2056,2687.6888522231548
2057,2688.5718877327545
2058,2690.4536144567101
2059,2692.7412697241552
2060,2696.2331123772542
2061,2696.9154243900152
2062,2699.6020727176628
2063,2702.4346475083612
2064,2703.0173832693231
2065,2703.6511875521705
2066,2706.3998407307145
2067,2708.6022435998548
2068,2709.3657379370934
2069,2712.1004563869778
2070,2713.0980942462616
2071,2715.3206453592811
2072,2716.4410947064252
2073,2717.7603131549868
2074,2719.5911053935361
2075,2720.2783405763735
2076,2720.7824717199514
2077,2723.9122593578668
2078,2727.1552723898844
2079,2728.2351910841098
2080,2730.0247236469427
2081,2733.7094769042442
2082,2737.6792108385016
2083,2738.2263219892748
2084,2738.5908739966535
2085,2740.6710025557331
2086,2742.664017716786
2087,2745.3908616740523
2088,2749.2077689801281
2089,2749.9388077572744
2090,2752.1057159435759
2091,2753.4298281380006
2092,2754.5272678655001
2093,2756.7243272789733
2094,2756.8336880628376
2095,2760.1546723529327
2096,2761.6993499047562
2097,2762.0616317792224
2098,2764.6052351730427
2099,2765.3351563158099
2100,2767.4418021774627
2101,2769.9733181663355
2102,2772.3577387593923
2103,2773.2951629550194
2104,2775.7216517595098
2105,2777.9365683722672
2106,2780.5504187243137
2107,2783.609782597905
2108,2784.2229608405491
2109,2786.096288928004
2110,2787.1315135185419
2111,2788.5595108646685
2112,2789.6591776692885
2113,2791.3263546494395
2114,2793.0756004392938
2115,2796.5091269334584
2116,2797.7023470613658
2117,2800.422426962064
2118,2802.8155305236401
2119,2804.1790942373191
2120,2806.6357855503538
2121,2808.3605425172664
2122,2809.6162875970444
2123,2811.5911198921085
2124,2813.899144534696
2125,2815.742152643536
2126,2816.5694600117286
2127,2818.9669995070012
2128,2819.3995411918709
2129,2822.7473149727562
2130,2823.6217425967943
2131,2824.1254686130569
2132,2827.3882526807661
2133,2829.3475487933474
2134,2831.316780293218
2135,2833.7976074401913
2136,2835.4204299110634
2137,2837.4852653294388
2138,2839.5802169703411
2139,2840.0816907535291
2140,2841.1867565558341
2141,2845.4192579051505
2142,2845.6748349737418
2143,2848.6434586000232
2144,2850.5312634358584
2145,2851.1759058230336
2146,2854.4498297777382
2147,2855.8010806687839
2148,2856.9210771821804
2149,2858.8770909221703
2150,2862.8817047395114
2151,2863.5520031844771
2152,2868.2719298554139
2153,2869.4047251292432
2154,2870.2593225198534
2155,2870.78180570205
2156,2872.5772768771712
2157,2873.1963278792769
2158,2874.4531177567374
2159,2875.7369204897859
2160,2879.47449978547
2161,2881.3001277710996
2162,2883.1673575203777
2163,2883.6532955736716
2164,2885.48442446634
2165,2888.0884383196039
2166,2889.2004066010486
2167,2891.002359523713
2168,2891.718245630238
2169,2893.9819415871189
2170,2894.8150231626505
2171,2896.7555661860547
2172,2898.2788401113148
2173,2899.9350128706487
2174,2902.4847789901787
2175,2903.9918638561016
2176,2905.2915008918585
2177,2906.9064275729475
2178,2907.0469639871026
2179,2909.7882183694628
2180,2911.7402497793792
2181,2912.0362987765552
2182,2915.4120549521776
2183,2917.2852775104866
2184,2919.146670379213
2185,2920.7317875058116
2186,2923.1901265162405
2187,2924.1418806599672
2188,2928.8691099988259
2189,2928.9290577204852
2190,2930.7685778063701
2191,2933.0863930465139
2192,2934.8756715981576
2193,2935.8785630915481
2194,2938.8079336000815
2195,2941.3238488073539
2196,2941.9714628289307
2197,2944.1210117463356
2198,2946.5774158129902
2199,2947.4546098143023
2200,2948.1536501950586
2201,2950.3316422191619
2202,2952.6278739261325
2203,2954.2606702090757
2204,2955.7142409264684
2205,2958.4792684356148
2206,2959.8542353723769
2207,2961.2572875736814
2208,2962.4898050500237
2209,2964.0936364568729
2210,2964.7900965704293
2211,2967.3684172695212
2212,2969.7287256924055
2213,2971.1268626277033
2214,2973.244862612235
2215,2973.8204729654049
2216,2974.7511529758526
2217,2977.5596248403722
2218,2978.4451018606178
2219,2980.5601629940707
2220,2981.4138323991683
2221,2984.8887756002391
2222,2985.8458240700256
2223,2988.7028724380548
2224,2989.8342782974187
2225,2993.0132655935026
2226,2993.8920250461133
2227,2995.373207763841
2228,2998.0310756054096
2229,3001.1902899492297
2230,3002.2587766286324
2231,3004.6571476779195
2232,3005.9877454862153
2233,3006.2083076562153
2234,3008.7376683702719
2235,3010.8586935594835
2236,3012.1120112838648
2237,3015.2252754205415
2238,3016.950252139196
2239,3019.7045462549131
2240,3020.9932512132177
2241,3023.168953817833
2242,3024.5067820515183
2243,3027.2509245218357
2244,3027.832011397692
2245,3029.9931749537905
2246,3031.9052438454296
2247,3032.7057448904447
2248,3035.8402453476092
2249,3037.1274425313281
2250,3039.1553330215775
2251,3040.8095094956984
2252,3042.7908663483267
2253,3043.7497674596702
2254,3045.7646018945875
2255,3047.3709189604642
2256,3049.2423862357659
2257,3050.9458905497813
2258,3053.6302089165483
2259,3055.3409955868892
2260,3056.9222635442793
2261,3058.2957078703616
2262,3059.9858951252704
2263,3062.9571942993812
2264,3064.6707351091673
2265,3065.537015328594
2266,3068.276862563192
2267,3069.217214640581
2268,3071.3179096532945
2269,3073.5077140473313
2270,3075.0839813206603
2271,3076.5536996319447
2272,3078.3947527042587
2273,3079.9406532333892
2274,3080.225225306725
2275,3081.2155462911414
2276,3084.5101444923907
2277,3086.0192635756293
2278,3089.6173519328645
2279,3091.8615635419737
2280,3093.2665725815827
2281,3094.1781929047925
2282,3095.6923110642688
2283,3096.6556508492372
2284,3097.8967467057769
2285,3099.5865045280443
2286,3103.0001056062974
2287,3104.0859276120332
2288,3106.5514242289091
2289,3108.7105538701785
2290,3109.482664575045
2291,3111.0531883183412
2292,3112.9418245074185
2293,3114.3614087787719
2294,3116.1008858490691
2295,3118.516257322583
2296,3121.7776132983163
2297,3122.5286404676535
2298,3124.6940874162965
2299,3125.7241707307435
2300,3130.2536615293002
2301,3131.3016598674567
2302,3131.9361196677664
2303,3132.643721699872
2304,3134.7038944547053
2305,3135.5613068257026
2306,3138.683352294539
2307,3139.4608038829087
2308,3141.7271613977764
2309,3142.2387281487927
2310,3143.8557182656082
2311,3146.7737437732048
2312,3147.7801402504251
2313,3152.3587882966463
2314,3154.614109339293
2315,3155.6948977844609
2316,3157.7957109997674
2317,3158.9800552976021
2318,3161.7928444610884
2319,3162.4573227602345
2320,3163.8482121240445
2321,3166.1418131460819
2322,3166.9887288852537
2323,3169.6523450863997
2324,3170.4820114443119
2325,3173.8646547064404
2326,3174.7191404674777
2327,3175.4578216968148
2328,3177.3437853303885
2329,3178.7769910116817
2330,3180.5006360524567
2331,3181.1562356938398
2332,3183.3002449245955
2333,3185.0958604914886
2334,3185.5538732256177
2335,3187.2745497906226
2336,3189.5988608491211
2337,3190.9639728984048
2338,3192.5996034901723
2339,3193.0944637378907
2340,3195.6942999209955
2341,3197.6010834132876
2342,3198.1217166534225
2343,3198.5380804608303
2344,3201.2448834445181
2345,3202.2399953323388
2346,3203.5959245501831
2347,3203.8661031744496
2348,3205.7611834973127
2349,3208.7167167092011
2350,3212.3817847253426
2351,3214.0851252384955
2352,3214.4097297095186
2353,3216.3589381290567
2354,3217.6367062834488
2355,3219.2816590988523
2356,3219.9592375708235
2357,3223.5781112396539
2358,3225.1681152105357
2359,3227.5931836058116
2360,3230.1640332687048
2361,3230.762256394954
2362,3232.3259981436922
2363,3232.8603929379606
2364,3235.9405079027556
2365,3238.2078621906967
2366,3239.3846476286499
2367,3243.3958953106662
2368,3244.9864965917814
2369,3246.428670640209
2370,3248.3538621650446
2371,3250.0454453232223
2372,3251.7632236288209
2373,3252.2820298612164
2374,3255.808537452715
2375,3258.4172088564101
2376,3259.1171056410467
2377,3261.3339103481094
2378,3261.7870058667399
2379,3264.4608712048139
2380,3265.4691357967149
2381,3266.9095508645009
2382,3268.9294415455174
2383,3269.8941850072624
2384,3271.8012161427682
2385,3274.4955033128608
2386,3276.6016300930182
2387,3279.8059681942259
2388,3280.1655561396774
2389,3281.4293332937
2390,3283.9386004287289
2391,3284.9206815389607
2392,3286.9142151140786
2393,3288.1570407959048
2394,3289.5428151208075
2395,3290.5213234060702
2396,3292.5304860261394
2397,3294.7832772479301
2398,3295.5130251802198
2399,3298.4467517646049
2400,3299.3090564405552
2401,3300.0088252387559
2402,3301.3761764389183
2403,3302.540271111357
2404,3305.1216316317232
2405,3305.9755349494139
2406,3308.3376543068543
2407,3310.1676310830094
2408,3311.135079851028
2409,3312.2542889626352
2410,3313.8804700285496
2411,3315.5890987000407
2412,3316.4083458604887
2413,3320.0455608104353
2414,3320.4772432359382
2415,3321.6341964736198
2416,3321.791063140663
2417,3324.6827053964516
2418,3327.2472978446367
2419,3329.7324405654226
2420,3330.9167798941035
2421,3332.556917979945
2422,3334.1219786347292
2423,3336.3208702659276
2424,3337.0991693185379
2425,3338.5381842145712
2426,3339.5018074652717
2427,3342.5125807584054
2428,3343.3158407734618
2429,3345.4619845000097
2430,3347.4851957086189
2431,3349.4252306657531
2432,3350.8064033227083
2433,3352.5835039229232
2434,3355.3429327397084
2435,3356.951282821849
2436,3359.1735963856395
2437,3360.969913325127
2438,3362.293127909938
2439,3364.0205848484816
2440,3365.234647094298
2441,3367.9820485474925
2442,3372.1932435551462
2443,3372.7465903861053
2444,3374.6792663659094
2445,3376.3362038511614
2446,3379.5457128697863
2447,3381.3958885253624
2448,3382.5730167055799
2449,3383.5510613058086
2450,3386.1153395789665
2451,3388.5944709743039
2452,3389.722211454517
2453,3392.550819976309
2454,3393.3188421401492
2455,3395.7411820742736
2456,3398.1988736721346
2457,3400.1036151195131
2458,3403.0570623940835
2459,3404.1576839021486
2460,3405.2438846099062
2461,3408.8226016207946
2462,3412.1921919707247
2463,3413.1010536745603
2464,3414.8232526037409
2465,3417.801327508806
2466,3418.904194565529
2467,3421.0016307537953
2468,3422.2082453663738
2469,3423.5411312598249
2470,3424.1751138655209
2471,3426.5142613262133
2472,3430.6278091249924
2473,3432.7298032428848
2474,3436.1954485936176
2475,3436.5421325999214
2476,3438.8986656243474
2477,3440.7797507548057
2478,3442.2669554910103
2479,3444.4064178426702
2480,3448.1331173001495
2481,3449.4093344054918
2482,3453.0811462386005
2483,3456.5109761196732
2484,3458.8336121378902
2485,3460.5306065109962
2486,3462.0266252762076
2487,3464.4064029783044
2488,3466.3104306306391
2489,3466.4709055205158
2490,3467.4122194669058
2491,3469.3958734522512
2492,3470.0522877501512
2493,3474.4212658910928
2494,3475.5911275652625
2495,3477.1386919286174
2496,3479.3026657195041
2497,3483.5931092198748
2498,3484.973033463958
2499,3486.636847318206
2500,3490.6840579883205
2501,3491.4038983406713
2502,3493.1507101564325
2503,3497.8242306352281
2504,3501.3745750300232
2505,3501.9480300389441
2506,3504.773989242944
2507,3507.6428490280387
2508,3508.9901426981532
2509,3512.9300240413318
2510,3513.282630763038
2511,3517.2684967729551
2512,3520.5953391038306
2513,3521.7660219096506
2514,3524.2439326093672
2515,3529.0763058758021
2516,3531.1079375721611
2517,3531.6532321912387
2518,3534.0994081221615
2519,3535.4689112525025
2520,3536.837357125074
2521,3541.9821140840772
2522,3542.2023513966706
2523,3544.7503772857858
2524,3547.3663710999554
2525,3551.0253951960863
2526,3557.2549626191235
2527,3558.999424242189
2528,3560.4655792269687
2529,3561.9397478516116
2530,3566.093660047939
2531,3569.684238208999
2532,3570.7617181712176
2533,3573.8946497243624
2534,3577.4055436289814
2535,3578.6032750972067
2536,3580.2857567366223
2537,3585.3089687581478
2538,3586.3631227349956
2539,3587.3942539482819
2540,3588.1787440860498
2541,3590.0168210228426
2542,3593.3112449837904
2543,3594.4825528364713
2544,3596.5448844450211
2545,3602.3139633210212
2546,3604.9777328587666
2547,3605.8626036857113
2548,3606.971188621239
2549,3610.9215115427223
2550,3614.2067986152501
2551,3615.0935035242355
2552,3616.3351882647685
2553,3618.4203984338606
2554,3620.2237320100589
2555,3623.474816236559
2556,3625.2245112228311
2557,3630.7509330377534
2558,3634.6336879616133
2559,3638.0305851200051
2560,3639.9929004848132
2561,3640.1633343342091
2562,3642.3548898158501
2563,3645.7073380412021
2564,3648.4225879025648
2565,3650.8898792382111
2566,3654.1574466800007
2567,3655.5718897194679
2568,3659.4055310021081
2569,3662.2278084782179
2570,3663.057663343805
2571,3667.1960504530639
2572,3670.3159932444241
2573,3672.1753392358751
2574,3676.20475413541
2575,3677.0172270205512
2576,3678.1889929358349
2577,3680.8775615499844
2578,3684.9527218400362
2579,3687.0747463229914
2580,3688.114615500253
2581,3691.3580010417841
2582,3693.1296651370908
2583,3695.7210079496936
2584,3698.0914512019367
2585,3699.4571361035992
2586,3702.5425767969327
2587,3703.5363608227499
2588,3709.2268719548465
2589,3710.3475887404988
2590,3712.8522063681139
2591,3714.5051939676841
2592,3716.7249184163397
2593,3719.708108000968
2594,3720.8092734428424
2595,3721.9300986486523
2596,3724.6003105482091
2597,3727.3341734397582
2598,3728.2103104485786
2599,3732.070809275825
2600,3734.1576899514921
2601,3736.7879743552076
2602,3737.5640167568322
2603,3746.9052158057902
2604,3748.4738304866933
2605,3751.7931803347046
2606,3752.7794906051222
2607,3755.8080305301924
2608,3757.5289128559029
2609,3759.8205474061642
2610,3761.4933434856293
2611,3763.2458542408267
2612,3767.4662253994088
2613,3770.369303270727
2614,3772.0101796315257
2615,3775.0045212132209
2616,3777.7733609251845
2617,3780.6500173257391
2618,3782.7186837142604
2619,3784.7313863662062
2620,3787.2858616646508
2621,3789.0543004053211
2622,3792.0113061838715
2623,3796.1374691223691
2624,3798.6503888229768
2625,3800.2473057637685
2626,3803.6585445809083
2627,3806.3948240261784
2628,3808.6091544308242
2629,3809.8734307803284
2630,3814.0661835021911
2631,3817.8632246866146
2632,3818.754221140749
2633,3821.3887598805809
2634,3823.6058625523456
2635,3824.7402335706274
2636,3830.7088589597552
2637,3831.039207237096
2638,3833.5956689980003
2639,3833.9664163884368
2640,3841.0995332557004
2641,3844.1814321931229
2642,3847.9522207829255
2643,3849.5678582084206
2644,3854.6589819631213
2645,3857.1296766045525
2646,3860.477627205275
2647,3862.2808203278223
2648,3866.4177594216294
2649,3868.1092563251018
2650,3871.2141543223274
2651,3872.7173417120953
2652,3874.7395636073834
2653,3878.917565939882
2654,3881.7902180645265
2655,3882.010026045527
2656,3886.8446108091462
2657,3888.7496916556502
2658,3891.3692927519965
2659,3896.3188914640928
2660,3899.4064515280693
2661,3905.5763345851801
2662,3906.9150929748398
2663,3907.5437738970036
2664,3912.4120989285111
2665,3915.2225851735006
2666,3921.2497599579065
2667,3921.9167818753099
2668,3929.1061815094163
2669,3931.6898865875287
2670,3932.815283955104
2671,3934.6486083576269
2672,3937.3729089720609
2673,3939.0235743780277
2674,3943.5428876206111
2675,3947.6120491357024
2676,3952.54917841828
2677,3954.0512614799613
2678,3955.0145016215297
2679,3960.5328730613105
2680,3963.5257377380922
2681,3964.0655924807979
2682,3966.4018882667247
2683,3969.4944064674473
2684,3979.6149857486284
2685,3982.3784528464025
2686,3983.2726789957801
2687,3985.4672497537663
2688,3987.3193614415941
2689,3990.5529401464978
2690,3996.905968086015
2691,3998.490374878013
2692,4001.6190803782306
2693,4003.0330778588918
2694,4007.8849726478848
2695,4012.7961163199971
2696,4017.0819015652255
2697,4023.7626570633374
2698,4025.4972581143184
2699,4028.6827154482171
2700,4031.5786215618573
2701,4033.9041298198586
2702,4036.536286660722
2703,4038.8174060619363
2704,4042.8158601048276
2705,4047.0562394999906
2706,4049.5482890233229
2707,4053.9098685954673
2708,4057.5441630350911
2709,4062.89137792155
2710,4065.0350881743734
2711,4066.6938014594457
2712,4069.2979714907506
2713,4075.8905282400724
2714,4080.1441386211782
2715,4082.3803384194184
2716,4083.8408528909408
2717,4088.2552336146518
2718,4093.6069274326796
2719,4098.9024875785381
2720,4101.7943230902829
2721,4105.359766178648
2722,4108.2411892438922
2723,4116.5368992754038
2724,4118.5932092180919
2725,4120.1056534712561
2726,4125.6019197767873
2727,4130.9533082064745
2728,4134.8548767397024
2729,4136.6989845298904
2730,4138.5699882077506
2731,4144.832286348098
2732,4146.2033584873097
2733,4148.5251523974284
2734,4154.2689299841159
2735,4158.3142412237676
2736,4162.1580652387984
2737,4164.0859930133447
2738,4166.2855123212094
2739,4170.2935656892068
2740,4171.7448984505245
2741,4175.1758423491747
2742,4177.8612138318849
2743,4180.2542102635762
2744,4184.0080832136709
2745,4184.8860236165692
2746,4188.0677185612185
2747,4194.2594247918205
2748,4199.9238880658741
2749,4203.2946187978978
2750,4205.8048819812184
2751,4207.4548979119954
2752,4210.0527147648572
2753,4215.4262678022815
2754,4219.6916293502318
2755,4220.2217508863969
2756,4225.3702459506121
2757,4229.5821066143289
2758,4235.2537536294849
2759,4235.9532573213819
2760,4237.8768065537361
2761,4241.9961354742927
2762,4248.8629119944917
2763,4253.4006031606195
2764,4256.4457327033988
2765,4259.6136013315117
2766,4263.4119896262036
2767,4265.027277080344
2768,4266.3207091526911
2769,4266.8982378440433
2770,4270.2284791013881
2771,4273.0861560773628
2772,4277.4014575342981
2773,4281.7663241045493
2774,4284.1026625519971
2775,4285.642445300934
2776,4292.3877956298284
2777,4297.777559526281
2778,4300.7905348755285
2779,4307.1955919221064
2780,4309.2024440655932
2781,4312.4171794699951
2782,4315.8591649728442
2783,4318.8359990610079
2784,4323.0417728068605
2785,4330.0635986980215
2786,4331.8741804141691
2787,4332.2169054841115
2788,4338.2181329565656
2789,4341.203143255716
2790,4347.1763406597474
2791,4349.0762137792517
2792,4352.0161048171685
2793,4358.4787635531384
2794,4359.7932275311105
2795,4362.1937015985741
2796,4367.0233785251166
2797,4368.7591928848515
2798,4370.7858162174743
2799,4376.3677509221206
2800,4378.8106228024026
2801,4379.5155003444361
2802,4385.6898944858131
2803,4386.5800066419624
2804,4390.8784506749626
2805,4393.9393549280121
2806,4395.100106261355
2807,4400.0071421612847
2808,4405.197384805635
2809,4407.6770807610965
2810,4408.2935536418372
2811,4414.099212223563
2812,4414.5988033387794
2813,4417.5279412974651
2814,4425.3717471866094
2815,4426.6744660461518
2816,4435.7970405233245
2817,4442.3733327921118
2818,4444.8487058460423
2819,4445.8367433633402
2820,4450.4599853625205
2821,4450.9315328630164
2822,4456.0494215021472
2823,4457.3447895116724
2824,4459.2639264280488
2825,4466.0906499803241
2826,4470.784042856093
2827,4471.7322476095451
2828,4477.4660516632039
2829,4480.2610439735972
2830,4482.6097113604865
2831,4485.3874385177232
2832,4493.2580927217969
2833,4495.3908023523763
2834,4498.5392525478437
2835,4500.3251426853803
2836,4504.8643095456246
2837,4509.9878052862077
2838,4512.6919740460253
2839,4513.8451441484885
2840,4519.8041592793134
2841,4527.2000081758633
2842,4529.8512608011451
2843,4534.6199190521111
2844,4539.8276071754544
2845,4540.328520591841
2846,4544.9655148638403
2847,4551.2885821683676
2848,4552.1785691017949
2849,4554.1763317926152
2850,4560.0262004111291
2851,4561.5088857807932
2852,4564.2043867573057
2853,4565.8012773184173
2854,4570.6538705293124
2855,4572.412846137885
2856,4576.7456457641065
2857,4579.936638212087
2858,4583.2135583904792
2859,4586.6641207798948
2860,4590.0878582370951
2861,4590.8581025347858
2862,4601.5238324399406
2863,4604.4200119899442
2864,4609.2702658499429
2865,4610.4544817761089
2866,4617.019835806298
2867,4620.4447442972769
2868,4622.9873244069713
2869,4628.1753913648818
2870,4636.3583569695511
2871,4638.0304597210534
2872,4645.1005019107743
2873,4645.7650565504209
2874,4650.3290821534329
2875,4652.3654525997217
2876,4655.9330190183373
2877,4660.2522096532348
2878,4660.9108459809268
2879,4666.2267334374092
2880,4667.6536158024992
2881,4671.527235075725
2882,4672.1893291918896
2883,4676.7905640257477
2884,4678.6928800291853
2885,4680.4121805767309
2886,4684.3722995132348
2887,4688.6264160463752
2888,4692.0402050824787
2889,4694.2480407925241
2890,4700.1337579436404
2891,4704.3770227827299
2892,4706.9136479192575
2893,4708.3765154765597
2894,4710.2586966181016
2895,4716.7966820742167
2896,4717.3738583821796
2897,4721.0813588182082
2898,4724.7514237016549
2899,4726.7193249184984
2900,4729.9238287166845
2901,4731.7794850102282
2902,4736.2674915546468
2903,4740.7406233320689
2904,4746.0607390027308
2905,4747.4738509091158
2906,4749.0332404194041
2907,4750.4133664856563
2908,4752.3627813054509
2909,4756.3354274449903
2910,4759.613181985349
2911,4768.6492998608765
2912,4769.9540840553782
2913,4774.3969303156746
2914,4778.1551105957024
2915,4780.5653226505538
2916,4783.0709525895145
2917,4787.6309923799763
2918,4789.2247504517754
2919,4795.2597406341629
2920,4796.4918832492867
2921,4800.9189894665178
2922,4802.008986045279
2923,4803.8410997302326
2924,4808.6957843889832
2925,4811.2513343153651
2926,4812.2399945998022
2927,4814.6471100152667
2928,4818.3690796444735
2929,4820.1125729792429
2930,4822.731359451479
2931,4827.3025722094453
2932,4829.6887582218042
2933,4831.9801898487576
2934,4835.3975409931536
2935,4839.516994857905
2936,4840.4544447812141
2937,4844.1554281138006
2938,4846.3966289040172
2939,4851.7699409479301
2940,4852.8637540246427
2941,4854.1841550609033
2942,4858.8932939772376
2943,4862.2905857573933
2944,4863.8476830929148
2945,4866.0628256316786
2946,4868.8297738940691
2947,4871.2469158686918
2948,4874.1792458845703
2949,4877.8860155701341
2950,4878.7839916251169
2951,4879.5780554910425
2952,4888.0475399617026
2953,4889.539738523652
2954,4891.7253322728857
2955,4894.4701719677296
2956,4899.4572436668968
2957,4899.7442562646593
2958,4903.1430983955988
2959,4906.8187388510441
2960,4907.8018975153982
2961,4910.4624893870896
2962,4911.0394009526644
2963,4913.4547478803943
2964,4914.2020188545903
2965,4916.6742867186895
2966,4917.7950296348117
2967,4923.4784239478395
2968,4923.6308810989785
2969,4927.9214427993047
2970,4928.8454283114743
2971,4932.5103452505982
2972,4934.7680974327377
2973,4938.6380462282677
2974,4940.7903790277796
2975,4943.0345636543952
2976,4944.3755568373426
2977,4947.8023898061156
2978,4948.4013452251629
2979,4949.6841283483081
2980,4952.2322162627706
2981,4954.8289224866439
2982,4955.6250903193322
2983,4958.0679854367963
2984,4962.2389394217134
2985,4963.946817925339
2986,4965.1755002163354
2987,4968.4012512776626
2988,4969.3657363490474
2989,4973.3507171203246
2990,4973.8699341168558
2991,4975.1719325638614
2992,4975.5356347973166
2993,4980.5225516617575
2994,4981.7919036764615
2995,4983.9849944034186
2996,4985.5386364501301
2997,4985.7749507253075
2998,4987.1421884314586
2999,4988.0212472791636
3000,4988.6869346908916
3001,4994.4500558779919
3002,4995.2523421529713
3003,4996.5152680842266
3004,4997.4982963964403
3005,5000.33586398036
3006,5001.9128396686992
3007,5003.6338750505529
3008,5005.6197962177912
3009,5007.2827551722385
3010,5008.170351751417
3011,5012.1933213003813
3012,5013.3648438322016
3013,5015.038729122316
3014,5017.1038218963067
3015,5020.9186857697132
3016,5021.255190369222
3017,5022.1804593643619
3018,5025.0191934545583
3019,5026.3942538443962
3020,5027.410975382395
3021,5028.1444781795963
3022,5029.8705744153813
3023,5031.7645417010172
3024,5031.9690635311372
3025,5033.7414830341422
3026,5036.046907072352
3027,5037.0461876010331
3028,5039.6009091637134
3029,5040.9280719672815
3030,5042.7231665986101
3031,5042.8643260813396
3032,5044.6097425102962
3033,5048.0837271300379
3034,5049.5568700752474
3035,5052.8234447814757
3036,5053.1566972476348
3037,5053.8589255077422
3038,5054.2102263359739
3039,5055.4522855330315
3040,5057.9891776634158
3041,5058.6007079881556
3042,5060.0013266264241
3043,5061.3130134875601
3044,5063.1935358446626
3045,5064.5786613293503
3046,5065.1726355179162
3047,5067.7431193587799
3048,5068.0350736579958
3049,5070.4586460225682
3050,5072.3355678799617
3051,5072.9468482766088
3052,5073.0958785337853
3053,5075.8966671470907
3054,5076.726024940428
3055,5077.8164105638771
3056,5079.3693830969614
3057,5079.8142617982721
3058,5081.3033541418508
3059,5081.7409635324075
3060,5082.5613663690574
3061,5084.5800007940752
3062,5084.9990264684166
3063,5086.348281814202
3064,5087.6129583237189
3065,5088.1324261161535
3066,5090.2623470281333
3067,5091.6006983930656
3068,5092.3101813328276
3069,5093.7483437932015
3070,5094.5092518224519
3071,5095.5002758187711
3072,5096.7007849923602
3073,5097.6470460761539
3074,5099.1219342338918
3075,5099.7075915529231
3076,5101.1671364681333
3077,5102.1548127369824
3078,5103.7383815748308
3079,5105.2257783810592
3080,5105.5420217874516
3081,5106.4014185081996
3082,5107.7660486165905
3083,5108.8894127399572
3084,5109.8755665601739
3085,5111.5436363866802
3086,5112.2854560750793
3087,5113.41022639942
3088,5113.7298813095604
3089,5114.3939299613712
3090,5116.4753916976015
3091,5117.494620286142
3092,5119.1351368537207
3093,5121.0877753403402
3094,5121.4605722647402
3095,5123.5509181405914
3096,5124.2914780720821
3097,5125.2581124929484
3098,5126.2170652605537
3099,5126.4345558485902
3100,5128.0277934534124
3101,5128.7015518818253
3102,5130.6228960582002
3103,5132.4629586805131
3104,5132.7093375318618
3105,5133.3383234279099
3106,5134.4288575993914
3107,5134.5302594086525
3108,5136.5135555737324
3109,5136.823275660603
3110,5138.4557761942642
3111,5138.7690437179826
3112,5139.2253342327576
3113,5140.601544704542
3114,5141.9190017570227
3115,5143.6801624198042
3116,5144.466986121688
3117,5146.4297701094838
3118,5146.7346599588491
3119,5148.5865584675212
3120,5149.0069353474564
3121,5150.0391691246787
3122,5152.0433857530534
3123,5153.7223149234369
3124,5153.911423065184
3125,5155.4019212442208
3126,5156.4724845990368
3127,5157.4625304212705
3128,5158.8308639183997
3129,5159.9844743000604
3130,5161.2178255385725
3131,5161.797477673389
3132,5162.3999110180175
3133,5164.613541442438
3134,5165.7118286603527
3135,5166.0642948382138
3136,5167.040382033585
3137,5168.2321405568164
3138,5168.7291722829705
3139,5170.0948213747697
3140,5173.0509272441659
3141,5174.640112445104
3142,5175.5653794147829
3143,5175.7695065499129
3144,5177.8031713407099
3145,5178.1148746229765
3146,5178.5316694566245
3147,5181.0285456701604
3148,5182.0452479071182
3149,5183.5377675968766
3150,5184.9706005456701
3151,5185.8262919574317
3152,5187.5384791861798
3153,5189.1202721145619
3154,5189.9307154431845
3155,5190.7523662346266
3156,5192.619468453714
3157,5194.0332803601468
3158,5194.4799935464534
3159,5197.6152721420467
3160,5198.7118282775364
3161,5199.3597050404205
3162,5201.1122530709217
3163,5202.0625051348852
3164,5204.337992607313
3165,5205.288985269498
3166,5206.7855630510967
3167,5206.8909076822456
3168,5208.018336762545
3169,5209.7205770188048
3170,5210.3081071864835
3171,5212.852348948657
3172,5214.5830259497088
3173,5217.1642238473787
3174,5217.6701965539933
3175,5219.4758223875069
3176,5222.117279986197
3177,5223.8760249646739
3178,5225.0441583839302
3179,5226.3640898927724
3180,5227.8292825446524
3181,5228.5999753834058
3182,5228.9847581787744
3183,5230.2754349826437
3184,5232.6436736247224
3185,5234.6214617344112
3186,5235.9659572580194
3187,5237.4822374315918
3188,5239.2920435535871
3189,5241.5885436897788
3190,5241.9651988328651
3191,5244.134851304424
3192,5246.7389095028157
3193,5247.7362262068345
3194,5249.0264252340658
3195,5252.3744851520696
3196,5252.4488425369755
3197,5253.6083859496039
3198,5255.0467269768205
3199,5255.3505454413744
3200,5257.7038612550232
3201,5260.9036282526795
3202,5262.9845964769529
3203,5264.4066628216215
3204,5265.191996756188
3205,5267.6552220730418
3206,5268.4432314485921
3207,5271.7275127405392
3208,5272.6118861787854
3209,5274.5444590259813
3210,5274.7797694422297
3211,5277.3757912847977
3212,5278.6816449947119
3213,5279.3001639856675
3214,5279.646379636215
3215,5281.9043546579442
3216,5283.2435754511225
3217,5285.2791288440039
3218,5285.6537868141168
3219,5287.0695262031895
3220,5289.2178942764322
3221,5290.9543661362914
3222,5294.495018582943
3223,5295.3130176797076
3224,5296.3432170827518
3225,5297.7248443340604
3226,5299.2117793573016
3227,5302.5594681249768
3228,5303.5401570977083
3229,5304.131548790665
3230,5306.5815493088612
3231,5307.3781745403112
3232,5309.3583259994712
3233,5309.9047149396129
3234,5312.039763804406
3235,5314.670539370908
3236,5316.4280852053316
3237,5318.4178208234507
3238,5319.8022643268814
3239,5321.2540962901794
3240,5322.2805419228262
3241,5324.0133063806416
3242,5326.9649151215972
3243,5327.9596867167802
3244,5329.7927299154799
3245,5331.8286009230742
3246,5333.5872011229776
3247,5334.3443637993159
3248,5335.2743396023307
3249,5336.5396681021375
3250,5338.9629673388436
3251,5339.4844625023825
3252,5342.6256015479821
3253,5343.752824152295
3254,5344.9547397194083
3255,5347.9398818742602
3256,5348.4291125551881
3257,5350.9157143373868
3258,5352.7466516739469
3259,5354.7126544531584
3260,5356.1124107116393
3261,5356.8249960743415
3262,5359.6740177614638
3263,5360.9954514412111
3264,5362.5343825583623
3265,5364.1202171035629
3266,5366.7473492696154
3267,5368.7084933627984
3268,5368.7786048820626
3269,5370.3196301716762
3270,5372.2754770767187
3271,5374.4415991935157
3272,5377.0618529402263
3273,5378.0178794466001
3274,5380.4510164459043
3275,5381.6009990782577
3276,5383.5960452112558
3277,5386.5779894371553
3278,5388.385210474823
3279,5391.3293152590713
3280,5391.6499930094087
3281,5393.3147729540906
3282,5394.4949476691618
3283,5395.6672173312008
3284,5397.8767721976701
3285,5399.7458222805644
3286,5404.3964463386847
3287,5405.753209780959
3288,5407.2807258010898
3289,5408.1331295021982
3290,5409.7600840315163
3291,5411.5947083712272
3292,5413.0477258611118
3293,5414.0288118266253
3294,5417.4391379089602
3295,5417.7415893677889
3296,5420.0903901628726
3297,5421.9808408411036
3298,5424.5563293201149
3299,5426.2256016273031
3300,5427.560521715508
3301,5430.1139740821918
3302,5432.4993135031782
3303,5434.3118295815739
3304,5436.2549186020651
3305,5438.5349482286556
3306,5439.4379427465738
3307,5442.1341614490057
3308,5443.5105552992563
3309,5445.3417411549271
3310,5446.0513420107109
3311,5449.1099019570265
3312,5450.0735008025067
3313,5452.4238804435772
3314,5452.6261559071627
3315,5456.3998258508336
3316,5456.9029701906311
3317,5461.758040436318
3318,5462.3334700622772
3319,5464.9903014178108
3320,5466.4825874244898
3321,5468.4474213518379
3322,5470.7779519822107
3323,5473.195001702531
3324,5474.7266573346133
3325,5478.4086828245026
3326,5479.9169187858906
3327,5482.9753063965627
3328,5486.3777032922517
3329,5488.3920847477566
3330,5489.3267028072833
3331,5491.0937553657386
3332,5494.0530731776589
3333,5494.860820817843
3334,5496.8207009609168
3335,5500.4025842610035
3336,5501.434487911074
3337,5502.7458938019026
3338,5503.5625470931882
3339,5508.2221449088383
3340,5510.5392920175245
3341,5513.530317478403
3342,5516.2633485366359
3343,5518.1769034324852
3344,5520.2058006958587
3345,5523.7769151899156
3346,5525.1890387241683
3347,5527.3663719605729
3348,5527.665286527752
3349,5531.2791004872361
3350,5531.8609442150992
3351,5534.8909914137566
3352,5537.1000367057295
3353,5539.6514364483382
3354,5540.6755442051408
3355,5542.9818095432165
3356,5545.1312509363079
3357,5545.6577925886722
3358,5549.5020596989634
3359,5551.0499306220254
3360,5553.0658309338423
3361,5555.4138196202557
3362,5557.6333138950913
3363,5563.0970816507324
3364,5564.772383286514
3365,5565.7044907723985
3366,5566.8819334651444
3367,5569.6438334634759
3368,5570.392929902453
3369,5572.5973145856469
3370,5575.8113339881265
3371,5578.3044009350306
3372,5581.6846189196131
3373,5583.7725215139799
3374,5586.0733745548569
3375,5588.1330821723341
3376,5591.5755747125404
3377,5592.6909617035872
3378,5592.9807908641096
3379,5594.9938143381487
3380,5596.7803294691503
3381,5600.7743313646843
3382,5601.6741775766914
3383,5601.8192085907995
3384,5605.4524654759307
3385,5606.5090148794779
3386,5608.3735329355677
3387,5610.5160674996087
3388,5611.364958610292
3389,5613.2817487697948
3390,5615.1311845069358
3391,5617.2511951426477
3392,5620.6891207835497
3393,5622.8216831713398
3394,5623.3867425345552
3395,5626.619566470551
3396,5629.6602154414595
3397,5630.6267321573132
3398,5635.796877972547
3399,5637.9509154741136
3400,5639.4440809558437
3401,5642.3901082463508
3402,5644.3093930996265
3403,5645.697081499733
3404,5649.3316057027605
3405,5650.5549742325493
3406,5652.0506654479314
3407,5653.6420652024253
3408,5656.8137054758472
3409,5660.6525433972183
3410,5664.1884514069479
3411,5668.4474196284209
3412,5669.3621750979228
3413,5670.943287431377
3414,5674.7596305049647
3415,5677.3468268467404
3416,5680.7204161407117
3417,5681.5879206337013
3418,5685.064620398548
3419,5687.1738679316868
3420,5690.6377306428749
3421,5691.8551357650131
3422,5694.1022950228071
3423,5697.562204799553
3424,5698.8094131744974
3425,5701.4102198389974
3426,5703.17528448537
3427,5704.4721646377702
3428,5706.0139081831539
3429,5709.4194285107078
3430,5712.411497887294
3431,5716.8268816797081
3432,5716.9637703105254
3433,5718.2892356321845
3434,5721.8189088178478
3435,5722.1239177039652
3436,5725.7056615856545
3437,5728.8977280420104
3438,5731.4319381790929
3439,5733.2284642944524
3440,5737.388187894725
3441,5738.3011986086822
3442,5740.7628424843688
3443,5742.5405829327719
3444,5745.8070287754217
3445,5748.2852043651501
3446,5749.6635672135808
3447,5752.9444806193278
3448,5755.9879205392872
3449,5756.5830888653945
3450,5760.990152401363
3451,5764.5412069256754
3452,5765.3067607500207
3453,5768.50156128864
3454,5770.9641517412265
3455,5775.4882856534905
3456,5776.9972775747347
3457,5780.142421617591
3458,5782.3017010742733
3459,5783.6566799056782
3460,5788.196933619517
3461,5790.4681637750527
3462,5792.3580751115933
3463,5796.038386333973
3464,5798.0031844205796
3465,5800.3515518458544
3466,5803.1167749668566
3467,5805.7159566602131
3468,5809.0412574794173
3469,5811.3400831012877
3470,5812.0714171183099
3471,5814.6013054089035
3472,5817.6797553487331
3473,5819.7842957992452
3474,5821.2994063348197
3475,5826.5254557098579
3476,5830.400713567823
3477,5830.9119505380086
3478,5836.5942123214027
3479,5837.6953312805144
3480,5843.8002125528192
3481,5844.7664546005044
3482,5848.0716692000242
3483,5852.5552111429142
3484,5855.9627240719756
3485,5856.8165568709019
3486,5860.693158334484
3487,5864.1267249772045
3488,5864.684729864467
3489,5868.7390955949595
3490,5869.6211405327558
3491,5870.6768183940976
3492,5876.1148591681986
3493,5876.7481357540719
3494,5878.2877224319236
3495,5884.5928155795937
3496,5885.4267381134878
3497,5888.110613555521
3498,5893.3720054106434
3499,5895.2111799800059
3500,5898.2604973899606
3501,5902.2199421246414
3502,5903.2586968228879
3503,5906.5125219149741
3504,5910.6421475900133
3505,5912.474133783553
3506,5913.4170481871688
3507,5919.2765281367756
3508,5921.9431271093954
3509,5924.8696588680923
3510,5933.5668987803929
3511,5933.9165040207454
3512,5936.2314391974478
3513,5938.0081347340993
3514,5942.7321449020737
3515,5946.5307231729957
3516,5948.1369733001866
3517,5952.7615738671066
3518,5955.7516737643782
3519,5958.2196774250015
3520,5960.552506961043
3521,5965.3708742054941
3522,5968.2243250677438
3523,5968.6136816168828
3524,5972.1836322761292
3525,5975.2160205006594
3526,5976.7681750828078
3527,5979.0016605698329
3528,5984.0153583069769
3529,5984.9789947929366
3530,5987.2185294522797
3531,5989.6782942109294
3532,5993.7926088622489
3533,5994.7586555016751
3534,5995.5326803163352
3535,6001.5895922055342
3536,6004.5335870880008
3537,6006.4972574829135
3538,6011.797114990738
3539,6013.6150711697128
3540,6014.2718730486476
3541,6020.47570951333
3542,6022.1607533140605
3543,6026.0569720514559
3544,6027.7099876482671
3545,6030.9863577953274
3546,6034.5315808282512
3547,6037.857565846135
3548,6042.3130307408455
3549,6042.4565800386526
3550,6047.5553006832579
3551,6048.5487394639413
3552,6051.8359813528959
3553,6054.3313661884731
3554,6059.070267799636
3555,6062.2033603986374
3556,6062.9783868117875
3557,6064.0922398138127
3558,6068.4198507551628
3559,6074.1312627540547
3560,6077.9320119329241
3561,6082.0050774756737
3562,6083.9017918331001
3563,6085.6716320336118
3564,6089.6051626939397
3565,6091.4449184905288
3566,6095.2472030485378
3567,6098.5878084134492
3568,6103.7378551510928
3569,6104.8534586565029
3570,6106.8482836779967
3571,6109.8044898711087
3572,6114.6036362626473
3573,6116.5272883566186
3574,6120.6179471778496
3575,6127.7238942101321
3576,6129.577273975473
3577,6130.4945966110517
3578,6136.954771290696
3579,6137.8363060319971
3580,6142.7802971711126
3581,6145.2479040542312
3582,6148.8644277736557
3583,6151.9223621576311
3584,6154.3798582710206
3585,6156.0452019591121
3586,6157.6878200672145
3587,6162.2458229331851
3588,6165.5987108992349
3589,6170.2877728251942
3590,6170.987433250677
3591,6175.1084010887816
3592,6176.2542817068115
3593,6178.1556972436783
3594,6179.2587540230916
3595,6183.2732014469939
3596,6190.6586693263089
3597,6191.704655621008
3598,6193.2583779993229
3599,6196.7265334246931
3600,6198.3948808841606
3601,6201.3211869394254
3602,6208.1065673528456
3603,6210.8437271744979
3604,6213.0964503077339
3605,6218.8581585373959
3606,6220.4821228228711
3607,6227.0750679519251
3608,6229.0511077240126
3609,6231.3757496320295
3610,6237.9696335443605
3611,6242.682783660347
3612,6243.5230923646313
3613,6251.3647629051748
3614,6255.1435717801969
3615,6257.436297882914
3616,6262.3473769223383
3617,6264.2854379349455
3618,6268.380559126128
3619,6272.5384070464652
3620,6276.4465983685686
3621,6278.3475124875213
3622,6278.9203954469194
3623,6285.6832154325839
3624,6288.0355244430839
3625,6291.0912728177518
3626,6294.4997838010222
3627,6297.1449437467199
3628,6305.0959124869842
3629,6308.9967332480828
3630,6314.1000786892846
3631,6315.4137092010633
3632,6319.7592899932306
3633,6321.4880116910463
3634,6325.8821823508106
3635,6329.9123949428595
3636,6333.9825589388111
3637,6336.9579722699345
3638,6339.4565855715646
3639,6343.2006847936036
3640,6346.7031323264218
3641,6349.9500708865962
3642,6354.1123780118323
3643,6360.190518593392
3644,6365.0630107070483
3645,6367.5134627743246
3646,6371.847517045002
3647,6376.1169706986866
3648,6377.8404863565693
3649,6381.4228146065052
3650,6382.7688892741899
3651,6389.1363896615267
3652,6391.096204506498
3653,6392.5621087516529
3654,6397.4934007593447
3655,6402.3892927945108
3656,6407.0236047659664
3657,6409.8111515737646
3658,6410.1519379362644
3659,6412.2212900651184
3660,6414.7675285171881
3661,6418.2242372337923
3662,6422.7104400411117
3663,6425.947867441143
3664,6432.0871584308197
3665,6435.8629560630698
3666,6437.9074072966823
3667,6438.532990665517
3668,6447.0489373049131
3669,6448.0114485946197
3670,6453.5366583665973
3671,6461.9058559413315
3672,6465.7321857956704
3673,6468.3789035162581
3674,6470.1086926537046
3675,6472.4232050130386
3676,6473.9108876797436
3677,6477.2090752607619
3678,6480.9452981682489
3679,6487.1914893974617
3680,6494.0129215600336
3681,6495.8319778878622
3682,6502.8006211113488
3683,6506.1021442588935
3684,6509.6242177250069
3685,6515.7633825539315
3686,6516.8225811691409
3687,6521.9219236314166
3688,6523.9486307213365
3689,6527.4634296598006
3690,6528.0317462565572
3691,6530.8744665985005
3692,6536.6297591100119
3693,6540.1179615641495
3694,6549.5162197982627
3695,6556.8812675675417
3696,6561.3722556562998
3697,6562.8677536686246
3698,6564.8162354391816
3699,6573.9979143780683
3700,6577.8720808656217
3701,6579.5114803216775
3702,6583.6594003715099
3703,6587.6016156566893
3704,6588.242735429073
3705,6595.558450755686
3706,6600.1048402420238
3707,6604.9993244080079
3708,6613.3405927683243
3709,6615.4567242480107
3710,6620.1522595919405
3711,6629.3172215885652
3712,6633.5524187291294
3713,6638.4780093894733
3714,6639.6946593056991
3715,6647.2539298992069
3716,6653.6204548509049
3717,6660.1106460276569
3718,6665.5199766384767
3719,6667.5251699968139
3720,6672.4391710415666
3721,6679.6816306544051
3722,6681.9169954434101
3723,6684.2845782322402
3724,6692.6913553600962
3725,6696.3943754031125
3726,6701.0926437645539
3727,6704.4174526198585
3728,6705.4870683017152
3729,6715.7047008298287
3730,6718.726419073002
3731,6722.0574506717594
3732,6731.6253363318938
3733,6736.4779703215745
3734,6743.5839683606364
3735,6745.17975405999
3736,6749.3333764993477
3737,6755.5235864692868
3738,6761.0404343448363
3739,6768.7441239954615
3740,6769.8155915808975
3741,6771.9013518589518
3742,6775.6581886272515
3743,6779.4389667301057
3744,6784.9173594844369
3745,6786.6385999811928
3746,6796.3836507545047
3747,6806.7066660617502
3748,6809.3684027360287
3749,6811.3704619205246
3750,6815.7519829991807
3751,6820.1718001437066
3752,6826.5278906783178
3753,6833.0842476628741
3754,6838.8150393902288
3755,6844.2137784829656
3756,6848.9334600172524
3757,6852.4231767847577
3758,6859.4990051071763
3759,6867.267715181838
3760,6875.7740164608749
3761,6881.4313889623209
3762,6883.1915402824507
3763,6889.4200485024649
3764,6895.4722790874885
3765,6901.3345764462983
3766,6903.9198828803164
3767,6907.3275543146829
3768,6909.4026364247247
3769,6922.8578790339461
3770,6925.5794728704159
3771,6929.7258645769325
3772,6939.3647127909544
3773,6949.4968120498615
3774,6951.1800757507981
3775,6956.7430463863811
3776,6961.6669998513134
3777,6964.0618895023918
3778,6970.9258983604614
3779,6979.7139859061708
3780,6987.0038481437059
3781,6996.525129917859
3782,6998.9434005861885
3783,7004.636094059174
3784,7007.9237400214652
3785,7024.6795016411006
3786,7026.9961885580415
3787,7035.087182944344
3788,7040.0750144394642
3789,7041.7854011434074
3790,7047.0557507982667
3791,7050.1679767796568
3792,7059.5081203817354
3793,7065.2930723237296
3794,7069.2609209442908
3795,7071.4567207548371
3796,7082.2758206420331
3797,7092.6654271503103
3798,7098.9902313950261
3799,7101.5765335689621
3800,7104.7259091476135
3801,7113.9829828038846
3802,7118.0806470463622
3803,7125.8958338393386
3804,7136.999338376665
3805,7141.6932661969304
3806,7149.2688859037926
3807,7151.7459039077794
3808,7155.8385247154038
3809,7158.4898673913476
3810,7169.9802239884202
3811,7183.8794199277309
3812,7190.6343028682168
3813,7203.2414335627882
3814,7207.3141983393507
3815,7215.3293429515716
3816,7215.9535971146588
3817,7218.9008724363321
3818,7228.2913850008335
3819,7232.649631248074
3820,7240.7451000122683
3821,7244.539630935531
3822,7254.9421052976204
3823,7265.8527521096548
3824,7271.6009779541255
3825,7283.0856524767314
3826,7286.5314162603272
3827,7298.5724384827217
3828,7301.3609316108732
3829,7311.2046191898962
3830,7320.0986100938717
3831,7322.8692070423986
3832,7324.9118701340431
3833,7350.9140244089213
3834,7363.3536021989994
3835,7368.7746648648708
3836,7378.3202595644561
3837,7379.3089668342564
3838,7380.1202526862671
3839,7385.7430740476711
3840,7401.7255782536395
3841,7418.3806794894481
3842,7423.4880476073258
3843,7430.9770583441687
3844,7443.9457620484845
3845,7457.6819559917067
3846,7478.194658307415
3847,7480.2131396424074
3848,7495.1266133178724
3849,7503.3501283479327
3850,7517.2389233670092
3851,7528.7930723320615
3852,7530.3520067183163
3853,7543.421398484521
3854,7553.3076703205197
3855,7574.3223331201461
3856,7583.906193908002
3857,7595.2706841374329
3858,7597.53863411979
3859,7605.9097792892535
3860,7610.9669285171549
3861,7634.4164292677378
3862,7640.7126658713705
3863,7654.0382755003111
3864,7703.948227305299
3865,7756.8515252502702
3866,7763.5513235876306
3867,7764.2202511518763
3868,7801.1238201876004
3869,7821.2787627882544
3870,7858.1649729936616
3871,7876.5378071495124
3872,7884.3744296092036
3873,7886.9379804330374
3874,7902.3349352495688
3875,7949.5088741805102
3876,8082.0835456337491
