# Domain: L_shaped (FD, convergence sweep, dense eig full spectrum)
# Resolution M = 41, dofs = 1240
# Computation time: 0.0807 s
# Eigenvalues stored: 1240 of 1240
n,lambda_n
1,9.6656556632247401
2,15.168108467438831
3,19.702422538869193
4,29.417141577454977
5,31.878290283775058
6,41.284052838145954
7,44.63159906285135
8,49.035996566057158
9,49.035996566072598
10,56.449905510809003
11,64.861173562551429
12,70.400043288679498
13,70.887368732777418
14,78.369570593244632
15,88.254961594040935
16,91.058608762229255
17,96.167919398340374
18,97.196669779499175
19,97.19666977950034
20,100.50208395069893
21,110.9442985864558
22,113.79285028470444
23,126.53024380668558
24,126.53024380669342
25,127.40338894932052
26,127.56869655478859
27,140.6039120612302
28,148.34313268160577
29,151.3181804375541
30,159.0580878456077
31,160.45493514787978
32,160.82529002207039
33,163.10861232273092
34,163.10861232273206
35,174.69091702013642
36,175.3902588524488
37,179.22988929593896
38,192.4421863499108
39,192.44218634991887
40,197.3723211344066
41,201.42754280392506
42,201.45402294876547
43,203.69302904862667
44,217.53710839951896
45,217.98945400772675
46,228.49926902194446
47,230.97089623965462
48,240.3441069050692
49,240.60285956335241
50,240.60285956335647
51,241.68039794659711
52,245.29946031552811
53,245.29946031553024
54,256.20283892918081
55,259.71869688589055
56,261.64280589237995
57,271.91347945403527
58,274.63303434271523
59,274.6330343427183
60,279.57900162235177
61,284.97156883151325
62,290.81900948536344
63,291.18989484529919
64,298.228341864752
65,300.80524382351325
66,306.51480210658241
67,318.88541669511704
68,319.41457237562594
69,322.79370755615349
70,322.79370755615793
71,334.22394439641556
72,334.99478677268473
73,338.12914844521288
74,341.64472472540905
75,341.9332060300315
76,341.93320603004184
77,351.84481148677492
78,352.53649168779759
79,360.62320488361661
80,361.94696760570548
81,371.07856542555044
82,371.26678005721777
83,371.26678005722113
84,371.70272343150191
85,388.7056500993869
86,388.70565009939207
87,391.95913511677128
88,392.82229186125755
89,395.8931490185638
90,398.08893096551333
91,415.10173111242136
92,419.42745327066103
93,419.42745327066183
94,420.56466566944403
95,422.16659404973751
96,425.01610917024203
97,432.01199675947862
98,443.28728651057446
99,445.22592032229414
100,446.21494875868223
101,450.85121126943494
102,450.85121126943739
103,453.41046411483705
104,453.45149765375834
105,461.31363307013271
106,466.4345917985388
107,470.89649809218491
108,474.71640011920368
109,475.370667667281
110,480.18478529662247
111,480.18478529662383
112,485.3393958138887
113,485.3393958138941
114,500.36595431305244
115,502.25687639519492
116,505.01266936239608
117,509.20388736250487
118,509.64728970794323
119,511.09010910089
120,524.19192510073879
121,528.34545851006271
122,528.34545851006499
123,532.30371169782472
124,536.33407923690731
125,536.34984959104656
126,539.03880808634494
127,543.19918811670334
128,560.90807009780065
129,561.15610294258795
130,563.62010254187101
131,566.75269516413277
132,567.53024380668671
133,567.53024380668774
134,569.62042777827639
135,569.62042777827708
136,578.37191793291356
137,581.12999528252385
138,590.75115047820191
139,590.82290309274367
140,594.2574010532893
141,594.25740105329066
142,598.95400180546312
143,598.95400180546574
144,599.11013071624723
145,606.56075828852204
146,614.05886595838638
147,621.80747338331958
148,622.13247902563887
149,629.98769249959128
150,631.73765780527549
151,632.5005626065564
152,637.5827811779983
153,639.09189962879861
154,647.11467501890206
155,647.11467501890229
156,653.19257434058386
157,654.77399009889746
158,658.99490929835065
159,659.03170492108359
160,664.16398952119278
161,676.44824904609277
162,676.4482490460947
163,679.1350184431858
164,681.0317809475207
165,688.94084050323534
166,691.14686852674413
167,695.58774751996327
168,695.58774751996884
169,700.81057133096385
170,702.90950911616244
171,704.16669571759326
172,706.99537785941914
173,713.02661756213195
174,713.02661756213456
175,715.14019376371823
176,715.38468487906948
177,720.30175337118601
178,724.92132154715364
179,724.92132154715409
180,729.45685271099023
181,737.80480673039858
182,741.69646069645091
183,746.30838345223492
184,747.44497810024359
185,756.05000828159257
186,756.32497248345169
187,760.4707748169526
188,761.26356727203654
189,773.0819947605944
190,773.0819947605969
191,773.08199476059735
192,773.08199476059804
193,776.16880842654177
194,776.53973773956727
195,787.13010652614969
196,787.36154690755473
197,795.21746555492768
198,795.21746555492859
199,804.39335585450226
200,806.6940275861532
201,809.07418572154961
202,814.98665187743836
203,818.7078535115445
204,821.41459019367039
205,824.61842488962816
206,825.93926872620762
207,825.93926872621023
208,831.40340235212784
209,832.33038049277059
210,838.99393730382349
211,838.99393730382383
212,841.10294392894809
213,843.83608927741943
214,845.49756143594311
215,847.17984666883456
216,849.05878644405766
217,855.27284275339753
218,855.2728427534006
219,858.68466804962839
220,862.31476735600654
221,876.04676208564626
222,876.31677716474121
223,881.40377885489693
224,882.0000000000008
225,883.78871403241692
226,891.80797239924527
227,891.85121126943443
228,891.85121126943704
229,892.14408926006956
230,903.43351596683863
231,903.43351596684295
232,904.51561718046014
233,904.78772740487352
234,918.39790114416849
235,918.68336806157708
236,921.18478529662218
237,921.18478529662377
238,922.24390446042787
239,927.13802797506708
240,934.49885573487552
241,934.72308559404678
242,939.69221606801398
243,947.17674723947937
244,951.88544420824712
245,952.3797602605016
246,957.76315381265931
247,957.76315381266249
248,960.18493020641768
249,961.19435452772007
250,963.94918090940416
251,966.49119972096923
252,969.34545851006465
253,969.34545851006487
254,971.6433018910393
255,972.79444648668732
256,976.63783518872242
257,977.30183935380546
258,987.09672783984922
259,987.09672783985138
260,987.13613504867101
261,989.44155050375559
262,1000.7692165088387
263,1000.7692165088396
264,1007.5484678531402
265,1007.582217850896
266,1011.4338370511725
267,1014.2524578193364
268,1017.8185310111285
269,1017.8185310111293
270,1023.2787157820429
271,1023.4980808461154
272,1035.2574010532921
273,1035.2574010532921
274,1035.5297365822526
275,1036.1458588789751
276,1040.1094331075026
277,1045.2142088665066
278,1049.8894912602839
279,1049.9886282882526
280,1051.5363065028666
281,1051.5363065028673
282,1052.4213868721042
283,1062.8438161172603
284,1065.9438440808067
285,1070.2771938231181
286,1075.4196112791283
287,1080.2604995909421
288,1082.291204674839
289,1082.8412345743511
290,1086.6673610417379
291,1088.1146750189055
292,1088.1146750189064
293,1088.7994018684828
294,1094.7898262738547
295,1095.6490948556241
296,1101.1693435965185
297,1101.1693435965194
298,1102.3071797151686
299,1102.7565658484768
300,1107.0861630226518
301,1107.7214666132797
302,1117.4482490460932
303,1117.4482490460935
304,1118.472049200175
305,1119.5384330176794
306,1120.134280434406
307,1126.7365362505309
308,1126.7365362505311
309,1138.383511530177
310,1138.5095797480828
311,1142.6234093418527
312,1144.8148788045125
313,1148.170052217371
314,1148.170052217371
315,1151.9061422778229
316,1152.1604136106425
317,1162.0592914001254
318,1165.6089222595358
319,1165.6089222595363
320,1165.8952018426144
321,1166.5822338671267
322,1167.6957667224287
323,1173.6003984761624
324,1178.5797914698751
325,1178.6741843328386
326,1181.5505886441606
327,1183.3601915893189
328,1183.3601915893203
329,1193.0305141137405
330,1196.3436845421049
331,1199.9839483877079
332,1202.8214308319448
333,1205.5552738364079
334,1207.7235066567082
335,1209.3311996791169
336,1209.6075274823543
337,1214.0819947605971
338,1214.0819947605978
339,1216.9959551901277
340,1218.4761605118115
341,1222.4429741447295
342,1224.2579547907953
343,1231.5208648027615
344,1231.5208648027622
345,1233.1257810297875
346,1233.4968477418254
347,1234.5161553863265
348,1234.6601153333977
349,1243.4155687877842
350,1243.4155687877847
351,1245.5057527593699
352,1245.5057527593706
353,1249.6789298208366
354,1251.2676010199013
355,1257.0880574567743
356,1257.0880574567745
357,1265.0245932184971
358,1265.4707208602251
359,1272.0945947796026
360,1272.5763088701517
361,1275.2065487845298
362,1276.1614618558565
363,1279.9939373038244
364,1279.9939373038244
365,1287.3589852964408
366,1290.6096903568191
367,1291.5762420012265
368,1291.5762420012268
369,1295.2216281122635
370,1295.3825455439971
371,1296.545451273611
372,1301.1888161707232
373,1301.6681694199028
374,1304.8028482042896
375,1312.2325393402859
376,1313.7117127955623
377,1313.7117127955628
378,1322.6733062991912
379,1323.2917468620435
380,1324.9527064280378
381,1326.9499360570019
382,1329.4666054972197
383,1330.5332582489568
384,1332.0861359168134
385,1332.8512112694373
386,1332.8512112694375
387,1337.1665873697532
388,1338.5184270186401
389,1343.4730479195616
390,1343.8392608325785
391,1348.5319419577088
392,1351.1195408412595
393,1355.1902946239547
394,1355.3027443404374
395,1357.4881845444531
396,1357.4881845444531
397,1362.1847852966234
398,1362.1847852966237
399,1362.6111259688471
400,1363.6427123018482
401,1371.4730725010625
402,1375.857273965614
403,1375.857273965614
404,1377.9137807198938
405,1379.8166292033552
406,1384.2807920135451
407,1384.4095586948367
408,1388.9119425432277
409,1388.911942543228
410,1389.2112855604109
411,1389.3065652177047
412,1398.6995966521163
413,1399.2024083196311
414,1410.3454585100653
415,1410.345458510066
416,1410.3454585100662
417,1410.3454585100665
418,1415.1774331576044
419,1415.9609218984192
420,1415.9900457613528
421,1417.7358476982472
422,1417.8361250145356
423,1418.4736163442267
424,1422.562327209833
425,1427.5832144914637
426,1434.869862430661
427,1436.5418688666552
428,1437.1766705650841
429,1439.6790325372538
430,1439.6790325372547
431,1440.5594794928204
432,1441.7692165088408
433,1441.7692165088422
434,1443.4770725878545
435,1444.9277121182888
436,1451.602099763983
437,1453.4989169130884
438,1457.595439584336
439,1458.3830382556444
440,1461.1743273347979
441,1462.0215754561982
442,1466.6988080503872
443,1467.0863531654427
444,1468.3124394651998
445,1469.5652203738223
446,1471.1027905360265
447,1471.102790536027
448,1476.2574010532933
449,1476.257401053294
450,1478.0208222767476
451,1478.5422528187564
452,1488.0393877949023
453,1488.0525260454535
454,1490.2730903256634
455,1490.5842458246905
456,1495.8377406790337
457,1496.3071648478315
458,1501.8245937073054
459,1501.8245937073059
460,1501.9366066155546
461,1503.1957534209625
462,1507.6811590520663
463,1507.6811590520672
464,1515.8088481755219
465,1516.4593906321938
466,1519.2634637494687
467,1519.2634637494693
468,1519.2634637494702
469,1519.2634637494709
470,1520.171394871707
471,1520.5004960053482
472,1531.8874366490702
473,1532.6635087825746
474,1534.6152265060271
475,1534.6936354075901
476,1536.3127782517581
477,1536.3127782517586
478,1538.402962223344
479,1538.4029622233468
480,1545.200975441704
481,1546.8452899407212
482,1549.2230644196447
483,1549.5004693873295
484,1549.83278196982
485,1552.6929539215155
486,1553.316143049135
487,1555.3925854108829
488,1558.3457074541495
489,1558.4482490460937
490,1558.4482490460955
491,1564.1447058793515
492,1567.7365362505302
493,1567.7365362505313
494,1569.7324850978366
495,1569.7688689452375
496,1570.7396663320499
497,1578.4173633559358
498,1580.5827000718598
499,1580.5838850525317
500,1584.5787155260975
501,1585.1754062926962
502,1585.175406292698
503,1588.7747081106172
504,1590.4185646483959
505,1591.3080343785348
506,1591.314297561169
507,1591.7119109879943
508,1595.3248675361983
509,1595.6849405962491
510,1600.9911098318703
511,1601.7495490487925
512,1608.1147533506669
513,1608.1174123518474
514,1608.3424624393388
515,1609.6936910138211
516,1615.8972094639741
517,1615.8972094639753
518,1616.5829157730893
519,1616.6071747860569
520,1617.8822946645844
521,1618.1775178796595
522,1620.5938102161444
523,1620.5938102161476
524,1626.4054655694899
525,1626.5167045877311
526,1632.1761149135477
527,1633.6484787937577
528,1633.6484787937584
529,1634.4687860319077
530,1634.7282120668524
531,1637.1986344074749
532,1637.9365853622639
533,1638.0326802583099
534,1638.0326802583124
535,1645.2307834911605
536,1645.2307834911608
537,1648.7159581559149
538,1648.9465169897528
539,1649.9273842433297
540,1649.9273842433315
541,1655.0819947605969
542,1655.081994760598
543,1655.0872898999901
544,1655.0987573120869
545,1660.1802093604581
546,1660.3864363002299
547,1667.3662542854968
548,1667.3662542854979
549,1672.8069903460173
550,1672.89376425862
551,1676.3005700922267
552,1677.0039574626592
553,1678.0763671543559
554,1679.7644769128412
555,1679.8676373171036
556,1679.8738792075392
557,1681.8091520071998
558,1681.8091520072007
559,1682.0060386650744
560,1684.2397079960026
561,1685.9685082558783
562,1686.2218365396577
563,1686.5057527593706
564,1686.5057527593729
565,1687.3473093149985
566,1690.4434570894855
567,1694.0583219712094
568,1697.8386399121282
569,1698.088057456773
570,1698.0880574567734
571,1700.1134292203246
572,1700.144263444306
573,1702.8171530390459
574,1706.7076660153493
575,1711.128664512773
576,1712.5499936850999
577,1712.9134378809219
578,1715.8323392236025
579,1715.8393267865561
580,1715.8393267865576
581,1720.1457475207826
582,1720.2104256712869
583,1720.8677024102064
584,1721.0965400381422
585,1722.2736871078528
586,1722.7583856511701
587,1724.4413190101945
588,1724.5043436491665
589,1726.6988880953566
590,1727.1808372405826
591,1728.6199649656735
592,1728.6489993819262
593,1730.0607645103473
594,1730.3774358701392
595,1733.6227948123924
596,1733.7480698021209
597,1734.6664259728134
598,1734.6664259728138
599,1736.973710878864
600,1737.0654052481577
601,1740.5855442310942
602,1740.7629749358723
603,1744.9549635137798
604,1744.9692617831995
605,1748.7220198041045
606,1748.7536242785188
607,1752.7193313716728
608,1752.7639882951823
609,1757.9617510487803
610,1757.9704965246065
611,1763.9999999999975
612,1763.999999999998
613,1763.9999999999984
614,1763.9999999999986
615,1763.9999999999986
616,1763.9999999999989
617,1763.9999999999995
618,1764.0000000000005
619,1764.0000000000007
620,1764.0000000000007
621,1764.0000000000009
622,1764.0000000000014
623,1764.0000000000014
624,1764.0000000000016
625,1764.0000000000018
626,1764.0000000000027
627,1764.0000000000027
628,1764.0000000000027
629,1764.0000000000036
630,1764.0000000000041
631,1770.0295034753988
632,1770.0382489512206
633,1775.2360117048215
634,1775.2806686283282
635,1779.2463757214819
636,1779.2779801958973
637,1783.0307382168021
638,1783.0450364862197
639,1787.2370250641288
640,1787.4144557689053
641,1790.9345947518432
642,1791.0262891211369
643,1793.3335740271878
644,1793.3335740271909
645,1794.2519301978798
646,1794.3772051876101
647,1797.6225641298622
648,1797.9392354896538
649,1799.3510006180752
650,1799.3800350343304
651,1800.8191627594192
652,1801.3011119046441
653,1803.4956563508351
654,1803.5586809898064
655,1805.2416143488299
656,1805.7263128921486
657,1806.903459961859
658,1807.132297589794
659,1807.7895743287136
660,1807.8542524792192
661,1812.1606732134401
662,1812.160673213443
663,1812.1676607764
664,1815.0865621190796
665,1815.4500063149021
666,1816.8713354872266
667,1821.2923339846509
668,1825.1828469609534
669,1827.8557365556956
670,1827.8865707796767
671,1829.9119425432225
672,1829.9119425432261
673,1830.1613600878732
674,1833.9416780287916
675,1837.5565429105154
676,1840.6526906850036
677,1841.4942472406303
678,1841.494247240631
679,1841.7781634603436
680,1842.0314917441226
681,1843.7602920039997
682,1845.9939613349268
683,1846.1908479927999
684,1846.1908479928011
685,1848.1261207924615
686,1848.1323626828973
687,1848.2355230871617
688,1849.9236328456452
689,1850.9960425373404
690,1851.6994299077749
691,1855.1062357413823
692,1855.1930096539827
693,1860.6337457145034
694,1860.6337457145041
695,1867.6135636997703
696,1867.8197906395437
697,1872.9012426879149
698,1872.912710100014
699,1872.9180052394022
700,1872.9180052394024
701,1878.0726157566698
702,1878.0726157566712
703,1879.0534830102476
704,1879.2840418440862
705,1882.7692165088395
706,1882.7692165088413
707,1889.9673197416919
708,1889.9673197416948
709,1890.0634146377379
710,1890.8013655925263
711,1893.2717879331501
712,1893.5312139680948
713,1894.3515212062428
714,1894.3515212062432
715,1895.8238850864532
716,1901.4832954122703
717,1901.5945344305105
718,1907.4061897838558
719,1907.4061897838569
720,1909.8224821203419
721,1910.1177053354158
722,1911.3928252139435
723,1911.4170842269111
724,1912.1027905360263
725,1912.1027905360272
726,1918.3063089861805
727,1919.6575375606628
728,1919.8825876481533
729,1919.8852466493324
730,1926.2504509512087
731,1927.0088901681318
732,1932.3150594037509
733,1932.6751324638024
734,1936.288089012005
735,1936.6857024388319
736,1936.6919656214673
737,1937.581435351605
738,1939.2252918893832
739,1942.8245937073043
740,1942.8245937073052
741,1943.4212844739029
742,1947.4161149474689
743,1947.4172999281409
744,1949.5826366440638
745,1957.2603336679515
746,1958.2311310547636
747,1958.2675149021645
748,1960.2634637494693
749,1960.26346374947
750,1963.855294120651
751,1969.5517509539077
752,1969.5517509539088
753,1969.6542925458521
754,1972.6074145891171
755,1974.6838569508652
756,1975.3070460784866
757,1978.1672180301819
758,1978.4995306126709
759,1978.7769355803557
760,1981.1547100592795
761,1982.7990245582969
762,1989.5970377766562
763,1989.597037776658
764,1991.6872217482439
765,1991.6872217482464
766,1993.3063645924124
767,1993.3847734939752
768,1995.3364912174256
769,1996.1125633509303
770,2007.4995039946527
771,2007.8286051282914
772,2008.73653625053
773,2008.7365362505323
774,2008.7365362505329
775,2008.736536250535
776,2011.5406093678077
777,2012.1911518244783
778,2020.3188409479349
779,2020.3188409479358
780,2024.8042465790375
781,2026.0633933844481
782,2026.1754062926964
783,2026.1754062927
784,2031.6928351521706
785,2032.1622593209681
786,2037.4157541753077
787,2037.7269096743353
788,2039.9474739545462
789,2039.9606122050991
790,2049.4577471812427
791,2049.9791777232526
792,2051.7425989467069
793,2051.7425989467097
794,2056.8972094639739
795,2056.8972094639753
796,2058.4347796261795
797,2059.6875605348005
798,2060.9136468345619
799,2061.3011919496148
800,2065.9784245438022
801,2066.8256726652035
802,2069.6169617443575
803,2070.4045604156663
804,2074.5010830869123
805,2076.3979002360197
806,2083.0722878817114
807,2084.5229274121461
808,2086.2307834911589
809,2086.2307834911644
810,2087.4405205071816
811,2088.3209674627465
812,2088.3209674627496
813,2090.823329434917
814,2091.4581311333477
815,2093.1301375693388
816,2100.416785508537
817,2105.437672790169
818,2109.5263836557747
819,2110.1638749854669
820,2110.2641523017523
821,2112.0099542386465
822,2112.0390781015799
823,2112.8225668423947
824,2117.6545414899333
825,2117.6545414899342
826,2117.6545414899351
827,2117.6545414899424
828,2128.7975916803694
829,2129.3004033478842
830,2138.6934347822971
831,2138.7887144395918
832,2139.0880574567727
833,2139.088057456775
834,2143.5904413051639
835,2143.7192079864531
836,2148.1833707966475
837,2150.0862192801055
838,2152.1427260343826
839,2152.1427260343876
840,2156.5269274989382
841,2164.3572876981502
842,2165.3888740311509
843,2165.8152147033747
844,2165.8152147033747
845,2170.5118154555453
846,2170.511815455548
847,2172.6972556595629
848,2172.8097053760457
849,2176.8804591587409
850,2179.4680580422919
851,2184.1607391674211
852,2184.5269520804391
853,2189.4815729813586
854,2190.833412630247
855,2195.1487887305593
856,2195.1487887305643
857,2195.913864083187
858,2197.4667417510432
859,2198.5333945027801
860,2201.0500639429988
861,2203.0472935719645
862,2204.7082531379569
863,2205.326693700812
864,2214.2882872044356
865,2214.2882872044379
866,2215.7674606597138
867,2223.1971517957113
868,2226.3318305800994
869,2226.8111838292789
870,2231.4545487263881
871,2232.6174544560031
872,2232.7783718877381
873,2236.4237579987721
874,2236.4237579987807
875,2237.3903096431818
876,2240.6410147035622
877,2248.0060626961781
878,2248.0060626961786
879,2251.838538144144
880,2252.7934512154698
881,2255.4236911298485
882,2255.9054052203987
883,2262.5292791397774
884,2262.9754067815029
885,2270.9119425432268
886,2270.9119425432305
887,2276.7323989801007
888,2278.3210701791654
889,2282.4942472406296
890,2282.4942472406333
891,2284.584431212214
892,2284.5844312122194
893,2293.3398846666041
894,2293.4838446136746
895,2294.5031522581762
896,2294.874218970213
897,2296.4791351972372
898,2296.4791351972385
899,2303.7420452092083
900,2305.5570258552734
901,2309.5238394881894
902,2311.0040448098744
903,2313.9180052394049
904,2313.9180052394072
905,2318.3924725176471
906,2318.6688003208847
907,2320.2764933432936
908,2322.4447261635955
909,2325.178569168057
910,2328.0160516122924
911,2331.6563154578971
912,2334.9694858862631
913,2344.6398084106777
914,2344.6398084106845
915,2346.4494113558403
916,2349.3258156671627
917,2349.4202085301263
918,2354.3996015238358
919,2360.3042332775699
920,2361.417766132874
921,2362.1047981573911
922,2362.3910777404653
923,2362.3910777404667
924,2365.9407085998782
925,2375.8395863893575
926,2376.0938577221764
927,2379.8299477826317
928,2379.829947782634
929,2383.1851211954886
930,2385.3765906581484
931,2389.4904202519183
932,2389.6164884698269
933,2401.2634637494721
934,2401.2634637494725
935,2407.8657195655946
936,2408.461566982322
937,2409.5279507998262
938,2410.5517509539031
939,2410.5517509539081
940,2420.2785333867178
941,2420.9138369773473
942,2425.2434341515236
943,2425.692820284833
944,2426.8306564034806
945,2426.830656403481
946,2432.3509051443757
947,2433.2101737261455
948,2439.2005981315187
949,2439.8853249810936
950,2439.8853249810954
951,2441.332638958263
952,2445.1587654256509
953,2445.708795325163
954,2447.7395004090595
955,2452.5803887208717
956,2457.7228061768815
957,2462.056155919192
958,2465.1561838827383
959,2475.5786131278951
960,2476.4636934971318
961,2476.4636934971363
962,2478.0113717117461
963,2478.110508739715
964,2482.7857911334945
965,2487.890566892494
966,2491.8541411210235
967,2492.4702634177493
968,2492.7425989467069
969,2492.7425989467079
970,2504.5019191538877
971,2504.7212842179615
972,2510.1814689888729
973,2510.1814689888743
974,2513.7475421806607
975,2516.5661629488259
976,2520.4177821491044
977,2520.4515321468598
978,2527.2307834911599
979,2527.2307834911639
980,2538.5584494962409
981,2540.8638649513323
982,2540.9032721601525
983,2540.9032721601534
984,2550.6981606461923
985,2551.3621648112817
986,2555.2055535133113
987,2556.3566981089589
988,2558.6545414899319
989,2558.654541489941
990,2561.5088002790303
991,2564.0508190905989
992,2566.8056454722805
993,2567.8150697935816
994,2570.2368461873366
995,2570.2368461873443
996,2575.6202397394991
997,2576.1145557917557
998,2580.8232527605228
999,2588.3077839319908
1000,2593.2769144059571
1001,2593.5011442651289
1002,2600.8619720249339
1003,2605.7560955395738
1004,2606.8152147033761
1005,2606.8152147033775
1006,2609.31663193842
1007,2609.6020988558384
1008,2623.212272595124
1009,2623.4843828195367
1010,2624.5664840331615
1011,2624.5664840331633
1012,2635.8559107399315
1013,2636.1487887305557
1014,2636.1487887305666
1015,2636.1920276007531
1016,2644.2112859675844
1017,2646
1018,2646.5962211451042
1019,2651.68322283526
1020,2651.9532379143548
1021,2665.6852326439985
1022,2669.3153319503708
1023,2672.727157246602
1024,2672.7271572466093
1025,2678.9412135559401
1026,2680.820153331164
1027,2682.5024385640545
1028,2684.1639107225806
1029,2686.8970560710577
1030,2689.006062696169
1031,2689.0060626961772
1032,2695.66961950723
1033,2696.5965976478697
1034,2702.0607312737852
1035,2702.0607312737925
1036,2703.381575110373
1037,2706.585409806336
1038,2709.292146488458
1039,2713.013348122568
1040,2718.9258142784502
1041,2721.3059724138493
1042,2723.6066441454968
1043,2732.7825344450662
1044,2732.7825344450744
1045,2740.638453092447
1046,2740.8698934738463
1047,2751.4602622604352
1048,2751.8311915734616
1049,2754.9180052393995
1050,2754.9180052394013
1051,2754.9180052394058
1052,2754.9180052394076
1053,2766.7364327279583
1054,2767.5292251830501
1055,2771.6750275165473
1056,2771.9499917184053
1057,2780.5550218997555
1058,2781.6916165477633
1059,2786.3035393035498
1060,2790.1951932696002
1061,2798.5431472890073
1062,2803.0786784528464
1063,2803.0786784528477
1064,2807.6982466288136
1065,2812.6153151209314
1066,2812.859806236283
1067,2814.9733824378554
1068,2814.9733824378691
1069,2821.0046221405833
1070,2823.8333042824029
1071,2825.0904908838374
1072,2827.1894286690367
1073,2832.4122524800291
1074,2832.4122524800332
1075,2836.8531314732559
1076,2839.0591594967659
1077,2846.9682190524763
1078,2848.8649815568137
1079,2851.5517509539045
1080,2851.5517509539077
1081,2863.8360104788021
1082,2868.9682950789215
1083,2869.0050907016434
1084,2873.2260099011
1085,2874.8074256594164
1086,2880.8853249810954
1087,2880.8853249810982
1088,2888.9081003711981
1089,2890.4172188219964
1090,2895.499437393441
1091,2896.2623421947219
1092,2898.0123075004067
1093,2905.8675209743556
1094,2906.1925266166772
1095,2913.9411340416113
1096,2921.4392417114746
1097,2928.8898692837461
1098,2929.045998194536
1099,2929.0459981945387
1100,2933.742598946706
1101,2933.7425989467129
1102,2937.1770969072531
1103,2937.2488495217963
1104,2946.8700047174784
1105,2949.6280820670818
1106,2958.3795722217251
1107,2958.3795722217305
1108,2960.4697561933071
1109,2960.4697561933117
1110,2961.2473048358706
1111,2964.37989745813
1112,2966.8438970574134
1113,2967.0919299021989
1114,2984.800811883299
1115,2988.961191913656
1116,2991.6501504089561
1117,2991.6659207630946
1118,2995.696288302172
1119,2999.6545414899329
1120,2999.6545414899383
1121,3003.8080748992588
1122,3016.9098908991132
1123,3018.3527102920625
1124,3018.7961126374998
1125,3022.9873306376012
1126,3025.7431236048046
1127,3027.6340456869448
1128,3042.6606041861119
1129,3042.6606041861182
1130,3047.815214703372
1131,3047.8152147033825
1132,3052.6293323327204
1133,3053.2835998807968
1134,3057.1035019078136
1135,3061.5654082014598
1136,3066.6863669298732
1137,3074.5485023462447
1138,3074.5895358851649
1139,3077.1487887305602
1140,3077.1487887305625
1141,3081.7850512413142
1142,3082.7740796777066
1143,3084.7127134894235
1144,3095.9880032405199
1145,3102.9838908297552
1146,3105.8334059502622
1147,3107.4353343305579
1148,3108.5725467293314
1149,3108.5725467293364
1150,3112.8982688875799
1151,3129.9110690344878
1152,3132.1068509814399
1153,3135.1777081387413
1154,3136.0408648832313
1155,3139.2943499006133
1156,3139.2943499006169
1157,3156.2972765684945
1158,3156.7332199427769
1159,3156.7332199427806
1160,3156.9214345744481
1161,3166.0530323942921
1162,3167.3767951163827
1163,3175.4635083122043
1164,3176.1551885132258
1165,3186.0667939699597
1166,3186.0667939699633
1167,3186.3552752745941
1168,3189.8708515547878
1169,3193.0052132273127
1170,3193.7760556035805
1171,3205.2062924438387
1172,3205.2062924438483
1173,3208.5854276243749
1174,3209.1145833048768
1175,3221.4851978934153
1176,3227.1947561764855
1177,3229.7716581352438
1178,3236.8101051546996
1179,3237.1809905146401
1180,3243.0284311684863
1181,3248.4209983776459
1182,3253.3669656572733
1183,3253.3669656572774
1184,3256.0865205459568
1185,3266.3571941076179
1186,3268.2813031141136
1187,3271.7971610708159
1188,3282.7005396844716
1189,3282.7005396844761
1190,3286.3196020534056
1191,3287.3971404366416
1192,3287.3971404366416
1193,3287.6558930949282
1194,3297.0291037603479
1195,3299.5007309780558
1196,3310.0105459922779
1197,3310.4628916004758
1198,3324.3069709513734
1199,3326.5459770512393
1200,3326.5724571960741
1201,3330.6276788655941
1202,3335.5578136500844
1203,3335.5578136500853
1204,3348.7701107040657
1205,3352.6097411475598
1206,3353.3090829798666
1207,3364.8913876772699
1208,3364.8913876772699
1209,3367.1747099779336
1210,3367.545064852121
1211,3368.9419121543951
1212,3376.6818195624401
1213,3379.6568673183883
1214,3387.3960879387696
1215,3400.4313034452039
1216,3400.5966110506779
1217,3401.4697561933094
1218,3401.4697561933126
1219,3414.2071497152951
1220,3417.0557014135429
1221,3427.4979160492981
1222,3430.8033302204904
1223,3430.8033302204976
1224,3431.8320806016559
1225,3436.9413912377759
1226,3439.7450384059584
1227,3449.6304294067459
1228,3457.1126312672195
1229,3457.5999567113299
1230,3463.1388264374391
1231,3471.5500944891828
1232,3478.9640034339327
1233,3478.9640034339368
1234,3483.3684009371509
1235,3486.7159471618502
1236,3496.1217097162234
1237,3498.5828584225414
1238,3508.2975774611268
1239,3512.8318915325658
1240,3518.3343443367712
