# Domain: L_shaped (DST, convergence sweep, dense eig full spectrum)
# Resolution M = 75, dofs = 4181
# Computation time: 1.4994 s
# Eigenvalues stored: 4181 of 4181
n,lambda_n
1,9.6600496519646519
2,15.197027095421165
3,19.739208802164431
4,29.521389172527293
5,31.962021701312072
6,41.511831974478554
7,44.947335112189883
8,49.348022005429385
9,49.348022005467882
10,56.751090110131159
11,65.375025028950148
12,71.106466835853297
13,71.572640825228802
14,78.956835208698877
15,89.448581674392798
16,92.306009736577579
17,97.378806711272304
18,98.696044010902526
19,98.696044010903336
20,101.67496580255053
21,112.38690097281244
22,115.51469532419274
23,128.30485721414706
24,128.30485721415803
25,130.11900187030776
26,130.2959265452902
27,142.55126716985478
28,151.11938564580097
29,154.73222248597997
30,162.19372641174792
31,164.71169884645468
32,164.85331218305316
33,167.78327481847151
34,167.7832748185084
35,177.65287921959572
36,179.80700032443008
37,184.05166688705501
38,197.39208802177509
39,197.39208802182858
40,201.48295211103468
41,207.48012844793769
42,208.77356382981606
43,209.56608622471012
44,223.21995749985155
45,223.62487321840388
46,236.37676615234494
47,238.41563264946822
48,246.74011002722565
49,246.74011002725265
50,250.88379209868339
51,252.86755000928764
52,256.6097144283068
53,256.60971442833664
54,265.97257340293368
55,269.44600637712534
56,270.22179987475306
57,281.33518759607892
58,286.21852763156625
59,286.21852763157739
60,289.20292778704214
61,293.60517659649202
62,306.77722837949398
63,306.93937105597246
64,310.43880691365456
65,313.77846452439047
66,315.82734083485497
67,335.56654963701965
68,335.56654963703659
69,335.70814426437738
70,335.82169388485488
71,346.1302082187936
72,351.79304717610825
73,359.7815854737529
74,360.50034392051344
75,365.17536284029154
76,365.175362840319
77,369.53998988522807
78,372.34293507854181
79,376.27498363539945
80,382.8630641645268
81,389.86342675480358
82,390.53251572272666
83,394.78417604356679
84,394.78417604357759
85,404.65378044464632
86,404.6537804446607
87,415.83605276836482
88,419.61808357885434
89,426.77117264785289
90,427.08064754834379
91,432.96738132864692
92,443.80047566609642
93,444.13219804902252
94,444.13219804906686
95,454.12709166527424
96,454.13726893529616
97,454.59721114599938
98,464.45149559792463
99,478.86132159476898
100,479.66544659552085
101,486.09008698867177
102,490.1304425679154
103,493.48022005445978
104,493.48022005446109
105,493.48022005446421
106,499.59372851451485
107,502.29099543343528
108,512.62756065734459
109,513.21942885660167
110,513.21942885664009
111,513.54468704319675
112,523.08903325773667
113,523.08903325773906
114,530.41473948430212
115,537.10427420026701
116,545.16338007647948
117,546.22790596127356
118,559.23313141888332
119,563.86901440334589
120,565.04210256906038
121,565.47334382411543
122,572.43705526319002
123,572.43705526321833
124,575.97905417439949
125,578.18956274755396
126,591.64316810779576
127,592.08455048464475
128,602.04586846642712
129,602.04586846644395
130,605.70427156312053
131,609.55319292135232
132,631.08576444617779
133,634.17462188859122
134,636.97036136730719
135,641.52428607077627
136,641.52428607079048
137,641.52428607080367
138,641.52428607087961
139,641.87745707863326
140,642.67154990049619
141,648.97999710947454
142,654.47709517591568
143,660.64968579079027
144,663.73712890419313
145,671.13309927403054
146,671.13309927408477
147,674.41875785753973
148,685.70777050395191
149,686.84597511263621
150,692.17353345632955
151,698.868840527923
152,710.61151687843426
153,714.87917482010846
154,715.64943167770514
155,720.48112127948525
156,720.48112127950424
157,722.64334201746487
158,722.65556062802091
159,730.35072568059888
160,730.35072568061003
161,747.17696047695688
162,747.80206092212507
163,753.38536467469089
164,754.16441026855898
165,759.1828586774011
166,764.25544804462379
167,780.93623156911622
168,789.56835208714756
169,789.56835208716325
170,790.63217656305358
171,795.47886704507209
172,797.34119200599343
173,801.44232434491585
174,806.77269043612637
175,807.7445632909446
176,807.93821297723855
177,809.30756088932651
178,809.30756088934288
179,825.00170487362595
180,826.6674060419341
181,833.53132171325603
182,837.19330213022806
183,838.91637409251996
184,838.91637409258567
185,838.91637409262194
186,838.91637409267275
187,856.33898215845659
188,860.56586845996344
189,875.02716582925075
190,875.2204462280248
191,878.39479169692993
192,878.39479169693573
193,880.97176727140368
194,888.26439609803992
195,888.26439609804481
196,892.09467562665714
197,900.09865672032913
198,900.12346151666782
199,904.01830806638623
200,919.06719387523867
201,919.61497226573795
202,923.26061195401383
203,929.08516362274725
204,929.51223742742513
205,937.2870101522426
206,938.29626108760579
207,957.35162690564084
208,957.35162690565005
209,960.45496012508102
210,961.97215434342411
211,967.22123130674549
212,973.45723119907746
213,974.00872527010029
214,986.96044010888772
215,986.96044010892376
216,992.59713808875938
217,993.8128755336088
218,996.83004451001432
219,996.83004451003978
220,999.78982940458809
221,1003.7573508052428
222,1010.4715041794695
223,1013.537483545914
224,1018.5754479655581
225,1026.4388577132534
226,1026.4388577132913
227,1027.4386672950834
228,1038.198783716472
229,1039.7439961015175
230,1046.1780665154574
231,1046.178066515515
232,1050.2495335027213
233,1055.177757562861
234,1058.9217152887609
235,1062.5184047840928
236,1070.705525382574
237,1075.7868797187241
238,1075.7868797187396
239,1076.2530819203414
240,1097.2111311764127
241,1097.2979358046152
242,1100.2370907350517
243,1100.4944474091139
244,1106.2139242261203
245,1111.5794826216038
246,1115.265297323107
247,1115.2652973231093
248,1126.7792732159903
249,1127.7797887467159
250,1138.6433783746199
251,1139.6050317892618
252,1144.8741105263534
253,1144.8741105264112
254,1154.7437149274497
255,1154.743714927479
256,1163.4692829185381
257,1170.078522761029
258,1170.7263481650159
259,1174.3263922096708
260,1182.0984119590771
261,1192.5540970174754
262,1193.8947313836452
263,1199.7641195863296
264,1200.4098393016582
265,1204.0917369328206
266,1204.0917369329018
267,1210.7154537069421
268,1216.1012466801049
269,1217.433129042513
270,1225.4935366382531
271,1225.5915287180173
272,1233.7005501361273
273,1233.700550136153
274,1233.7005501361702
275,1233.7005501362216
276,1241.4431454815963
277,1242.0232074904075
278,1245.9365820064322
279,1249.681106525218
280,1263.2965435661408
281,1263.3093633394319
282,1264.2974696885881
283,1283.0485721415923
284,1283.048572141598
285,1283.0485721416107
286,1283.0485721416114
287,1286.7607539638354
288,1290.1724849164079
289,1309.6800281835556
290,1312.2674518603978
291,1315.4800537555461
292,1316.1849794661771
293,1321.1663080030453
294,1329.7806549428969
295,1335.7948696320814
296,1338.6100606273255
297,1342.2661985481648
298,1342.26619854817
299,1344.1943757590709
300,1344.229811000755
301,1350.9014011923639
302,1352.135802949239
303,1352.135802949248
304,1365.1913973553753
305,1377.2362001427732
306,1383.407646525179
307,1386.3154399647915
308,1386.4900410425687
309,1396.9413884083667
310,1398.4251385006962
311,1409.4297476587892
312,1411.678453279196
313,1425.2709792399764
314,1427.882378705913
315,1431.0926381578784
316,1431.0926381579347
317,1431.0926381579486
318,1431.0926381579777
319,1439.8660346845184
320,1440.9622425590421
321,1440.9622425590494
322,1443.3173179436114
323,1447.4882963271798
324,1447.4958534306229
325,1460.70145136118
326,1460.7014513612403
327,1460.7212193638181
328,1461.3325210823177
329,1470.571055762261
330,1470.5710557623124
331,1484.0506602882438
332,1487.7069515884505
333,1489.2351910428931
334,1493.2317415503603
335,1493.8500043452007
336,1502.4048990021943
337,1510.0494733666656
338,1510.0494733667222
339,1514.5427684797494
340,1531.6907381358201
341,1534.438169539234
342,1542.8096947672598
343,1548.5976557661008
344,1549.5278909710221
345,1549.5278909710319
346,1551.4996323038915
347,1552.1641420583542
348,1552.5517127681362
349,1557.6537962607119
350,1557.8813146023031
351,1573.6382488817935
352,1577.273617011338
353,1579.1367041742712
354,1579.1367041743179
355,1580.5469289761409
356,1580.7161655933105
357,1598.8759129764605
358,1612.9639042409369
359,1613.3820656031708
360,1616.5241954090236
361,1618.4436903455171
362,1618.6151217786385
363,1618.6151217786473
364,1630.3979015658208
365,1634.8391780352827
366,1659.2460935769157
367,1660.8898147623356
368,1663.2167011922434
369,1667.9631437841074
370,1667.9631437841242
371,1670.6236731142078
372,1673.8658058019953
373,1674.4166638982238
374,1677.8327481851504
375,1677.8327481851845
376,1677.8327481851863
377,1677.832748185227
378,1686.3153747534354
379,1686.4868193393424
380,1693.5963004813032
381,1699.8164620994983
382,1702.1069237104198
383,1707.441561388453
384,1707.4415613884703
385,1708.765573534401
386,1723.3397939830945
387,1725.1356102793977
388,1726.14709544839
389,1731.375243433356
390,1733.3420904101426
391,1736.3027807061212
392,1754.7689184620131
393,1755.7329184883652
394,1756.7895833938958
395,1756.7895833939326
396,1776.5287921960812
397,1776.528792196083
398,1777.7200898014428
399,1780.8273032354498
400,1786.3983965971579
401,1786.3983965971784
402,1788.3438905645528
403,1790.3597302345215
404,1800.4325569150767
405,1801.3886819534889
406,1808.7226894403368
407,1808.8598774502659
408,1825.8768142014837
409,1825.8768142014981
410,1825.8768142015181
411,1825.8768142015285
412,1836.2006422552283
413,1836.2623008574169
414,1838.886767625843
415,1842.42461568054
416,1848.3845513540489
417,1858.6307924231576
418,1862.2019253479027
419,1867.3778352971349
420,1876.8369794493765
421,1884.4276102249155
422,1885.0701616820459
423,1897.6821723773296
424,1900.8707848048318
425,1904.8336494102441
426,1904.8336494102643
427,1905.6889615336611
428,1914.4248162169504
429,1914.7032538113212
430,1914.7032538113344
431,1917.6750646142495
432,1935.3598590380946
433,1938.2997077492159
434,1938.6307144589427
435,1943.9489211336847
436,1944.3120670145959
437,1944.3120670146059
438,1947.8012567700857
439,1947.970443308197
440,1963.0908360792605
441,1965.2428488508319
442,1970.0843215028892
443,1970.3262333866242
444,1973.920880217823
445,1973.9208802178628
446,1973.920880217886
447,1980.5535069297955
448,1984.4047321673615
449,1993.66008902002
450,1993.6600890200496
451,1997.7726263621505
452,2002.286974896896
453,2023.268902223225
454,2023.2689022233103
455,2023.2689022233187
456,2023.2689022233778
457,2026.1569132407099
458,2027.3714161547275
459,2038.0081397010354
460,2038.1595562777914
461,2044.3888318270945
462,2052.8777154265749
463,2052.877715426584
464,2053.3412729217362
465,2063.0774008206372
466,2064.0810150830043
467,2073.5937930104633
468,2082.3816469473622
469,2084.6555970840341
470,2084.8584200125861
471,2091.4601824588599
472,2092.3561330309262
473,2092.3561330309399
474,2098.6048288194675
475,2112.5789248679903
476,2112.7199608201036
477,2113.1750561927515
478,2117.2110474245032
479,2127.7083740665917
480,2129.700048440483
481,2141.317113072997
482,2142.7483253018081
483,2151.5737594374564
484,2151.5737594374655
485,2156.0110719350191
486,2156.2585133392217
487,2163.6168435664399
488,2164.9327229321793
489,2175.5345576755039
490,2177.6551373549319
491,2181.1825726407315
492,2181.1825726407324
493,2181.1825726407405
494,2181.1825726407492
495,2217.0558064178836
496,2217.4385932275777
497,2220.6609902450887
498,2220.6609902450991
499,2224.1534779475119
500,2225.0713271237064
501,2227.2290006652647
502,2229.5071644427107
503,2230.5305946461926
504,2230.5305946461967
505,2235.9190448379622
506,2242.8405465814844
507,2249.4137942450902
508,2250.2044671438312
509,2250.4769113268308
510,2260.1394078494104
511,2260.1394078494541
512,2262.2584264965881
513,2277.3187191530287
514,2279.153223496905
515,2279.3252944233382
516,2289.2953914226969
517,2289.7482210527191
518,2289.7482210527319
519,2289.8529205523655
520,2299.6178254538145
521,2299.6178254538504
522,2306.1366093108954
523,2309.4874298548989
524,2309.4874298549175
525,2316.2232038960597
526,2316.3765966230126
527,2321.5983688353317
528,2322.1729546675192
529,2340.3458313252049
530,2349.3488468382402
531,2349.5243985705301
532,2350.8075708710949
533,2355.5278196950844
534,2356.7980640974652
535,2378.574660662518
536,2378.5746606625235
537,2380.6663273971385
538,2380.8084186427282
539,2385.5806847052563
540,2385.7527706741093
541,2388.4442650636124
542,2407.1381778958339
543,2407.5833928150291
544,2408.1834738657781
545,2408.1834738658044
546,2413.5029151024155
547,2416.9582005586194
548,2418.0530782668861
549,2418.053078266918
550,2429.7357073335538
551,2430.4410549385557
552,2437.8576972643832
553,2439.8828649520924
554,2458.3076199541665
555,2458.5296972256415
556,2465.3065588533691
557,2467.4011002722787
558,2467.4011002723264
559,2467.4011002723391
560,2467.40110027235
561,2475.1392966715225
562,2489.4680004503025
563,2490.2461269392297
564,2497.9300551294359
565,2510.0022033482483
566,2511.3651636181517
567,2516.6711088651432
568,2525.5297787031823
569,2527.7720155846737
570,2535.1938212783689
571,2535.4240128743259
572,2536.4883310799287
573,2536.4883310799628
574,2540.2303387758488
575,2544.7608134545708
576,2552.5991094438127
577,2554.2519738874798
578,2561.0350139548455
579,2562.954585849548
580,2566.0971442832042
581,2566.0971442832415
582,2566.0971442832474
583,2566.0971442832574
584,2566.2850519212466
585,2568.1582046601002
586,2575.9667486843032
587,2575.9667486843446
588,2588.2502549601122
589,2591.6335335600279
590,2598.9915578176756
591,2602.9795895609236
592,2613.6887801532175
593,2614.6362895228267
594,2615.445166288654
595,2615.445166288659
596,2615.445166288679
597,2615.4451662887041
598,2638.9473132834037
599,2640.489438058099
600,2650.2198710024009
601,2651.9798489902219
602,2652.1717298149215
603,2654.9235838930394
604,2654.923583893059
605,2658.0728552457367
606,2684.5323970963109
607,2684.5323970963113
608,2690.4834341269561
609,2696.5299346260063
610,2696.5795267955687
611,2699.8123205580082
612,2704.271605898487
613,2704.2716058984902
614,2706.6306442028304
615,2707.736460909156
616,2713.4822310503673
617,2714.6210888084252
618,2719.1833997196904
619,2724.3037151946655
620,2725.1732525995326
621,2733.8804191017325
622,2733.8804191017512
623,2739.8738267547469
624,2740.0473193612847
625,2747.1777598088333
626,2764.393968892025
627,2768.5539151977773
628,2772.625469263563
629,2773.2013180603858
630,2773.3588367060702
631,2773.3588367061111
632,2780.3472898893428
633,2782.5212604843655
634,2790.34034618749
635,2796.2261837715159
636,2817.5656268251601
637,2818.5252464782457
638,2826.8759685978325
639,2829.9481542260919
640,2839.4551587879596
641,2842.4460675137357
642,2845.7430176401581
643,2852.3156719148269
644,2852.3156719148446
645,2858.1091469544913
646,2858.2415172453461
647,2860.1435730052344
648,2860.4600562386904
649,2862.1852763159077
650,2862.1852763159154
651,2862.1852763159295
652,2862.1852763159459
653,2873.9922326288643
654,2876.3398725662023
655,2881.8251939757492
656,2881.8985170483188
657,2881.9244851180779
658,2881.9244851180952
659,2891.7940895191559
660,2891.7940895191869
661,2911.6413610587251
662,2912.3641841515559
663,2921.402902722446
664,2921.4029027224528
665,2925.6448286777186
666,2927.6302952669621
667,2931.3945005755877
668,2933.3147610977389
669,2936.1439785382627
670,2939.0304825394815
671,2941.1421115246076
672,2941.1421115246285
673,2947.6828639002724
674,2948.7759305232598
675,2961.6129055660476
676,2974.5471526382926
677,2978.7326441663631
678,2981.6824913271766
679,2999.8012567867095
680,3005.2517305939341
681,3007.8406817047116
682,3010.2293423322103
683,3010.2293423322594
684,3010.2293423322667
685,3010.2293423322899
686,3012.4797204868646
687,3020.0989467333343
688,3020.0989467333793
689,3027.0311509950197
690,3030.9615245235741
691,3031.8048558167434
692,3032.2093678552283
693,3033.4950924628406
694,3033.7607099682959
695,3054.3881130906998
696,3056.2854692841502
697,3062.0780898408075
698,3066.4501851728514
699,3067.9085567503103
700,3069.0061698724085
701,3085.2520955712821
702,3086.6450038598723
703,3089.1861775409607
704,3089.186177540967
705,3099.0557819420374
706,3099.0557819420583
707,3108.039999204882
708,3108.6805202506207
709,3114.6248748985336
710,3116.3658388297849
711,3128.6645951453229
712,3128.664595145332
713,3142.3328258943066
714,3145.9557765170639
715,3158.2734083486057
716,3158.273408348613
717,3168.0343007422539
718,3168.9703942330457
719,3169.4030430554649
720,3170.2227206342736
721,3171.6131495055679
722,3183.2294957849485
723,3183.46903257348
724,3184.4474353467999
725,3199.5672736999131
726,3204.8855719572334
727,3204.9334704235312
728,3207.6214303540328
729,3207.6214303540446
730,3207.6214303540514
731,3207.6214303540551
732,3207.6214303540733
733,3207.6214303540833
734,3223.4687299372495
735,3223.5925839591919
736,3228.0574394571399
737,3236.1754765321684
738,3237.2302435573224
739,3237.230243557337
740,3244.1071517711252
741,3251.9191164206436
742,3252.5904436796864
743,3253.6164853971718
744,3255.3718998022532
745,3266.1584986066791
746,3269.9338745925611
747,3274.6931274328022
748,3278.3449278208186
749,3279.990028947886
750,3284.4498326032194
751,3286.5782655627454
752,3286.5782655627531
753,3309.5742184804803
754,3313.3302257801424
755,3319.4735581857831
756,3322.5975790379216
757,3326.0566831671044
758,3326.056683167114
759,3326.3606213996991
760,3327.0033803773085
761,3335.9262875682061
762,3335.9262875682207
763,3335.926287568228
764,3355.6654963703668
765,3355.6654963703736
766,3355.66549637038
767,3355.6654963703872
768,3358.8007342198007
769,3360.9879251456559
770,3369.163164937489
771,3369.8671557804159
772,3387.1337385461948
773,3387.2041508059256
774,3400.9542878544867
775,3403.3585598573995
776,3410.91550783809
777,3410.9501619876473
778,3414.8831227769078
779,3414.8831227769147
780,3417.3652808254428
781,3417.3684149010069
782,3418.6112157697935
783,3423.4509416022947
784,3427.6532241589593
785,3438.1545193646903
786,3444.4919359801884
787,3444.4919359802029
788,3456.1657773048205
789,3463.7488710928933
790,3463.9320717222618
791,3479.9637613877926
792,3482.0177507318222
793,3482.1237021602715
794,3483.970353584541
795,3483.9703535845492
796,3490.8169620542931
797,3491.487506835841
798,3509.5874841138238
799,3513.1387674039011
800,3513.5791667877875
801,3513.5791667878107
802,3513.8788506430642
803,3515.4620957498364
804,3531.138524048763
805,3532.2267286619594
806,3535.1375619962078
807,3536.8533947149308
808,3553.0575843921679
809,3553.0575843921765
810,3561.5048092529973
811,3568.2468997238352
812,3568.8647516801889
813,3571.1254996129064
814,3572.7967931943253
815,3572.7967931943485
816,3573.9144963106132
817,3574.3081864528876
818,3587.7336306965931
819,3589.3561347747873
820,3602.4056063975991
821,3602.4056063976127
822,3602.4056063976218
823,3602.4056063976482
824,3604.5291268523742
825,3605.2915443893203
826,3612.663856850475
827,3614.8985941119731
828,3622.6867867393962
829,3631.2157740085995
830,3637.7671667480154
831,3637.82643335275
832,3641.884024001979
833,3641.8840240019831
834,3651.7536284030552
835,3651.7536284030589
836,3651.7536284030662
837,3651.7536284030725
838,3657.2551509623122
839,3657.8249336971871
840,3674.0762830490939
841,3674.8018613347608
842,3681.362441606334
843,3681.362441606344
844,3687.0701072483653
845,3688.6759912753732
846,3690.9853197654211
847,3703.2183335122331
848,3718.3136505866296
849,3720.8408592106648
850,3720.8408592106803
851,3720.840859210688
852,3720.8408592106889
853,3724.3846762780477
854,3726.3836124947411
855,3743.0364865305005
856,3743.1932759338169
857,3746.7680718299366
858,3752.0934010355486
859,3761.4323560692892
860,3762.3363620960567
861,3765.8402135934962
862,3768.7834317308407
863,3770.142748460386
864,3778.5510845160425
865,3781.433643070251
866,3792.208452297421
867,3792.2923272430999
868,3798.7843483036531
869,3804.0296315156065
870,3809.6672988204623
871,3809.6672988204946
872,3822.011821201671
873,3823.6279440462999
874,3829.4065076226366
875,3829.4065076226775
876,3836.8501939625535
877,3837.8112369934443
878,3838.0725570128329
879,3839.2761120237528
880,3839.2761120237756
881,3840.1164877634533
882,3847.5425909001674
883,3849.3155557432069
884,3868.8849252270215
885,3871.5983731271945
886,3873.9847916423341
887,3884.4697717552481
888,3886.1764534961485
889,3888.6241340292031
890,3888.624134029204
891,3906.5420156160949
892,3906.631900104871
893,3914.5267155527804
894,3916.6879438201022
895,3918.2329472324668
896,3918.23294723248
897,3941.7310367549217
898,3943.5349590320511
899,3947.8417604357405
900,3947.8417604357428
901,3953.1371674897582
902,3954.4599177139912
903,3957.711364836829
904,3957.7113648368395
905,3965.169618528003
906,3969.2274923494806
907,3969.3106049565999
908,3970.9359452933941
909,3976.3395683356948
910,3977.6663305464017
911,3987.3201780400977
912,3987.3201780401014
913,3991.6585108400709
914,3995.1069166513171
915,3997.1897824411853
916,3997.1897824411935
917,4001.0658020580436
918,4008.7285183605682
919,4009.6557319834078
920,4015.6793851442444
921,4015.7323383390203
922,4017.6141333300361
923,4021.9288317134246
924,4027.0578465648682
925,4036.6682000455448
926,4036.6682000455462
927,4046.537804446597
928,4046.5378044466438
929,4046.5378044466543
930,4046.5378044466629
931,4053.9696877063893
932,4059.1781503280217
933,4068.8017572500717
934,4071.1594608227456
935,4075.7655112207653
936,4076.406906368888
937,4092.4874270718042
938,4093.5871638131262
939,4099.9343371431632
940,4099.9551633847232
941,4105.7554308531689
942,4105.7554308531717
943,4112.3478085551278
944,4117.4774182665424
945,4123.0199914058403
946,4126.721577981365
947,4150.2683790951241
948,4150.8381601491146
949,4155.1034528586088
950,4155.103452858626
951,4157.3310920920076
952,4157.8316373857097
953,4163.0553325957017
954,4163.1245156803925
955,4181.205781503455
956,4181.4358805019874
957,4184.7122660618916
958,4184.7122660619079
959,4186.7988276644564
960,4186.9490047254303
961,4194.5818704629592
962,4194.5818704629719
963,4194.5818704629819
964,4194.5818704629874
965,4194.5818704629992
966,4194.5818704630046
967,4217.3963588958686
968,4217.8610224820541
969,4223.3472106192658
970,4223.4267761980118
971,4232.2901023380009
972,4233.1019543957336
973,4249.7066285485926
974,4256.7733313298213
975,4258.1318320215714
976,4262.184741757098
977,4273.5387056716936
978,4273.5387056716972
979,4276.6068619252765
980,4278.7838401710451
981,4278.8134950240446
982,4290.1520085949533
983,4290.3364456974787
984,4300.6817772201448
985,4301.8464125588844
986,4303.1475188749509
987,4303.1475188749664
988,4311.4722297237404
989,4336.4716599740759
990,4346.7502895340767
991,4352.0260206424127
992,4352.8041925461957
993,4356.7226349957227
994,4356.7743815376307
995,4362.3651452814729
996,4362.3651452814956
997,4362.3651452814993
998,4362.3651452815056
999,4362.7490654797093
1000,4363.6220350020039
1001,4368.339694919373
1002,4372.0541118328274
1003,4372.7519603485471
1004,4376.7529159682299
1005,4389.699270539043
1006,4390.7664502346333
1007,4391.9739584847475
1008,4391.9739584847512
1009,4391.9739584847621
1010,4391.9739584847912
1011,4398.5772157480187
1012,4398.7175978912892
1013,4401.3334920260058
1014,4404.1887229438435
1015,4422.0379888163434
1016,4423.7096071564083
1017,4431.4523760891216
1018,4431.452376089137
1019,4441.3219804901928
1020,4441.3219804901973
1021,4441.3219804902237
1022,4441.9775365594032
1023,4448.6811737701119
1024,4459.0091028750239
1025,4459.4327124204256
1026,4461.0611892923907
1027,4461.0611892924026
1028,4471.9765074236784
1029,4473.3367103180417
1030,4490.4898373353153
1031,4491.9594343734916
1032,4503.4431859215738
1033,4504.0826828270556
1034,4510.4092112978306
1035,4510.4092112978433
1036,4514.103405013846
1037,4519.1793938406036
1038,4520.2788156989191
1039,4520.2788156989272
1040,4544.4215077303579
1041,4549.8876289021555
1042,4549.8876289021991
1043,4550.894950571409
1044,4551.2147931376885
1045,4555.5017859900363
1046,4559.3787557646247
1047,4559.7483890054837
1048,4568.8406650773277
1049,4572.1102811804476
1050,4572.5880694326661
1051,4575.9022973318997
1052,4579.4964421054447
1053,4579.4964421054701
1054,4580.6484468095559
1055,4599.235650907639
1056,4599.2356509076462
1057,4600.3469545368644
1058,4600.8768116595602
1059,4601.137678720127
1060,4618.4053881906184
1061,4618.9748597098305
1062,4618.9748597098451
1063,4620.0654914095066
1064,4633.5723315426085
1065,4642.4432240940205
1066,4644.1877439836289
1067,4644.9306996631403
1068,4649.7908536950099
1069,4652.4256359877045
1070,4656.6262769121686
1071,4660.0272039291203
1072,4664.6917557353936
1073,4666.1575606032256
1074,4672.0594061329703
1075,4672.3634186211839
1076,4694.776462760743
1077,4700.4545692201636
1078,4707.8012993196189
1079,4707.8012993196298
1080,4715.6962924148384
1081,4716.0711778652321
1082,4733.2641853657442
1083,4737.7204607399863
1084,4747.2797169239493
1085,4747.2797169239839
1086,4747.2797169239975
1087,4747.2797169240202
1088,4748.883536254607
1089,4749.8417433385985
1090,4757.1493213250615
1091,4757.1493213250769
1092,4757.7696890527459
1093,4759.967732604212
1094,4777.5516109762002
1095,4777.6085563729248
1096,4786.2394920642246
1097,4786.7581345283215
1098,4786.7581345283279
1099,4786.758134528337
1100,4786.758134528337
1101,4786.8288779242866
1102,4796.1124179398039
1103,4800.4751209007973
1104,4805.0155038579323
1105,4805.8893985742943
1106,4813.2296736025464
1107,4813.4260588344905
1108,4816.3669477315998
1109,4816.3669477316334
1110,4836.1061565337832
1111,4836.1061565337932
1112,4841.0921771146641
1113,4842.9938375127103
1114,4845.0252586632996
1115,4846.4141804434385
1116,4848.8361412301447
1117,4860.57458844749
1118,4865.7149697370342
1119,4865.7149697370369
1120,4865.7149697370451
1121,4865.7149697370714
1122,4866.1124470725363
1123,4872.2266534212367
1124,4882.3665723808726
1125,4891.0839709587281
1126,4891.2497571553677
1127,4898.7089330612771
1128,4898.9949460433572
1129,4913.2997530389448
1130,4926.1894008636536
1131,4926.8884607443742
1132,4934.8022005446737
1133,4934.8022005446783
1134,4934.8022005446801
1135,4934.8022005446855
1136,4937.0214881845377
1137,4945.4346199046249
1138,4946.2922391190359
1139,4950.3098256774829
1140,4953.282305335445
1141,4955.4579778944071
1142,4968.5735543972896
1143,4975.0250115134995
1144,4980.5757229724604
1145,4981.8059174802402
1146,4984.1502225501081
1147,4984.1502225501226
1148,4984.1502225501317
1149,4984.1502225501345
1150,5000.9849065871795
1151,5005.8269446645127
1152,5006.3323770407424
1153,5006.3339698059071
1154,5023.6286401544749
1155,5023.6286401544776
1156,5030.3176396271037
1157,5031.0114700836893
1158,5035.1730495282391
1159,5035.2637642742102
1160,5038.9500558754971
1161,5041.7347035997573
1162,5050.9968355821447
1163,5053.2374533577458
1164,5053.8141323938517
1165,5066.4529374909644
1166,5069.2284264420805
1167,5072.9766621599192
1168,5072.9766621599338
1169,5078.7469583788961
1170,5078.9884949624211
1171,5089.3265009140641
1172,5089.8973542800331
1173,5108.3184454382981
1174,5108.8067359092811
1175,5132.1942885664557
1176,5132.1942885664666
1177,5132.1942885664721
1178,5132.1942885664739
1179,5137.3360342318801
1180,5137.9663813565794
1181,5142.0638929675442
1182,5142.0638929675515
1183,5149.6009659307711
1184,5149.6265075420479
1185,5151.9334973686418
1186,5151.9334973686464
1187,5162.5754139052842
1188,5172.2415198510189
1189,5173.2805126723106
1190,5175.2203594877656
1191,5176.488760736127
1192,5176.5743191038191
1193,5196.7066453631396
1194,5204.5407548153717
1195,5204.6808267871575
1196,5218.5106026442536
1197,5226.9767301704951
1198,5227.2555645541297
1199,5230.8903325773299
1200,5230.8903325773581
1201,5230.8903325773599
1202,5230.890332577369
1203,5236.7808592899182
1204,5236.8673858253778
1205,5245.0528598345863
1206,5245.1430346620573
1207,5251.2834745225819
1208,5252.788055316988
1209,5254.0716257871309
1210,5254.9515399180364
1211,5260.4991457806009
1212,5260.4991457806254
1213,5260.4991457806273
1214,5260.4991457806345
1215,5264.9363571309786
1216,5269.7942389400532
1217,5285.1468890270244
1218,5285.4858111600179
1219,5290.433125589544
1220,5291.1606151845099
1221,5309.8471677860698
1222,5309.8471677860789
1223,5316.4747965743545
1224,5318.5299398669731
1225,5318.8695936111335
1226,5323.1107090702671
1227,5334.0484191495361
1228,5337.2380590680514
1229,5339.4559809893381
1230,5339.4559809893472
1231,5345.2223046279951
1232,5345.863226956847
1233,5361.1885140049117
1234,5362.2897948549071
1235,5368.5145550400875
1236,5369.0647941925936
1237,5369.0647941926154
1238,5370.0019692886472
1239,5370.8748480574168
1240,5371.1912724051035
1241,5378.9343985936875
1242,5378.9343985936957
1243,5378.9343985936976
1244,5378.9343985937148
1245,5408.5432117969685
1246,5408.5432117969731
1247,5417.9130474163749
1248,5418.4128161980525
1249,5418.412816198057
1250,5423.424291760125
1251,5424.3187933651016
1252,5424.4711670033703
1253,5445.1032752865558
1254,5445.8136722430481
1255,5460.1536202995012
1256,5460.1963783800966
1257,5467.5573501174313
1258,5467.7608382035023
1259,5467.760838203506
1260,5467.8680546405194
1261,5485.6978872604323
1262,5486.6800346996615
1263,5487.9696388288376
1264,5488.4689789980675
1265,5489.2756111982053
1266,5496.5893965716432
1267,5496.9167194476722
1268,5497.3696514067715
1269,5497.3696514067851
1270,5506.185388495549
1271,5519.5111794852191
1272,5522.7929716124709
1273,5522.824853610944
1274,5537.9626602266399
1275,5539.8692735705836
1276,5546.3338860119047
1277,5546.7176734122186
1278,5546.7176734122286
1279,5552.7535111207817
1280,5552.9840982748292
1281,5570.2448210895291
1282,5570.8040089943725
1283,5576.3264866154814
1284,5576.3264866154886
1285,5576.326486615495
1286,5576.326486615495
1287,5577.883818893627
1288,5596.7199356975652
1289,5602.3427214337944
1290,5602.8420063006033
1291,5609.6679318951165
1292,5611.5425316908386
1293,5613.3410167950678
1294,5615.8049042198454
1295,5615.8049042198636
1296,5617.7394543297032
1297,5641.7705333686854
1298,5642.1788856569974
1299,5648.584836800721
1300,5650.4454927754377
1301,5659.9255362792946
1302,5660.6066757879207
1303,5672.6777305785745
1304,5675.6885056109359
1305,5684.7869619227013
1306,5688.9746066532416
1307,5692.9068641909689
1308,5694.761739428558
1309,5694.7617394285635
1310,5695.2796590997859
1311,5695.7418744098559
1312,5696.7923207140257
1313,5704.6313438296384
1314,5704.631343829642
1315,5704.6313438296502
1316,5715.4146800769267
1317,5715.9786139551306
1318,5724.3705526318236
1319,5724.3705526318245
1320,5724.3705526318345
1321,5724.3705526318427
1322,5740.9709011137993
1323,5745.0060986395856
1324,5752.3024353423216
1325,5753.5568541909543
1326,5759.4793955764444
1327,5762.6595218831853
1328,5763.8489702361849
1329,5763.8489702361903
1330,5766.9872428170174
1331,5767.8677941286969
1332,5773.7185746372661
1333,5773.7185746372706
1334,5773.7185746372852
1335,5773.7185746372897
1336,5783.5881790383673
1337,5783.5881790383673
1338,5789.9890422661847
1339,5790.663789018291
1340,5806.5433695684278
1341,5809.6743868463218
1342,5816.6726332722719
1343,5818.4382644329808
1344,5821.0927780615193
1345,5822.0945750426263
1346,5822.6088560363514
1347,5833.3517800042982
1348,5842.8058054449075
1349,5842.805805444912
1350,5852.6754098459842
1351,5852.6754098459933
1352,5853.5443241859894
1353,5866.1938470263267
1354,5869.5108017099828
1355,5876.8652767694721
1356,5882.2842230492597
1357,5882.2842230492615
1358,5885.0135283659502
1359,5885.4193082949669
1360,5897.9517250226436
1361,5898.4207465487434
1362,5911.6116697757961
1363,5916.6126638381484
1364,5918.6790012078964
1365,5931.6322450547013
1366,5931.632245054725
1367,5933.6010088370431
1368,5933.9798069084745
1369,5933.9853494925228
1370,5942.4115037366619
1371,5946.9270540178077
1372,5949.1445228059974
1373,5950.6114967534722
1374,5962.3837638286968
1375,5962.5046283686634
1376,5971.1106626590572
1377,5971.1106626590608
1378,5977.4046211463765
1379,5977.5218749421401
1380,5982.8226287006255
1381,5982.8418536761055
1382,5983.5064694036355
1383,5988.8755751924291
1384,5996.1844875437637
1385,5997.3443697638204
1386,6013.2648076056048
1387,6013.5057787430815
1388,6020.4586846645007
1389,6020.4586846645061
1390,6020.4586846645125
1391,6020.4586846645198
1392,6027.7355716789443
1393,6031.4496667299718
1394,6040.1978934666849
1395,6040.1978934666868
1396,6050.067497867778
1397,6050.0674978677825
1398,6065.3346558082358
1399,6065.7656606951059
1400,6073.714661650637
1401,6074.5421900344172
1402,6079.349608181582
1403,6084.1082458616165
1404,6089.5459154721302
1405,6089.5459154721311
1406,6091.1348425426349
1407,6091.9334624614694
1408,6108.0991283832018
1409,6110.4714896311161
1410,6120.1489007642322
1411,6120.4834721425314
1412,6150.8182379280097
1413,6151.175928385338
1414,6161.5055047343812
1415,6164.6878378361016
1416,6165.2948000927945
1417,6168.5027506808428
1418,6168.5027506808456
1419,6168.5027506808501
1420,6168.5027506808565
1421,6176.7407877795695
1422,6176.9408903570938
1423,6177.1720037704308
1424,6178.3723550819395
1425,6178.3723550819477
1426,6191.8226039187557
1427,6192.0696798418812
1428,6196.2613380294351
1429,6198.1115638841065
1430,6198.1115638841202
1431,6199.3252615700849
1432,6199.820742376457
1433,6207.9811682851932
1434,6207.9811682852032
1435,6207.9811682852069
1436,6207.9811682852232
1437,6216.4991351234166
1438,6223.6798812318229
1439,6227.3825057790673
1440,6230.7398247990668
1441,6233.3333013148094
1442,6233.4628433987536
1443,6236.0481462235439
1444,6251.3503108952818
1445,6257.3291902906431
1446,6257.3291902906485
1447,6257.4695913142741
1448,6262.8861875565744
1449,6278.940976647631
1450,6279.2813274797136
1451,6280.9725335335606
1452,6286.9380034939149
1453,6286.938003493924
1454,6295.0182187795281
1455,6295.5573776108504
1456,6300.6652451221771
1457,6301.710284529755
1458,6311.3924567823642
1459,6312.22540672371
1460,6316.5141105474731
1461,6316.5468166971878
1462,6316.5468166971923
1463,6320.5315929041444
1464,6326.416421098279
1465,6326.4164210982844
1466,6331.5087096342004
1467,6337.068800858131
1468,6366.6745021116421
1469,6368.0093835154585
1470,6372.0783707237588
1471,6377.1509591731829
1472,6383.1258850046133
1473,6385.517292864738
1474,6395.5036519059049
1475,6410.3756749867844
1476,6413.6200762527196
1477,6415.2428607080647
1478,6415.2428607080692
1479,6415.242860708071
1480,6415.2428607080828
1481,6415.2428607080838
1482,6415.2428607080856
1483,6419.350816316859
1484,6420.2471394912554
1485,6427.3222809024392
1486,6427.3748642155697
1487,6434.9781991233222
1488,6435.4496753748917
1489,6444.0530583161153
1490,6444.641686171718
1491,6444.8516739113484
1492,6444.8516739113502
1493,6455.0485920654564
1494,6455.1758014399411
1495,6471.1822668051282
1496,6472.6534524947556
1497,6474.4604871146175
1498,6474.4604871146257
1499,6484.330091515707
1500,6484.3300915157106
1501,6496.9338698808342
1502,6497.0433258234498
1503,6505.5520439251459
1504,6505.7394211334449
1505,6518.7528766577389
1506,6523.8085091200564
1507,6523.8085091200601
1508,6526.8800282909497
1509,6529.5593227747149
1510,6532.3011962241981
1511,6541.9365026136666
1512,6542.9187390507286
1513,6550.7475515968217
1514,6565.40112826738
1515,6566.1731093567505
1516,6568.6747143392931
1517,6571.6744401529022
1518,6573.1565311255081
1519,6573.1565311255099
1520,6577.4983690907766
1521,6587.8755329385885
1522,6589.0028124276614
1523,6597.4326360305768
1524,6597.5809026999459
1525,6611.1119409639068
1526,6636.9686329759033
1527,6642.2437619331349
1528,6642.2437619331486
1529,6645.8951230600151
1530,6646.2580715219719
1531,6649.6352647686826
1532,6652.1133663342207
1533,6652.1133663342398
1534,6652.1450599082136
1535,6656.2588958190654
1536,6656.9008332559624
1537,6663.4228559036246
1538,6665.7666328996374
1539,6671.8525751364086
1540,6671.8525751364114
1541,6679.4557012438127
1542,6679.6631235605173
1543,6681.7221795374971
1544,6681.7221795375053
1545,6682.9157454214137
1546,6690.6488926155362
1547,6698.5377741847369
1548,6700.0592085932285
1549,6704.6383035610243
1550,6704.751427165409
1551,6711.3309927407572
1552,6711.3309927407627
1553,6711.3309927407636
1554,6711.3309927407718
1555,6727.1364997991541
1556,6729.7068535854523
1557,6729.7370396420847
1558,6731.69684651239
1559,6744.8863084616596
1560,6746.2898291795727
1561,6760.6790147461979
1562,6760.6790147462061
1563,6760.6790147462107
1564,6760.6790147462161
1565,6762.727832552674
1566,6764.3504192527707
1567,6771.1138142723694
1568,6771.1435498169603
1569,6776.1570799627771
1570,6783.1343124014502
1571,6790.6562601252581
1572,6790.9672427226342
1573,6800.1574323505656
1574,6800.1574323505693
1575,6800.1574323505729
1576,6800.1574323505774
1577,6802.3969036862227
1578,6802.9882333595715
1579,6829.7662455538302
1580,6829.7662455538402
1581,6848.3180348307314
1582,6851.3625511129767
1583,6864.5034621986624
1584,6864.8546664015057
1585,6868.5069577350096
1586,6872.7691931654354
1587,6879.1142675592755
1588,6879.1142675592837
1589,6879.1142675592873
1590,6879.1142675592919
1591,6879.852714571969
1592,6880.1071921484718
1593,6882.351603238958
1594,6888.9838719603631
1595,6888.9838719603722
1596,6894.2407761112718
1597,6904.8286143196301
1598,6905.7006729752029
1599,6914.0767352592729
1600,6918.5926851636405
1601,6918.5926851636432
1602,6919.9548024661372
1603,6920.5391793807357
1604,6927.2067044705618
1605,6935.1761067714142
1606,6940.5018861844947
1607,6940.5460680510378
1608,6946.9840195375955
1609,6965.5450907755212
1610,6966.383843003845
1611,6967.9407071690912
1612,6967.9407071690939
1613,6971.8194998298395
1614,6976.7598853349691
1615,6977.0547686382288
1616,6993.5572805736856
1617,6993.9081337543475
1618,6997.549520372354
1619,6997.5495203723576
1620,7003.2776343859096
1621,7013.5960198851571
1622,7017.3278667074492
1623,7017.4336258858575
1624,7018.2432032284496
1625,7021.2882432448778
1626,7023.2646800711864
1627,7027.158333575625
1628,7027.1583335756322
1629,7033.5952699787649
1630,7033.7955491247667
1631,7047.442029985099
1632,7053.28935328427
1633,7064.7007742546311
1634,7067.22556763991
1635,7081.6357010329766
1636,7081.9157797971566
1637,7092.2961928765371
1638,7096.8440300900284
1639,7099.7545905971729
1640,7101.711425944698
1641,7106.115168784343
1642,7106.1151687843449
1643,7117.5295148143696
1644,7117.6491511391132
1645,7123.7249625444238
1646,7125.8543775865191
1647,7128.2288276008167
1648,7145.5935863886943
1649,7145.5935863887025
1650,7153.7205324011293
1651,7155.4631907897701
1652,7155.4631907897819
1653,7155.4631907897829
1654,7155.4631907897856
1655,7155.4631907897874
1656,7155.4631907897892
1657,7155.4841536440308
1658,7169.1362819834239
1659,7169.5026665757005
1660,7196.2680650078992
1661,7196.6063447070446
1662,7202.7041354489784
1663,7202.9101990432919
1664,7204.811212795229
1665,7204.8112127952336
1666,7204.8112127952354
1667,7204.81121279524
1668,7212.5646751264549
1669,7217.26255148987
1670,7222.7869548656718
1671,7222.9200435122875
1672,7233.6244859056014
1673,7234.0688828629009
1674,7234.4200259984982
1675,7234.4200259985037
1676,7237.4019414052354
1677,7237.5197446569155
1678,7255.3557403851755
1679,7258.8095961860281
1680,7261.646790526228
1681,7263.1586192939876
1682,7263.2827899124668
1683,7267.4122826194744
1684,7283.7680480039444
1685,7283.7680480039453
1686,7284.9048063434448
1687,7286.324267695074
1688,7288.0059652666332
1689,7294.2340659790161
1690,7300.85103999074
1691,7303.5072568061232
1692,7303.5072568061287
1693,7303.5072568061296
1694,7303.507256806135
1695,7318.1157547829844
1696,7323.5432420095567
1697,7324.2928140406057
1698,7341.0687281688679
1699,7348.2385870736907
1700,7352.39084757609
1701,7352.855278811573
1702,7352.855278811574
1703,7352.8552788115776
1704,7352.8552788115794
1705,7362.724883212657
1706,7362.7248832126625
1707,7369.3076877844433
1708,7371.6520574053784
1709,7379.2057601588604
1710,7385.4948676879912
1711,7385.5742879683357
1712,7387.6508869623758
1713,7388.0893578062396
1714,7388.9597055343547
1715,7395.213359170586
1716,7414.195599066089
1717,7416.8312908004764
1718,7424.9690702256094
1719,7426.3438009676229
1720,7426.3655402442573
1721,7431.4293836791594
1722,7441.6817184213714
1723,7441.681718421376
1724,7441.6817184213769
1725,7441.6817184213796
1726,7466.2774221857317
1727,7469.4906092237816
1728,7471.2905316246452
1729,7471.290531624647
1730,7473.2913131671239
1731,7473.4055937623671
1732,7476.3504065830357
1733,7476.5732833236261
1734,7488.8656092276515
1735,7489.4005592921176
1736,7492.7629972344876
1737,7494.1899015098115
1738,7504.8488874293735
1739,7505.7112779960598
1740,7510.7689492290019
1741,7510.7689492290028
1742,7527.8581989615323
1743,7530.5884218116425
1744,7541.3550980276559
1745,7541.5522483209616
1746,7550.2473668333523
1747,7550.2473668333569
1748,7550.2473668333569
1749,7550.247366833365
1750,7551.8220665665631
1751,7551.9099873478945
1752,7568.4128722591895
1753,7570.0660441989758
1754,7588.5795215441995
1755,7589.7257844377154
1756,7589.7257844377191
1757,7590.6995354973897
1758,7600.9731306729027
1759,7602.8643718218773
1760,7608.8070113350132
1761,7608.9259112756054
1762,7615.9555593080086
1763,7617.145345745048
1764,7619.3345976409828
1765,7619.3345976409828
1766,7629.2042020420731
1767,7629.2042020420768
1768,7629.59996738272
1769,7630.5034599103255
1770,7638.9028445396207
1771,7649.9037810699774
1772,7658.8130152453423
1773,7658.8130152453423
1774,7669.4326493520821
1775,7669.7491896532792
1776,7672.8613950746822
1777,7678.5522240475193
1778,7678.5522240475229
1779,7697.6977119800167
1780,7701.084905276367
1781,7702.4178708616564
1782,7708.6659065366966
1783,7708.74614603384
1784,7717.9541639715799
1785,7719.97891365138
1786,7730.0346220637703
1787,7744.7375737491475
1788,7744.8106567281893
1789,7747.6394548551471
1790,7747.639454855148
1791,7747.6394548551516
1792,7747.6394548551571
1793,7752.0807968168338
1794,7752.151170466951
1795,7759.055825833495
1796,7761.0203710000515
1797,7764.0543239872695
1798,7766.071179956889
1799,7769.0998708983943
1800,7771.800537302086
1801,7772.4747185768838
1802,7777.2482680584144
1803,7777.248268058418
1804,7778.3284590074936
1805,7781.655597273897
1806,7798.7857248329101
1807,7801.5707158708447
1808,7810.1451631886703
1809,7815.935778787778
1810,7822.0116444714768
1811,7822.2263418113607
1812,7826.5962900638579
1813,7826.5962900638588
1814,7826.5962900638606
1815,7826.5962900638642
1816,7836.4658944649518
1817,7836.4658944649545
1818,7839.9977907580787
1819,7841.3301452730757
1820,7851.1026784796186
1821,7851.836090942591
1822,7860.797841365048
1823,7866.0747076682183
1824,7866.0747076682219
1825,7866.1113262636691
1826,7868.5081086104565
1827,7868.7290656285177
1828,7890.2018583661938
1829,7890.5251811096987
1830,7895.6835208714865
1831,7895.6835208714892
1832,7895.6835208714929
1833,7905.553125272575
1834,7905.5531252725805
1835,7911.8533044572387
1836,7915.4227296736672
1837,7915.4227296736672
1838,7915.6676419733849
1839,7918.3015199073598
1840,7919.3221056638267
1841,7940.7332260538396
1842,7942.7912188339251
1843,7958.6901787195156
1844,7958.987754597777
1845,7964.8178473636517
1846,7967.6779731559664
1847,7974.6403560802
1848,7974.6403560802
1849,7977.8473808821236
1850,7980.0508574686019
1851,7984.5099604812904
1852,7984.5099604813004
1853,7988.6661677025368
1854,7989.7369241177857
1855,7994.3795648823816
1856,7994.3795648823843
1857,8025.7669942578605
1858,8025.7703700406546
1859,8031.809166328253
1860,8035.2296644654498
1861,8035.6918091280677
1862,8042.43015465586
1863,8052.8214275885857
1864,8055.1513326541826
1865,8056.3449954526322
1866,8056.5457456841477
1867,8062.4578279357765
1868,8066.7455638736483
1869,8070.3591692628233
1870,8073.3364000910851
1871,8073.3364000910969
1872,8089.9377244116049
1873,8090.5329841069224
1874,8093.0756088932676
1875,8093.0756088932721
1876,8093.0756088932721
1877,8093.0756088932749
1878,8094.7286803889965
1879,8101.1248977666583
1880,8101.4468215712222
1881,8102.9452132943625
1882,8102.945213294367
1883,8103.6700161892713
1884,8104.1335898478646
1885,8122.4753764671013
1886,8130.8412383779178
1887,8131.2522293514376
1888,8146.5579068565685
1889,8149.3346896050243
1890,8155.2988621454924
1891,8155.4962634998283
1892,8161.2947408852442
1893,8170.1231197528414
1894,8177.162521478248
1895,8177.1665557163833
1896,8177.7151423620971
1897,8181.9020485030733
1898,8181.9020485030751
1899,8205.294321383195
1900,8209.2850559604467
1901,8211.5108617063433
1902,8211.510861706347
1903,8216.144965366957
1904,8216.9840737655522
1905,8221.3804661074319
1906,8221.3804661074373
1907,8239.4042064714886
1908,8239.9805456377508
1909,8245.2868922390171
1910,8247.4500076648092
1911,8251.7214014107321
1912,8253.9309827371035
1913,8255.1373607245951
1914,8259.0757208390678
1915,8285.078607929363
1916,8290.0326861630219
1917,8300.3373013161454
1918,8300.3373013161545
1919,8304.4071625866491
1920,8304.4860248245932
1921,8306.4903763218135
1922,8308.2366637990508
1923,8308.70915421875
1924,8310.2069057172357
1925,8310.2069057172394
1926,8310.7715981446709
1927,8327.0881481618999
1928,8327.8969431588193
1929,8339.8157189204958
1930,8339.8157189204994
1931,8339.8157189205031
1932,8339.8157189205031
1933,8339.8157189205085
1934,8339.8157189205122
1935,8348.7907775422555
1936,8350.8915715162166
1937,8351.3773621490764
1938,8354.1098433614716
1939,8362.5012372767414
1940,8363.5484691358633
1941,8369.4245321237777
1942,8369.4245321237777
1943,8378.5668453744584
1944,8378.6734203167543
1945,8379.7808308934309
1946,8380.6321717528208
1947,8389.1637409259474
1948,8389.1637409259511
1949,8389.1637409259565
1950,8389.1637409259602
1951,8389.1637409259693
1952,8389.1637409259711
1953,8418.7725541292239
1954,8418.7725541292257
1955,8423.7020277288957
1956,8424.0899964961518
1957,8430.1299201916845
1958,8430.145397407412
1959,8434.9409543128895
1960,8442.5262789697499
1961,8445.5265461978452
1962,8452.2354573595276
1963,8458.2509717335815
1964,8458.2509717335815
1965,8462.717801960518
1966,8463.0175991430715
1967,8469.51101758818
1968,8476.2523566383043
1969,8477.2961599389582
1970,8492.349257294436
1971,8492.9958316629945
1972,8496.9017850778582
1973,8503.9739313496066
1974,8507.0141780138892
1975,8517.4853962139441
1976,8517.5418466012943
1977,8523.9354838274121
1978,8537.2078069422842
1979,8537.2078069422896
1980,8537.2078069422987
1981,8537.2078069423023
1982,8541.9650429079884
1983,8547.0774113433854
1984,8547.0774113433872
1985,8547.1173124614925
1986,8562.5279481408961
1987,8574.2214920219776
1988,8583.155231674622
1989,8593.8781194358053
1990,8595.4974015099051
1991,8599.3359508862086
1992,8599.871698350622
1993,8600.9237504015255
1994,8600.9864715259446
1995,8606.2950377499219
1996,8606.2950377499274
1997,8610.5888397779345
1998,8610.9770430425633
1999,8615.2247057599216
2000,8616.1646421510086
2001,8616.1646421510177
2002,8617.7502906388472
2003,8628.6639960976008
2004,8628.7089579930562
2005,8636.8489741231151
2006,8638.4955689306753
2007,8646.7249657407847
2008,8648.6410731843371
2009,8655.6430597553699
2010,8655.6430597553717
2011,8656.7914960539783
2012,8664.0002889976986
2013,8671.2170803324589
2014,8672.4988706031145
2015,8676.4216093605974
2016,8676.4966170090029
2017,8695.1214773597112
2018,8695.1214773597294
2019,8704.9910817608161
2020,8710.2688758919867
2021,8714.2524294387895
2022,8719.0344337560509
2023,8719.3925662963065
2024,8724.730290562984
2025,8724.7302905629931
2026,8724.7302905629967
2027,8724.7302905629986
2028,8738.9050163729953
2029,8739.3017376152366
2030,8744.8848767748605
2031,8745.1395325214562
2032,8749.3850028951747
2033,8753.7199742540306
2034,8783.0983314992209
2035,8783.1895132443879
2036,8783.9479169695223
2037,8783.9479169695242
2038,8783.9479169695351
2039,8783.9479169695369
2040,8796.1216825299816
2041,8796.9381354359321
2042,8822.4005681951185
2043,8822.662471189491
2044,8829.7940432217274
2045,8832.5005517705049
2046,8847.8260069323733
2047,8852.1014057519169
2048,8854.786223296931
2049,8862.3094764278303
2050,8862.9047521782413
2051,8862.904752178245
2052,8865.971339638756
2053,8866.5069395955325
2054,8871.6885443326191
2055,8871.8672493847589
2056,8879.9221085442623
2057,8882.6439609804038
2058,8882.6439609804183
2059,8887.5498070126887
2060,8888.0196764242046
2061,8891.8340245925847
2062,8892.4999071218917
2063,8892.5135653814832
2064,8892.5135653815159
2065,8892.5135653815269
2066,8892.513565381545
2067,8908.0383280212573
2068,8910.4404255510872
2069,8911.4388007294365
2070,8922.1223785847797
2071,8922.122378584796
2072,8930.6399258604943
2073,8931.9919829858609
2074,8931.9919829858682
2075,8931.9919829858736
2076,8931.9919829858845
2077,8934.4476273975251
2078,8935.561556653005
2079,8944.7626253771614
2080,8954.6240394309007
2081,8957.6178875597761
2082,8957.6245500471687
2083,8971.4704005902258
2084,8971.4704005902295
2085,8975.7448825865285
2086,8979.7341397262626
2087,8982.5608345649289
2088,8990.1761951208373
2089,8999.0491910159344
2090,9000.0232561384546
2091,9000.1961681670746
2092,9007.938944483958
2093,9008.0827871788752
2094,9020.8184225956702
2095,9020.8184225956757
2096,9023.517374301573
2097,9023.9267330324055
2098,9026.3196333958404
2099,9027.5898690412832
2100,9040.5576313978418
2101,9040.5576313978527
2102,9040.9727518748023
2103,9041.6394676156997
2104,9051.4379661259809
2105,9054.019557269814
2106,9065.6622255394723
2107,9066.5972584397896
2108,9073.8240406790574
2109,9079.6005298724758
2110,9095.582376164788
2111,9095.687047853613
2112,9099.7752578043983
2113,9099.7752578043983
2114,9124.4681509810307
2115,9127.1209555903552
2116,9129.3840710076311
2117,9129.3840710076383
2118,9129.3840710076511
2119,9129.3840710076529
2120,9129.384071007662
2121,9129.3840710076856
2122,9135.1359182363576
2123,9135.2947522757095
2124,9151.6952314780938
2125,9154.1001392884609
2126,9158.9928842109221
2127,9158.9928842109348
2128,9168.8624886120051
2129,9168.8624886120106
2130,9173.5510404917422
2131,9173.5735745532966
2132,9177.7529417772967
2133,9178.2721853292242
2134,9190.8795865052598
2135,9191.1793475445265
2136,9196.4536857937746
2137,9197.9060947565958
2138,9198.4713018152779
2139,9198.4713018152815
2140,9211.7808048252136
2141,9214.0050233069178
2142,9221.3665113171301
2143,9221.4170310571462
2144,9233.7015773426483
2145,9234.189715196504
2146,9237.9497194196283
2147,9237.9497194196574
2148,9247.8193238207277
2149,9247.8193238207496
2150,9261.9351287518111
2151,9263.9454429884609
2152,9267.4473381144162
2153,9267.828696174689
2154,9270.5125433978119
2155,9275.3438527587914
2156,9277.5821251363413
2157,9284.5283162538926
2158,9287.2977414250836
2159,9287.297741425089
2160,9288.3336196545497
2161,9289.1750701446217
2162,9300.7870609378533
2163,9301.741539570754
2164,9304.4921449772501
2165,9329.8557157760024
2166,9337.9606175321605
2167,9338.0342674708099
2168,9350.7857491192372
2169,9355.6085971935881
2170,9363.3188623864444
2171,9364.5258621869107
2172,9366.2545766337898
2173,9366.2545766338135
2174,9366.2545766338153
2175,9366.2545766338189
2176,9375.0295580909242
2177,9390.3895337719223
2178,9394.9275151738766
2179,9403.6812555852121
2180,9405.4135600523241
2181,9405.732994238153
2182,9405.7329942381784
2183,9406.8940189276327
2184,9415.5266631711238
2185,9415.6025986392433
2186,9415.6025986392506
2187,9418.4980233844417
2188,9419.4550012075615
2189,9424.6712712219596
2190,9440.3737724005805
2191,9440.6348912781414
2192,9447.908651221016
2193,9450.5475046265219
2194,9452.5075318431773
2195,9454.7471405983597
2196,9459.7605031165549
2197,9463.4170081808079
2198,9490.9133793068559
2199,9491.1307072538166
2200,9494.5594338479041
2201,9494.5594338479386
2202,9494.5594338479532
2203,9494.5594338479859
2204,9494.7222404718068
2205,9501.798724098704
2206,9508.9710822839934
2207,9509.60748866635
2208,9514.2986426501338
2209,9514.2986426501393
2210,9524.1682470512187
2211,9524.1682470512296
2212,9524.1682470512424
2213,9524.1682470512442
2214,9528.7428412728113
2215,9529.3419581636717
2216,9537.8889238639658
2217,9538.7189358124288
2218,9548.1445594915785
2219,9552.5389937924319
2220,9553.3892610682706
2221,9553.4143986143335
2222,9553.7770602544933
2223,9560.5597624422699
2224,9561.8266437735019
2225,9570.5272402310784
2226,9570.7650358445208
2227,9573.5162690566758
2228,9573.5162690566922
2229,9573.5162690567049
2230,9573.5162690567067
2231,9595.9826082100262
2232,9598.0396147736828
2233,9608.7738797479888
2234,9611.4281182088725
2235,9620.5372995791822
2236,9620.585526486826
2237,9622.04748392492
2238,9622.3856568015435
2239,9632.7338954632105
2240,9632.7338954632141
2241,9642.6034998643045
2242,9642.6034998643081
2243,9659.5132659746287
2244,9660.5531269797775
2245,9672.2123130675773
2246,9672.2123130675773
2247,9678.2426248882548
2248,9682.0819174686694
2249,9682.0819174686749
2250,9682.1971696472083
2251,9684.7194481975021
2252,9686.6622295192774
2253,9695.8956203831185
2254,9696.2549318065012
2255,9702.7467727780113
2256,9704.258115963974
2257,9706.4731124387436
2258,9716.6757767777053
2259,9721.5603350730016
2260,9721.5603350730053
2261,9721.5603350730144
2262,9721.5603350730307
2263,9731.4299394740628
2264,9731.4299394740938
2265,9731.4299394741029
2266,9731.4299394741156
2267,9734.6509124878612
2268,9752.4708399825995
2269,9752.7792361156098
2270,9763.8883264522901
2271,9772.5793403271782
2272,9773.0103650560377
2273,9776.3366426505163
2274,9779.3631356386195
2275,9795.2192287898197
2276,9800.5732871103446
2277,9803.6795906052484
2278,9803.9571761296775
2279,9804.9689817173694
2280,9816.9684111499064
2281,9817.4186606823168
2282,9823.2624899656548
2283,9823.5715579205189
2284,9832.383342081559
2285,9832.3838176007757
2286,9836.8221205909795
2287,9839.9955878860728
2288,9839.9955878860874
2289,9847.9646572072888
2290,9848.5555846608695
2291,9851.6438396677477
2292,9859.7389168714035
2293,9869.6044010893438
2294,9869.6044010893565
2295,9869.6044010893675
2296,9869.6044010893747
2297,9877.7348614247057
2298,9878.8012810861474
2299,9882.6673189365465
2300,9884.4110196335496
2301,9885.8601526246748
2302,9887.0086694237998
2303,9903.2276925722217
2304,9904.2695355143424
2305,9927.8583011022783
2306,9936.5101051998354
2307,9944.3947313415119
2308,9944.4333651106372
2309,9950.4594796549754
2310,9950.4802902390311
2311,9958.2351285039458
2312,9958.4308406991404
2313,9958.4308406991713
2314,9959.2804543732364
2315,9968.3004451002453
2316,9968.3004451002453
2317,9968.3004451002653
2318,9968.3004451002889
2319,9980.8724181244688
2320,9981.4641787214223
2321,9985.8390924448977
2322,9986.8576315028022
2323,9994.8435407470515
2324,9997.8432241353876
2325,9997.9092583035235
2326,9997.909258303529
2327,10018.235560094878
2328,10021.446536377262
2329,10026.928475995206
2330,10027.472990640254
2331,10037.387675907883
2332,10037.387675907887
2333,10047.257280308962
2334,10047.257280308982
2335,10052.69976973825
2336,10053.721503634033
2337,10055.536976063926
2338,10057.139743944868
2339,10076.866093512228
2340,10076.866093512232
2341,10100.304480937786
2342,10101.009498167097
2343,10105.190367760888
2344,10107.471071843869
2345,10111.975085028698
2346,10113.136210001749
2347,10116.344511116577
2348,10116.344511116584
2349,10116.344511116589
2350,10116.344511116598
2351,10116.344511116598
2352,10116.344511116604
2353,10127.63904386285
2354,10127.813509325613
2355,10134.875588080815
2356,10137.669832944757
2357,10145.323294856044
2358,10145.349708006739
2359,10145.892241436224
2360,10145.953324319868
2361,10145.953324319869
2362,10148.222980772089
2363,10149.246524709353
2364,10158.377082762194
2365,10176.59199469958
2366,10177.765233319155
2367,10178.419966155177
2368,10186.101404519051
2369,10187.143571212206
2370,10195.301346325301
2371,10195.301346325323
2372,10205.762863467025
2373,10210.528099561934
2374,10211.278449205576
2375,10214.701448094866
2376,10216.437397099973
2377,10231.290243405278
2378,10233.24778493767
2379,10234.779763929637
2380,10234.77976392966
2381,10234.779763929673
2382,10234.779763929704
2383,10242.912320457426
2384,10243.204566437675
2385,10246.612619474989
2386,10259.797019987334
2387,10264.388577132915
2388,10264.388577132926
2389,10264.38857713293
2390,10264.388577132946
2391,10264.648800260664
2392,10274.080018953344
2393,10274.741614639343
2394,10278.419516497113
2395,10284.127785935116
2396,10284.127785935128
2397,10296.771983334273
2398,10303.866994737307
2399,10303.866994737311
2400,10304.837452780584
2401,10313.594990758444
2402,10315.269461807926
2403,10319.418360038915
2404,10319.721645933416
2405,10330.821695993671
2406,10332.120161012363
2407,10347.97806625956
2408,10349.065725088361
2409,10353.215016742732
2410,10353.215016742743
2411,10372.10512241878
2412,10375.000222106306
2413,10379.046720752336
2414,10380.1842940065
2415,10386.10195776762
2416,10386.339190755683
2417,10392.693434347089
2418,10392.693434347117
2419,10405.214753277223
2420,10406.072311840293
2421,10420.828064479534
2422,10421.260229469348
2423,10426.009085673852
2424,10428.258596244967
2425,10431.349369078465
2426,10434.483889687937
2427,10435.151838019152
2428,10437.032612299632
2429,10442.041456352537
2430,10443.418492960405
2431,10443.834189273734
2432,10461.780665154698
2433,10461.780665154729
2434,10461.780665154743
2435,10461.780665154751
2436,10463.85824133365
2437,10463.880781861997
2438,10471.650269555812
2439,10471.650269555816
2440,10497.944946114438
2441,10500.327170850554
2442,10508.608412342714
2443,10508.659726919668
2444,10520.998291561247
2445,10520.998291561262
2446,10520.998291561264
2447,10520.998291561273
2448,10521.542524072294
2449,10522.981392655254
2450,10528.217060448222
2451,10528.47673174778
2452,10539.334025122142
2453,10543.231236852936
2454,10550.607104764524
2455,10550.607104764531
2456,10555.057609299934
2457,10556.512201500062
2458,10575.494022548499
2459,10577.248650685749
2460,10581.487128647857
2461,10582.246215786387
2462,10590.085522368865
2463,10590.08552236888
2464,10590.085522368881
2465,10590.085522368883
2466,10590.698680275698
2467,10592.10278626738
2468,10598.099559630189
2469,10610.839284878219
2470,10616.869141900961
2471,10617.015523398515
2472,10619.694335572156
2473,10619.694335572183
2474,10628.549717880758
2475,10651.529761493719
2476,10652.945106299956
2477,10658.311787064888
2478,10658.557839495106
2479,10660.714004313157
2480,10674.427428739355
2481,10677.096345571545
2482,10678.911961978696
2483,10678.911961978723
2484,10679.310753641221
2485,10679.364156002037
2486,10689.454286006972
2487,10689.651750087054
2488,10696.205299028028
2489,10730.617346905827
2490,10738.129588385236
2491,10738.12958838524
2492,10746.816563345525
2493,10750.357349250824
2494,10752.2533114451
2495,10755.005216791622
2496,10757.868797187364
2497,10757.868797187388
2498,10757.868797187402
2499,10757.868797187422
2500,10757.947244262728
2501,10757.950656606261
2502,10762.573439820713
2503,10763.838491596383
2504,10766.478430971811
2505,10766.590524136569
2506,10779.993286174633
2507,10781.153844857627
2508,10782.514541017335
2509,10786.955853747224
2510,10787.477610390648
2511,10787.477610390666
2512,10795.603384628799
2513,10799.902515705509
2514,10815.331116592757
2515,10815.669790206803
2516,10817.086423593921
2517,10817.086423593944
2518,10818.990582605045
2519,10819.012234532122
2520,10826.956027995029
2521,10826.956027995031
2522,10827.980671697143
2523,10830.602384311116
2524,10831.280597924775
2525,10835.794377701415
2526,10836.825632396103
2527,10836.825632396129
2528,10852.14748180274
2529,10853.855178467156
2530,10866.536485526834
2531,10868.425497444943
2532,10874.317769563026
2533,10874.481640341823
2534,10888.318872638363
2535,10893.483631618128
2536,10905.912863203706
2537,10905.912863203708
2538,10905.912863203717
2539,10905.912863203741
2540,10905.912863203743
2541,10905.912863203754
2542,10905.912863203755
2543,10905.912863203774
2544,10907.069428458268
2545,10907.6752877259
2546,10935.521676407025
2547,10935.521676407034
2548,10945.39128080808
2549,10945.39128080809
2550,10949.17964381272
2551,10952.405704624412
2552,10952.436695748132
2553,10953.113566788805
2554,10958.707025101012
2555,10959.951628872072
2556,10968.964421280762
2557,10968.997241246258
2558,10987.005792853886
2559,10988.670587689654
2560,10994.739302813527
2561,10994.739302813554
2562,11002.08769222953
2563,11002.193643103958
2564,11024.348116016816
2565,11024.348116016825
2566,11031.339772482092
2567,11032.380593102225
2568,11036.804558771386
2569,11036.964806410017
2570,11041.604941082553
2571,11041.793719492252
2572,11060.28702969667
2573,11069.202304299288
2574,11070.442764105132
2575,11072.846537696087
2576,11086.027702102232
2577,11086.052903675625
2578,11090.740089042258
2579,11093.435346824441
2580,11093.435346824455
2581,11100.32850878186
2582,11103.304951225518
2583,11103.304951225518
2584,11103.30495122554
2585,11103.304951225573
2586,11110.524554577985
2587,11114.597539696872
2588,11114.956387569639
2589,11115.41038807049
2590,11116.116818594552
2591,11119.360335089958
2592,11130.945449136429
2593,11134.388929024923
2594,11142.783368829883
2595,11142.783368829889
2596,11152.65297323097
2597,11152.652973230974
2598,11152.652973230986
2599,11152.652973231014
2600,11155.995597352421
2601,11156.580376838187
2602,11160.777153132633
2603,11168.975307695266
2604,11169.166121251519
2605,11175.208128990696
2606,11175.375708000483
2607,11188.423704023864
2608,11204.492747960629
2609,11206.305111739983
2610,11217.251127536154
2611,11223.05039911874
2612,11223.957100684227
2613,11226.072185490506
2614,11231.609808439685
2615,11231.609808439693
2616,11232.097483157093
2617,11232.141308650813
2618,11239.919010750333
2619,11240.312009639118
2620,11248.187278322883
2621,11252.00229673974
2622,11259.045311117246
2623,11260.965975622225
2624,11287.367938303994
2625,11287.787741625743
2626,11292.483802289958
2627,11295.8411397647
2628,11300.26401461883
2629,11300.453108874424
2630,11300.697039247309
2631,11300.69703924731
2632,11300.697039247316
2633,11300.697039247329
2634,11320.557281847572
2635,11321.761498746893
2636,11326.79123900491
2637,11327.954979270795
2638,11346.653303968085
2639,11357.389957025187
2640,11369.784270054917
2641,11379.653874456028
2642,11379.653874456031
2643,11382.522473748253
2644,11382.603850094203
2645,11389.523478857127
2646,11389.523478857138
2647,11401.415173825573
2648,11403.430331448148
2649,11409.262687659304
2650,11409.262687659313
2651,11411.408508687462
2652,11411.48015050944
2653,11416.033606174929
2654,11418.538848504675
2655,11418.625257116924
2656,11418.879207063132
2657,11419.132292060325
2658,11419.132292060403
2659,11419.132292060423
2660,11419.132292060449
2661,11424.561718653666
2662,11424.903998518512
2663,11441.035901842231
2664,11441.85913765823
2665,11443.310228455795
2666,11445.132803819241
2667,11448.741105263653
2668,11448.741105263671
2669,11448.741105263678
2670,11448.741105263693
2671,11465.037321387719
2672,11466.557465262385
2673,11473.103129039939
2674,11474.726674056979
2675,11481.121655022291
2676,11482.137633843802
2677,11495.493564904586
2678,11496.314760613255
2679,11498.089127269106
2680,11498.089127269113
2681,11498.089127269137
2682,11498.089127269142
2683,11527.697940472364
2684,11527.697940472375
2685,11530.982737265951
2686,11531.000536459494
2687,11532.309412186018
2688,11544.994992419055
2689,11547.437149274529
2690,11547.437149274543
2691,11547.437149274549
2692,11547.437149274587
2693,11556.415706478561
2694,11557.187417456264
2695,11560.037762077929
2696,11562.687981799554
2697,11562.716690091933
2698,11564.490659331912
2699,11567.176358076718
2700,11567.176358076733
2701,11569.92981564104
2702,11586.839152528923
2703,11588.213026534851
2704,11597.8072776138
2705,11597.8323762771
2706,11598.572147739063
2707,11616.99692524352
2708,11617.004505895853
2709,11627.408074805617
2710,11636.443084419063
2711,11638.068028096115
2712,11656.00279768652
2713,11656.002797686551
2714,11659.381011202498
2715,11660.566925442625
2716,11665.891982349971
2717,11674.817382848945
2718,11685.611610889779
2719,11685.611610889797
2720,11687.642469972796
2721,11693.720544573054
2722,11696.471302442042
2723,11696.658970083556
2724,11699.622556571556
2725,11705.350819691963
2726,11705.350819691985
2727,11711.650850678747
2728,11712.850793629445
2729,11719.807695700565
2730,11725.324534507372
2731,11725.367849073731
2732,11727.250161285629
2733,11734.211889806949
2734,11734.959632895236
2735,11734.959632895241
2736,11734.95963289525
2737,11734.959632895279
2738,11734.971833902147
2739,11757.111125730677
2740,11757.116507904975
2741,11764.56844609851
2742,11764.568446098538
2743,11766.422598479136
2744,11773.194452600168
2745,11774.438050499597
2746,11774.438050499619
2747,11785.660479471186
2748,11785.706491845964
2749,11787.211535328473
2750,11788.229294019317
2751,11811.688005825932
2752,11811.830316086158
2753,11819.712849382362
2754,11819.719328962346
2755,11821.362428633267
2756,11826.921918240008
2757,11836.071720099955
2758,11836.685122361336
2759,11850.716163511881
2760,11853.394885708323
2761,11853.394885708325
2762,11853.505993405499
2763,11863.264490109386
2764,11863.264490109412
2765,11863.508987186506
2766,11863.669743305803
2767,11884.897626821617
2768,11886.457733683843
2769,11887.885730557517
2770,11891.744880636492
2771,11892.873303312659
2772,11892.873303312685
2773,11892.87330331269
2774,11892.873303312694
2775,11901.081814355593
2776,11902.649101450939
2777,11902.917918041996
2778,11903.972448207944
2779,11915.961534599031
2780,11917.953671599083
2781,11942.221325318114
2782,11942.221325318154
2783,11961.894652165951
2784,11962.1048419282
2785,11970.147849619892
2786,11970.466836993646
2787,11971.830138521391
2788,11971.830138521416
2789,11993.705945821017
2790,11994.492258113632
2791,12010.757146837725
2792,12011.308556125756
2793,12011.308556125765
2794,12013.567689794023
2795,12015.300783812669
2796,12023.787033877818
2797,12027.422671644965
2798,12028.129634315983
2799,12031.570839565442
2800,12034.717228298627
2801,12040.917369329027
2802,12040.917369329038
2803,12040.91736932904
2804,12040.917369329041
2805,12049.049027576077
2806,12058.682555432033
2807,12060.366250568704
2808,12066.32667957816
2809,12067.491155375268
2810,12075.632840269098
2811,12080.39578693337
2812,12080.395786933419
2813,12084.658455985744
2814,12084.722614337383
2815,12090.265391334455
2816,12090.265391334457
2817,12099.233323548704
2818,12099.341176554704
2819,12100.134995735543
2820,12100.134995735558
2821,12103.070212874512
2822,12103.548608343266
2823,12114.959503705466
2824,12122.09723764608
2825,12122.368821551399
2826,12129.743808938814
2827,12129.743808938851
2828,12133.426086336507
2829,12133.626151283383
2830,12137.441661069592
2831,12150.674141732483
2832,12159.658556938391
2833,12159.707569047809
2834,12162.299420680272
2835,12169.22222654319
2836,12169.222226543196
2837,12175.735266721074
2838,12176.182379607852
2839,12178.329736394111
2840,12179.091830944282
2841,12179.09183094429
2842,12182.652505400989
2843,12186.780925538214
2844,12189.27226676214
2845,12207.551650096302
2846,12208.700644147524
2847,12208.700644147564
2848,12209.198930571156
2849,12209.250804021585
2850,12211.672690047568
2851,12234.001282907695
2852,12234.479524051636
2853,12243.871370724508
2854,12248.030575391
2855,12248.179061751871
2856,12248.179061751876
2857,12248.179061751927
2858,12248.179061751936
2859,12251.113727868324
2860,12252.081442323706
2861,12260.53890515226
2862,12261.400077892045
2863,12287.072303405728
2864,12288.84200378081
2865,12295.899007200511
2866,12295.935775565809
2867,12304.844662320033
2868,12315.436468928328
2869,12317.437988073902
2870,12317.929084689189
2871,12325.162980017925
2872,12326.030669088183
2873,12327.135896960619
2874,12327.135896960652
2875,12337.005501361651
2876,12337.005501361693
2877,12337.005501361695
2878,12337.005501361717
2879,12337.005501361738
2880,12356.744710163883
2881,12356.744710163912
2882,12359.100636789237
2883,12360.965175624422
2884,12370.144681666472
2885,12370.484065878767
2886,12372.383697401479
2887,12373.325460478476
2888,12387.106984366508
2889,12388.800723657227
2890,12396.223127768239
2891,12396.223127768268
2892,12402.137367099998
2893,12403.60932664356
2894,12415.962336570397
2895,12415.962336570401
2896,12415.962336570439
2897,12415.96233657047
2898,12445.571149773661
2899,12445.571149773688
2900,12445.571149773697
2901,12445.57114977373
2902,12447.825196941674
2903,12447.921993083381
2904,12449.902767664084
2905,12453.678444732594
2906,12465.118700929504
2907,12466.045767859965
2908,12475.809468188749
2909,12475.995695443395
2910,12481.05955825887
2911,12481.699818247278
2912,12495.686769280213
2913,12496.436302294433
2914,12503.365262683981
2915,12504.743196026355
2916,12506.201492699944
2917,12512.430323350363
2918,12512.802447589209
2919,12514.658380581293
2920,12514.658380581308
2921,12519.3268525809
2922,12529.350827616547
2923,12529.753044597928
2924,12532.769207349183
2925,12545.727508455673
2926,12546.726950882554
2927,12552.74302895459
2928,12552.760062178737
2929,12560.149437901691
2930,12560.222876694266
2931,12569.162749140896
2932,12573.876006987806
2933,12573.876006987843
2934,12592.25083550628
2935,12593.592474167024
2936,12599.904578063781
2937,12603.484820191115
2938,12603.484820191157
2939,12623.292040750886
2940,12624.235418501215
2941,12633.09363339437
2942,12633.093633394421
2943,12642.446020252319
2944,12642.810077288963
2945,12644.630753697253
2946,12645.708178270217
2947,12652.832842196551
2948,12652.832842196554
2949,12656.523871641955
2950,12659.331412680916
2951,12660.095583298538
2952,12673.364809244715
2953,12677.154201708736
2954,12682.318333826497
2955,12682.441655399814
2956,12682.441655399818
2957,12682.441655399854
2958,12682.441655399876
2959,12682.465411231142
2960,12694.599608485649
2961,12694.622294192141
2962,12696.74410089539
2963,12706.382506323725
2964,12721.920073004176
2965,12721.920073004205
2966,12726.754998476123
2967,12727.850245656899
2968,12743.403171685815
2969,12745.919540905606
2970,12748.215178758228
2971,12750.174823367583
2972,12759.555946440563
2973,12763.103504852919
2974,12776.968455577638
2975,12777.54191998342
2976,12796.353140525032
2977,12797.465556083069
2978,12799.20304224245
2979,12799.204148322966
2980,12800.876908212897
2981,12800.876908212946
2982,12802.738798788751
2983,12806.903563059112
2984,12815.448598839661
2985,12815.492908171238
2986,12821.97714575005
2987,12821.985341431466
2988,12827.518116230407
2989,12827.995185604341
2990,12830.485721416175
2991,12830.485721416178
2992,12830.485721416184
2993,12830.4857214162
2994,12830.485721416206
2995,12830.485721416237
2996,12840.355325817283
2997,12840.355325817294
2998,12858.204004444638
2999,12858.28975905267
3000,12859.421354387141
3001,12859.609378869476
3002,12865.830566167167
3003,12877.129717503198
3004,12879.833743421597
3005,12879.833743421606
3006,12879.833743421612
3007,12879.833743421646
3008,12889.70334782272
3009,12889.703347822729
3010,12904.483265485131
3011,12904.699413961256
3012,12916.30685753493
3013,12916.433824893553
3014,12927.907855066149
3015,12928.058898816154
3016,12944.370189329449
3017,12944.895037239146
3018,12948.920974229248
3019,12948.92097422925
3020,12950.819133386109
3021,12953.414561999447
3022,12958.790578630329
3023,12958.79057863034
3024,12958.790578630347
3025,12958.790578630349
3026,12963.010789857479
3027,12963.068307349675
3028,12968.660183031418
3029,12968.660183031427
3030,12986.950468377494
3031,12989.746471394794
3032,12990.503035722293
3033,12992.695398563315
3034,12998.384690531044
3035,12998.857881529249
3036,13007.710184777408
3037,13012.174697442913
3038,13018.602239769771
3039,13020.628668449503
3040,13034.071783548554
3041,13037.109122859354
3042,13037.747413839017
3043,13037.747413839028
3044,13045.58024699948
3045,13047.61701824012
3046,13047.617018240164
3047,13063.097866400998
3048,13064.229829990665
3049,13067.51277767763
3050,13077.225831443364
3051,13077.225831443382
3052,13077.225831443397
3053,13077.225831443417
3054,13077.225831443418
3055,13077.225831443433
3056,13098.574091175162
3057,13099.112581043173
3058,13106.748295234982
3059,13115.773554531002
3060,13116.486314834594
3061,13120.828780940148
3062,13121.381820732089
3063,13130.072480052995
3064,13144.589091552236
3065,13146.313062251027
3066,13146.313062251054
3067,13148.080231127908
3068,13148.767920485736
3069,13152.8136638664
3070,13158.525841033983
3071,13158.540067042088
3072,13178.071356812728
3073,13178.132703042762
3074,13178.498702865663
3075,13184.692482267295
3076,13186.489138301669
3077,13186.546132644535
3078,13202.297355823714
3079,13203.994527354453
3080,13204.049724257497
3081,13208.934783602461
3082,13218.218489141535
3083,13220.460373974396
3084,13230.679314417028
3085,13235.13950186084
3086,13235.139501860844
3087,13237.799542426072
3088,13239.63980806892
3089,13241.016589910452
3090,13248.776572526631
3091,13249.371781796319
3092,13250.456295902581
3093,13251.684771550239
3094,13274.617919465118
3095,13274.61791946516
3096,13274.617919465203
3097,13274.617919465241
3098,13282.245472033972
3099,13282.442227271171
3100,13284.48752386629
3101,13284.487523866323
3102,13298.113633389767
3103,13302.417206314218
3104,13303.122151626632
3105,13303.595187595232
3106,13304.226732668456
3107,13304.226732668467
3108,13304.441958798419
3109,13312.86117952225
3110,13343.705150272759
3111,13343.705150272806
3112,13343.705150272826
3113,13345.030103069796
3114,13345.123661524491
3115,13353.616686066709
3116,13355.616357105091
3117,13363.444359074963
3118,13363.444359075011
3119,13370.322549633966
3120,13371.103739468177
3121,13373.627535689866
3122,13377.137818659348
3123,13393.035566791508
3124,13395.335508631741
3125,13407.571800770009
3126,13413.182778777287
3127,13422.661985481518
3128,13422.661985481534
3129,13422.661985481545
3130,13422.66198548156
3131,13432.531589882587
3132,13432.53158988263
3133,13439.968008847547
3134,13440.11241342181
3135,13442.534997306684
3136,13442.54604378329
3137,13447.054935713701
3138,13451.540188147692
3139,13479.712199537844
3140,13480.669079000219
3141,13482.93006915267
3142,13483.153347811669
3143,13495.412283616626
3144,13496.661041426443
3145,13511.488425091267
3146,13511.488425091338
3147,13516.683369410115
3148,13516.741446371982
3149,13518.996482865496
3150,13520.758283485271
3151,13520.821683423184
3152,13521.358029492365
3153,13521.358029492369
3154,13521.358029492414
3155,13521.358029492478
3156,13532.067938414077
3157,13535.865718582299
3158,13541.061139288309
3159,13541.306640775863
3160,13541.928832113357
3161,13550.966842695691
3162,13550.966842695718
3163,13553.275331258557
3164,13578.391164421793
3165,13578.461629306501
3166,13580.443876256026
3167,13590.445260300014
3168,13590.445260300055
3169,13593.246332378329
3170,13597.392000459547
3171,13599.538479573172
3172,13600.314864701124
3173,13600.314864701146
3174,13600.314864701155
3175,13600.31486470116
3176,13608.539442167206
3177,13610.35765063942
3178,13619.225530904614
3179,13620.298928448388
3180,13620.459475659793
3181,13620.637821316323
3182,13629.923677904415
3183,13629.923677904459
3184,13638.944183903437
3185,13639.161502848958
3186,13640.677261693601
3187,13643.543294255122
3188,13652.71809805546
3189,13652.797619702658
3190,13659.532491107646
3191,13659.532491107666
3192,13666.446585554879
3193,13669.402095508633
3194,13669.402095508709
3195,13669.402095508756
3196,13669.40209550878
3197,13685.567957154222
3198,13688.731676361951
3199,13690.328270797359
3200,13692.75112068101
3201,13693.576112697001
3202,13695.395823758214
3203,13712.816757487328
3204,13715.881747170719
3205,13715.970385779538
3206,13724.944759742973
3207,13742.480269992535
3208,13744.54366261587
3209,13758.228535118444
3210,13758.228535118509
3211,13758.228535118515
3212,13758.228535118533
3213,13763.730184032771
3214,13764.413692847158
3215,13771.856597377066
3216,13774.961664755676
3217,13774.961716393573
3218,13777.300435581768
3219,13777.967743920715
3220,13777.967743920755
3221,13787.065537440601
3222,13788.062883921863
3223,13815.972683626485
3224,13816.061598537914
3225,13817.042182616744
3226,13819.847574366688
3227,13836.419969050015
3228,13837.185370327272
3229,13837.185370327299
3230,13837.362019688371
3231,13855.768585975371
3232,13857.626314499386
3233,13866.794183530526
3234,13866.794183530552
3235,13866.794183530566
3236,13866.794183530616
3237,13872.420233573808
3238,13872.67890532262
3239,13879.487178859656
3240,13888.926054729671
3241,13888.950571590836
3242,13892.901991525401
3243,13906.27260113485
3244,13906.272601134917
3245,13906.902902297436
3246,13907.078219984523
3247,13914.78959010256
3248,13914.882823233933
3249,13925.942372932066
3250,13925.945645454096
3251,13932.970159741319
3252,13934.262000924233
3253,13935.881414338177
3254,13935.881414338201
3255,13945.751018739247
3256,13945.751018739267
3257,13956.432731927905
3258,13957.151859237827
3259,13962.66246287282
3260,13963.722860958645
3261,13969.369734866304
3262,13969.606640603708
3263,13971.174931850741
3264,13972.367026854172
3265,13985.229436343565
3266,13985.229436343605
3267,13985.229436343654
3268,13985.229436343674
3269,13987.376375822803
3270,13995.099040744712
3271,13995.099040744723
3272,13996.621100414777
3273,14024.707853947981
3274,14024.707853947993
3275,14032.178266973218
3276,14032.841785658307
3277,14040.712557672658
3278,14048.994002264617
3279,14050.390967452115
3280,14052.859024683417
3281,14054.316667151181
3282,14054.316667151232
3283,14065.623295737047
3284,14065.634839989598
3285,14069.267954076035
3286,14069.428271487934
3287,14075.858211630381
3288,14087.503973786619
3289,14090.38390897289
3290,14097.93264015483
3291,14103.664689156722
3292,14103.664689156722
3293,14109.220809649993
3294,14109.842662367917
3295,14124.329267682373
3296,14125.932332151377
3297,14128.653077433557
3298,14128.720898551637
3299,14140.69476429992
3300,14143.143106761052
3301,14143.143106761061
3302,14146.926070390831
3303,14149.691314463113
3304,14150.581734056654
3305,14159.833896817097
3306,14173.633283825944
3307,14174.051203758181
3308,14180.979667165466
3309,14212.23033756861
3310,14212.230337568686
3311,14212.584258050429
3312,14212.753875756092
3313,14217.538100767671
3314,14219.225033559484
3315,14236.149426273141
3316,14236.222490196833
3317,14247.588853903258
3318,14247.94095925054
3319,14253.013193855391
3320,14260.221724398916
3321,14261.578359574041
3322,14261.578359574083
3323,14261.578359574125
3324,14261.578359574176
3325,14272.835870661953
3326,14273.437094520736
3327,14279.698988879551
3328,14285.0401892918
3329,14289.832579170888
3330,14292.043992754929
3331,14305.859770282988
3332,14306.63129055307
3333,14310.926381579509
3334,14310.926381579549
3335,14310.926381579549
3336,14310.926381579568
3337,14310.9263815796
3338,14310.926381579638
3339,14338.495937344309
3340,14344.18360379628
3341,14344.274830501536
3342,14348.214136016895
3343,14354.529662079178
3344,14358.101840877229
3345,14372.833062254127
3346,14375.219818040072
3347,14384.335016115274
3348,14386.411622290323
3349,14389.88321678829
3350,14409.046099003483
3351,14409.622425590451
3352,14409.622425590458
3353,14410.617698906879
3354,14413.8201610125
3355,14415.706368265684
3356,14435.929442313884
3357,14436.594694205382
3358,14458.970447595801
3359,14458.970447595917
3360,14458.970447595921
3361,14458.970447595942
3362,14464.658148283677
3363,14464.811667989732
3364,14468.840051997004
3365,14468.840051997031
3366,14480.565866510309
3367,14486.68449075858
3368,14494.933213239039
3369,14498.448865200255
3370,14498.44886520026
3371,14500.082659330592
3372,14510.791879602719
3373,14511.058705317957
3374,14543.941274129702
3375,14544.509231877673
3376,14567.536096007905
3377,14567.536096007905
3378,14570.2772673405
3379,14575.294131546905
3380,14575.93720634897
3381,14584.696819682804
3382,14584.999771159321
3383,14587.181246914342
3384,14598.567025612194
3385,14606.444177374302
3386,14607.014513612243
3387,14607.014513612257
3388,14607.640032982192
3389,14615.882144177487
3390,14616.655955249043
3391,14616.884118013333
3392,14616.884118013351
3393,14630.257611628136
3394,14631.1963132739
3395,14643.67260599409
3396,14653.452529044665
3397,14663.347854096142
3398,14669.607074689831
3399,14677.263759449268
3400,14679.430200384444
3401,14684.208473962199
3402,14684.601392377694
3403,14695.840953222041
3404,14695.840953222063
3405,14705.710557623106
3406,14705.71055762311
3407,14705.710557623117
3408,14705.71055762315
3409,14720.08155840948
3410,14725.449766425327
3411,14725.449766425369
3412,14745.41631523324
3413,14752.003932870364
3414,14765.876563024718
3415,14766.875501597273
3416,14771.675014301785
3417,14778.05628869361
3418,14779.422752094315
3419,14784.710024297323
3420,14789.817098909309
3421,14790.182754070518
3422,14797.943390131009
3423,14799.805505793762
3424,14818.331844645674
3425,14818.53884254466
3426,14821.933602755746
3427,14827.137783932783
3428,14868.098206185505
3429,14871.30536793295
3430,14874.079380664143
3431,14874.283848650861
3432,14883.36343684275
3433,14883.363436842772
3434,14884.722855011287
3435,14885.560967445055
3436,14896.049432975307
3437,14897.37602809445
3438,14932.711458848176
3439,14932.711458848185
3440,14932.711458848222
3441,14932.711458848262
3442,14934.624795740428
3443,14942.581063249274
3444,14942.581063249278
3445,14948.54562988022
3446,14951.191313984011
3447,14951.234376368842
3448,14967.6513380736
3449,14970.447933628611
3450,14972.189876452545
3451,14972.189876452561
3452,14972.189876452576
3453,14972.189876452678
3454,15011.668294056926
3455,15011.66829405693
3456,15014.780530934937
3457,15015.239590751973
3458,15023.884616318541
3459,15024.159664492892
3460,15030.71082286299
3461,15033.929240972606
3462,15051.146711661249
3463,15051.146711661282
3464,15060.505923162691
3465,15070.445489753378
3466,15100.494733666703
3467,15100.494733666737
3468,15104.050245034592
3469,15104.085412795797
3470,15104.506573128712
3471,15106.151374047646
3472,15114.170600531445
3473,15118.850544108223
3474,15119.061466706435
3475,15125.216064984652
3476,15148.242103600725
3477,15156.86324169768
3478,15157.645343316934
3479,15167.882050898595
3480,15169.581964474335
3481,15169.581964474397
3482,15170.342560837846
3483,15172.993763179262
3484,15179.451568875435
3485,15179.451568875444
3486,15207.014100957796
3487,15207.947532333375
3488,15218.729415773749
3489,15245.546545730949
3490,15267.977748960191
3491,15268.08042897109
3492,15284.360097730565
3493,15285.686529246832
3494,15288.017217287368
3495,15288.017217287415
3496,15296.084735854227
3497,15296.32366399909
3498,15297.584711184842
3499,15307.775128400031
3500,15317.626030490674
3501,15317.626030490683
3502,15323.773932982029
3503,15326.343132458045
3504,15327.495634891775
3505,15327.495634891846
3506,15328.157217836202
3507,15328.410388947843
3508,15333.865932598614
3509,15335.173780057081
3510,15357.104448095026
3511,15357.104448095066
3512,15359.751925478789
3513,15365.236144984792
3514,15373.023012674135
3515,15373.637063404938
3516,15415.01723143355
3517,15426.293434874036
3518,15431.589910535351
3519,15432.345745196515
3520,15445.930887704842
3521,15445.930887704873
3522,15469.132786027098
3523,15470.303707928037
3524,15475.539700908124
3525,15478.596891924211
3526,15478.789489284669
3527,15488.241756127436
3528,15490.670262715499
3529,15495.278909710285
3530,15495.278909710298
3531,15524.887722913556
3532,15524.887722913576
3533,15526.37466989518
3534,15529.08773845187
3535,15551.815859998556
3536,15552.272787474589
3537,15554.496536116818
3538,15554.496536116836
3539,15555.502403849156
3540,15568.173186800384
3541,15604.132147494181
3542,15604.378674782252
3543,15638.739736159696
3544,15640.082152487385
3545,15643.322975726611
3546,15643.322975726642
3547,15650.51449839857
3548,15652.845648649394
3549,15653.192580127728
3550,15653.192580127734
3551,15653.192580127754
3552,15653.192580127781
3553,15664.220527956317
3554,15672.86116039336
3555,15675.263555674868
3556,15678.707401886171
3557,15686.344475768248
3558,15701.400032922515
3559,15701.414483671146
3560,15729.861218933656
3561,15732.149415336415
3562,15732.149415336429
3563,15747.767963061888
3564,15750.630128808411
3565,15759.027305770391
3566,15761.758228539717
3567,15761.758228539762
3568,15786.944264570697
3569,15787.775472683339
3570,15791.367041742975
3571,15791.367041743
3572,15813.730458949203
3573,15822.173238467738
3574,15822.769831519996
3575,15833.978632605707
3576,15838.05901860381
3577,15842.579369004323
3578,15850.730386551806
3579,15864.596645826796
3580,15868.923294102098
3581,15874.264596658981
3582,15881.996401346525
3583,15895.207439027361
3584,15895.240183503647
3585,15918.925917850882
3586,15919.158205469595
3587,15952.309402214119
3588,15963.702903645351
3589,15969.019920962583
3590,15969.019920962612
3591,15976.609169075875
3592,15977.92866729185
3593,15988.759129764734
3594,15988.759129764761
3595,15999.91032930045
3596,16000.067168244801
3597,16013.467102391473
3598,16017.927747703981
3599,16034.301353127126
3600,16038.107151770126
3601,16038.107151770191
3602,16038.107151770198
3603,16038.107151770198
3604,16038.107151770206
3605,16038.107151770242
3606,16045.646626357684
3607,16077.585569374527
3608,16077.58556937458
3609,16082.607361967208
3610,16084.034028408649
3611,16097.553247966902
3612,16100.737523994538
3613,16123.76833910869
3614,16127.390075013813
3615,16156.542404583273
3616,16156.542404583279
3617,16172.609977584343
3618,16172.89850260795
3619,16186.151217786475
3620,16186.151217786537
3621,16196.662000497523
3622,16202.196648716381
3623,16206.994458679668
3624,16207.065669357782
3625,16225.65569941313
3626,16232.866730473643
3627,16233.890473108475
3628,16236.835663836333
3629,16261.149992611236
3630,16274.977657396346
3631,16274.977657396435
3632,16278.87879603741
3633,16305.256689364693
3634,16305.300266014319
3635,16325.994710648627
3636,16339.703086311569
3637,16353.160752476184
3638,16353.934492605036
3639,16353.934492605051
3640,16360.35099420609
3641,16363.804097006096
3642,16363.80409700615
3643,16381.724045536581
3644,16383.486973753052
3645,16392.95080365421
3646,16393.52067610126
3647,16414.924394497863
3648,16419.075026289513
3649,16421.097954676603
3650,16423.054271599427
3651,16432.891327813744
3652,16432.891327813766
3653,16439.349142542113
3654,16442.760932214849
3655,16442.760932214878
3656,16444.841429749224
3657,16474.058469731968
3658,16482.156064610841
3659,16524.109143329006
3660,16525.952639436633
3661,16534.870206747357
3662,16537.711613837473
3663,16537.732920708753
3664,16540.769559611002
3665,16549.387672733377
3666,16554.709341135822
3667,16600.036800712522
3668,16600.67460263228
3669,16603.099133783242
3670,16620.413811434508
3671,16620.413811434555
3672,16630.283415835558
3673,16630.283415835616
3674,16643.80788453027
3675,16648.243998549089
3676,16669.097264669483
3677,16679.631437841024
3678,16679.631437841042
3679,16683.233691638612
3680,16709.240251044266
3681,16709.240251044299
3682,16717.062464347262
3683,16717.536373034523
3684,16728.782712056567
3685,16732.121232881127
3686,16738.849064247544
3687,16738.849064247617
3688,16766.417302652502
3689,16767.252271424361
3690,16778.327481851935
3691,16778.327481851975
3692,16787.474913008824
3693,16797.010506443305
3694,16799.963698777548
3695,16811.998300888514
3696,16829.492514958081
3697,16855.232393161146
3698,16860.628693986135
3699,16867.153921461693
3700,16867.153921461715
3701,16870.780004956716
3702,16889.595687873112
3703,16891.747738795479
3704,16891.759637935582
3705,16916.501943467116
3706,16916.501943467159
3707,16930.768533501512
3708,16932.170030874004
3709,16945.782747056859
3710,16961.684470830722
3711,16982.515450744278
3712,16989.063327000975
3713,16989.182048523762
3714,17006.996109557629
3715,17019.057827884564
3716,17049.444516991312
3717,17052.140645446267
3718,17063.013273212608
3719,17074.415613884525
3720,17074.415613884594
3721,17079.401565639502
3722,17081.787262943984
3723,17084.754280311645
3724,17094.154822686713
3725,17094.154822686811
3726,17107.005430298912
3727,17107.309068468068
3728,17118.812495607213
3729,17119.765269763571
3730,17143.502844692146
3731,17143.50284469223
3732,17168.248595462337
3733,17182.095013442053
3734,17182.981262296584
3735,17182.981262296595
3736,17216.299519950186
3737,17219.869118196846
3738,17222.459679900869
3739,17222.459679900927
3740,17254.035581542954
3741,17255.35921553196
3742,17266.516302472166
3743,17268.568901775303
3744,17301.416515109588
3745,17301.416515109624
3746,17311.286119510656
3747,17311.286119510725
3748,17329.411838491178
3749,17337.817990047268
3750,17344.388916961063
3751,17347.213935050335
3752,17377.285840722041
3753,17387.750937152312
3754,17412.060525036159
3755,17419.851767922675
3756,17419.851767922726
3757,17425.598889985649
3758,17437.409240908113
3759,17439.124896222183
3760,17451.753925236986
3761,17452.851774649476
3762,17459.330185527091
3763,17459.330185527102
3764,17477.92447679384
3765,17488.252559479897
3766,17512.333200085544
3767,17521.671233844514
3768,17545.579160687201
3769,17547.235053852026
3770,17567.895833939008
3771,17567.895833939059
3772,17572.890303083324
3773,17576.399377947011
3774,17577.765438340055
3775,17577.76543834015
3776,17593.416716507745
3777,17599.686319362023
3778,17626.169014165054
3779,17638.482459613511
3780,17650.608820196834
3781,17651.101513945072
3782,17673.195565540515
3783,17675.793147519827
3784,17689.856395152507
3785,17700.017737650018
3786,17752.577087847785
3787,17752.814771614005
3788,17765.287921960851
3789,17775.157526361883
3790,17775.157526361927
3791,17779.156763968324
3792,17783.296823756747
3793,17785.027130762988
3794,17785.027130763014
3795,17821.993504318059
3796,17838.340613690489
3797,17843.476499516382
3798,17843.596280313461
3799,17844.24475716953
3800,17844.244757169548
3801,17863.983965971722
3802,17863.983965971736
3803,17916.238115871376
3804,17916.539551757138
3805,17933.787716344763
3806,17942.940801180473
3807,17942.940801180506
3808,17946.721826309495
3809,17967.446839270418
3810,17981.239985717657
3811,17998.70412287792
3812,18012.028031988033
3813,18012.028031988084
3814,18012.693798905995
3815,18013.805320437754
3816,18037.725311253878
3817,18058.902535244797
3818,18066.383187527299
3819,18066.463936165714
3820,18081.115262795589
3821,18081.115262795684
3822,18115.509038553955
3823,18123.725895600084
3824,18139.178839026361
3825,18153.98533622695
3826,18166.581376573537
3827,18183.465722931691
3828,18195.302942993669
3829,18212.0444499474
3830,18215.100318473302
3831,18234.969610592572
3832,18246.655426306763
3833,18258.768142015306
3834,18258.768142015382
3835,18260.964251442463
3836,18261.15594126016
3837,18283.068420505086
3838,18283.211072962666
3839,18288.376955218569
3840,18288.376955218679
3841,18342.935987699388
3842,18358.18931514056
3843,18367.333790427241
3844,18367.333790427296
3845,18376.637463368439
3846,18381.403937142157
3847,18406.812208031653
3848,18406.812208031672
3849,18432.03039204135
3850,18432.293645190504
3851,18475.899438839202
3852,18475.899438839253
3853,18485.769043240325
3854,18485.769043240402
3855,18497.324362070816
3856,18500.453333569978
3857,18504.334113928937
3858,18513.95007637591
3859,18568.159155072994
3860,18578.2333205541
3861,18602.592784133718
3862,18604.204296053438
3863,18604.204296053478
3864,18608.532451137209
3865,18615.691008166024
3866,18625.99533742106
3867,18656.759466016792
3868,18659.126901012438
3869,18687.297759859666
3870,18707.082263638531
3871,18718.315665226968
3872,18718.636535095888
3873,18732.509153267587
3874,18732.509153267609
3875,18762.11796647088
3876,18762.117966470894
3877,18770.228874298486
3878,18770.633349496311
3879,18788.604196122997
3880,18793.087554667127
3881,18818.398586685849
3882,18834.824588517575
3883,18850.636330577163
3884,18851.191765498075
3885,18885.627867870975
3886,18896.065382946501
3887,18941.644520657654
3888,18944.056487007336
3889,18959.510054492668
3890,18959.510054492723
3891,18961.97857446842
3892,18962.14623854106
3893,18969.379658893751
3894,18989.118867695917
3895,18989.118867695932
3896,19018.664712211783
3897,19034.202016154912
3898,19048.336494102448
3899,19048.336494102594
3900,19102.256901747787
3901,19103.39967014542
3902,19128.948509266374
3903,19140.687999042646
3904,19147.03253811325
3905,19147.032538113341
3906,19177.880310615976
3907,19191.20469855571
3908,19196.380560118829
3909,19196.380560118927
3910,19201.315617174165
3911,19209.231545433977
3912,19211.501193361186
3913,19247.805411152665
3914,19268.436789550466
3915,19285.206999728631
3916,19285.206999728638
3917,19322.341504613934
3918,19323.946816056592
3919,19344.164385986227
3920,19363.901512589633
3921,19383.710928612261
3922,19400.122608876722
3923,19411.103902249775
3924,19420.360955952667
3925,19423.955888948058
3926,19450.47311346457
3927,19456.351412192875
3928,19462.859878948184
3929,19462.859878948231
3930,19492.692898976456
3931,19497.047947817187
3932,19558.070231832698
3933,19573.123938819677
3934,19582.774724633797
3935,19589.881298650838
3936,19591.164736162347
3937,19591.164736162373
3938,19630.643153766712
3939,19630.643153766789
3940,19649.421986517002
3941,19650.497096303363
3942,19679.991175772193
3943,19679.991175772273
3944,19709.599988975435
3945,19709.599988975457
3946,19715.819123939385
3947,19727.761524455334
3948,19798.556383931456
3949,19807.877504897573
3950,19828.035241788511
3951,19828.035241788533
3952,19828.841132787555
3953,19830.151724735337
3954,19840.684228189137
3955,19857.496634210085
3956,19898.703546838693
3957,19906.234889499556
3958,19927.026721577982
3959,19937.460112314835
3960,19985.948912205939
3961,19985.948912206004
3962,20003.957678091967
3963,20006.966358347559
3964,20023.724431476552
3965,20024.248938092875
3966,20051.970589718643
3967,20070.968175544225
3968,20082.028592609411
3969,20082.836465110951
3970,20121.617441555612
3971,20136.247157806243
3972,20183.341000227705
3973,20183.341000227723
3974,20187.44064215929
3975,20188.746512351656
3976,20212.949813430994
3977,20232.689022233128
3978,20232.689022233186
3979,20252.891635369724
3980,20269.099287447531
3981,20291.906648639721
3982,20291.906648639742
3983,20355.881384257722
3984,20357.875860455068
3985,20390.602692650606
3986,20390.602692650667
3987,20420.566307432291
3988,20428.949322624292
3989,20431.668889057535
3990,20445.582807257226
3991,20459.500130737219
3992,20497.687802801527
3993,20516.420967900041
3994,20528.777154265845
3995,20528.777154265888
3996,20571.199896708116
3997,20573.330797409086
3998,20606.005263518331
3999,20619.381878539964
4000,20640.366770550252
4001,20656.324103625124
4002,20670.43751096923
4003,20705.426943815033
4004,20706.430033485416
4005,20706.430033485449
4006,20709.017253588012
4007,20745.866564262204
4008,20751.543946146245
4009,20813.960918068235
4010,20831.198069545258
4011,20854.474099501771
4012,20854.474099501815
4013,20893.952517106158
4014,20893.95251710619
4015,20896.774450471734
4016,20897.262378273379
4017,20961.829654768775
4018,20972.909352314844
4019,20972.909352314899
4020,20977.96524422754
4021,21068.421764954415
4022,21076.997725735542
4023,21091.344605127983
4024,21091.344605127986
4025,21100.421533888821
4026,21100.644968126835
4027,21121.450098316542
4028,21130.890334667816
4029,21181.945219177131
4030,21202.037971359521
4031,21249.258275545362
4032,21249.258275545402
4033,21281.096653529388
4034,21283.320353897365
4035,21299.83470198547
4036,21300.555044904344
4037,21330.046970491479
4038,21346.645975576805
4039,21397.685623744073
4040,21411.555289789463
4041,21454.450530819249
4042,21455.568057225846
4043,21495.99838557261
4044,21515.737594374776
4045,21515.73759437491
4046,21523.920858069159
4047,21542.479564519101
4048,21574.955220781358
4049,21574.955220781383
4050,21657.045911401474
4051,21669.02164194228
4052,21673.651264792134
4053,21673.651264792214
4054,21717.462613070755
4055,21732.805869392756
4056,21747.234327618477
4057,21788.380406724551
4058,21806.306281863046
4059,21811.825726407391
4060,21811.825726407482
4061,21878.184691276165
4062,21894.816656866966
4063,21936.534372300575
4064,21952.180318752788
4065,21966.904422497617
4066,22000.299855674355
4067,22002.825598332558
4068,22031.059371571198
4069,22042.260100813575
4070,22108.823955840144
4071,22128.45536943337
4072,22157.261880445512
4073,22157.261880445589
4074,22196.74029804995
4075,22196.740298049994
4076,22229.799915938514
4077,22241.675527908701
4078,22275.697133258673
4079,22275.697133258767
4080,22377.976037604167
4081,22387.191171022023
4082,22394.132386071698
4083,22394.1323860718
4084,22415.10555891418
4085,22429.853266989907
4086,22488.295889617293
4087,22503.050433872817
4088,22594.831467930202
4089,22598.62803235072
4090,22607.717863625563
4091,22613.717007206596
4092,22642.33102131803
4093,22660.908918798417
4094,22715.731009261104
4095,22735.554954427284
4096,22818.525375318626
4097,22821.35621643468
4098,22833.490647443614
4099,22838.26458412069
4100,22838.264584120807
4101,22897.482210527312
4102,22897.482210527382
4103,22996.178254538161
4104,22996.178254538187
4105,23045.947765357465
4106,23061.265993493831
4107,23072.364657749218
4108,23116.412247073229
4109,23128.754009396991
4110,23208.180142644222
4111,23217.140829552576
4112,23272.185104648328
4113,23287.733074358595
4114,23303.710351589918
4115,23343.858150418524
4116,23363.289309321222
4117,23432.551218834084
4118,23445.256261214483
4119,23499.528078993651
4120,23499.528078993764
4121,23539.006496598071
4122,23539.006496598133
4123,23617.963331806772
4124,23617.963331806866
4125,23726.725698660637
4126,23733.703997515542
4127,23763.363720417372
4128,23772.906598015688
4129,23836.922281953219
4130,23844.309131450569
4131,23955.519952087125
4132,23966.412617491715
4133,23992.637130730935
4134,24011.032978811025
4135,24063.605979915948
4136,24077.307862295234
4137,24180.530782668942
4138,24200.26999147101
4139,24200.269991471123
4140,24259.487617877621
4141,24259.487617877716
4142,24413.558425239065
4143,24429.476106026312
4144,24435.800730264502
4145,24484.148126228116
4146,24489.648743774753
4147,24647.277462501035
4148,24661.593509276863
4149,24677.790363760087
4150,24714.58424189678
4151,24729.945661838763
4152,24881.272695146214
4153,24881.272695146235
4154,24920.751112750655
4155,24920.75111275068
4156,25114.879387676872
4157,25117.577306971212
4158,25150.476641135414
4159,25153.642479830007
4160,25350.214238105622
4161,25362.067269022125
4162,25385.437038134358
4163,25403.350315607593
4164,25582.014607623641
4165,25601.753816425826
4166,25601.753816425855
4167,25818.755216098147
4168,25836.245586018747
4169,25836.366399139297
4170,26062.605406936687
4171,26075.911712980491
4172,26096.930837564396
4173,26302.495728903054
4174,26302.495728903108
4175,26536.603312990672
4176,26541.794948181374
4177,26785.248792590664
4178,26808.517624088901
4179,27022.976850182717
4180,27259.372008981452
4181,27534.61009441657
