# Domain: rectangle (FEM, convergence sweep, dense eig full spectrum)
# Resolution Hmax = 0.22, dofs = 1779
# Computation time: 0.3401 s
# Eigenvalues stored: 1779 of 1779
n,lambda_n
1,1.250003581548973
2,2.0000148834665517
3,3.2500629940398995
4,4.2501644116206219
5,5.0002215028560197
6,5.0002403764040553
7,6.2504463617611083
8,7.2506596664859444
9,8.0009265660864699
10,9.2515721975181808
11,10.001705617123902
12,10.00190662755478
13,10.251938377835906
14,11.25261923417443
15,13.003922943103715
16,13.00395706991257
17,13.253879376958984
18,15.256325637408022
19,16.257573541244987
20,16.258694790290676
21,17.007942481049042
22,17.009492317242849
23,18.010345156653123
24,18.261236123193964
25,20.01389198796473
26,20.014418944485271
27,21.265147125246994
28,21.266921396715166
29,22.269598761929533
30,24.274298253085078
31,25.027161619144398
32,25.02742864227961
33,25.281579744264786
34,26.027581702365328
35,26.033506761646205
36,27.287182758564995
37,28.288986773726432
38,29.040821586319783
39,29.043384312392963
40,29.292848263516195
41,31.297821568997062
42,31.303134449393813
43,32.056090537775162
44,34.066330205679456
45,34.067700131032787
46,34.316119294974904
47,36.33112572646354
48,36.343709185864661
49,37.078700267446131
50,37.095494984209097
51,37.338151325149219
52,38.352175066405081
53,39.350711106229987
54,40.103291635736326
55,40.114645515209297
56,41.116192485719559
57,41.116687597606685
58,42.382601644699861
59,43.373179965265223
60,45.149469716943393
61,45.156623752150253
62,45.404431222137873
63,46.406027907472385
64,46.415588065759181
65,48.439207338860399
66,49.47454855626868
67,50.18532980173665
68,50.206021410886954
69,50.230028696290375
70,51.466522527573645
71,51.490915517631045
72,52.231002002550206
73,52.232297303184737
74,53.230473526463875
75,53.26046129476083
76,55.524882346983027
77,55.540878715493093
78,56.537561010086307
79,57.523136618840439
80,58.306726618519967
81,58.331453683454455
82,58.568721728047649
83,60.584606834658722
84,61.361787582577094
85,61.366388368339393
86,61.631935800779303
87,64.732629251522482
88,65.398131536356445
89,65.433899953938706
90,65.446086389449619
91,65.493448807999968
92,65.677129327140293
93,66.713095940230929
94,66.761774597985749
95,67.735884613226702
96,68.477290767427377
97,68.53929050339346
98,69.782205866182281
99,70.83037107041136
100,72.596884932316939
101,72.834581340223636
102,73.586925029844437
103,73.640670234275916
104,73.820225956753262
105,74.639149650998704
106,74.64770449939779
107,76.913859581021981
108,76.972411079844221
109,79.014506504499735
110,80.037560393947544
111,80.780925928290543
112,80.827759496720518
113,82.047190985327063
114,82.090321126154649
115,82.220701542924175
116,82.790197692467672
117,82.953785549456455
118,84.219869348070603
119,85.204382345165385
120,85.894218066298478
121,85.960708847161385
122,85.968617132594488
123,86.02585756296557
124,88.355112024894694
125,89.283061341769184
126,90.089410386419686
127,90.10521661021501
128,91.067730967640756
129,91.194448526806568
130,92.304565116149689
131,92.424528189457035
132,93.459323835778051
133,94.55131391210611
134,95.431527476488682
135,95.541506444755456
136,98.347769837792598
137,98.435189099062967
138,98.643630044524599
139,99.444105189746637
140,100.65534843497328
141,101.51093879435793
142,101.52896019367083
143,101.9434383864096
144,102.37486679513404
145,102.71767231323012
146,102.86095064689208
147,104.00564256841693
148,105.54189445113713
149,105.82101592274401
150,107.03350709865998
151,107.7580784824677
152,107.83601678085178
153,107.98599467470011
154,108.06945525093806
155,108.17936999016632
156,110.14584432717631
157,110.81581661380862
158,111.0807847602463
159,113.04825655559604
160,113.35386127668455
161,114.50277152432123
162,115.16031728983528
163,115.19163560206243
164,116.26913824859101
165,117.45234117102495
166,118.21782481669614
167,118.43833344938439
168,119.37768392689171
169,119.40523071504755
170,121.57317087570108
171,122.80605963396145
172,122.89542194082529
173,123.90421937571114
174,124.25299828312974
175,124.38757934399064
176,125.00387792833854
177,126.01100525387299
178,126.30842889008083
179,127.65332924432042
180,127.75390801456967
181,127.89810522812417
182,128.1780353863341
183,129.06851374381563
184,129.18095981692926
185,130.586891235444
186,131.04129191971484
187,132.96682678212241
188,133.1773585591894
189,133.19859072076136
190,133.4684029129364
191,133.52782728636109
192,136.41441203946118
193,136.96596799591018
194,138.69556110205895
195,139.52877795297366
196,139.66592737071818
197,139.69982800868993
198,139.90094467797701
199,140.56480006891974
200,140.9799785554946
201,140.99881509068382
202,143.0578736557417
203,145.05938240504534
204,145.55980996492642
205,146.44133124878522
206,148.74009353630677
207,149.0294581895198
208,149.36599211958361
209,149.3843993006453
210,149.52132392565849
211,150.28348107124594
212,150.46695480225142
213,150.67280100874103
214,150.8324721348221
215,152.37711237208322
216,152.69729127411389
217,152.71760750733097
218,153.62104560704557
219,153.77283336494435
220,155.19340125368436
221,156.28768473358051
222,157.81374861565502
223,158.25375574433897
224,158.31723419962012
225,159.47731923297681
226,161.62580856445064
227,161.86908180666418
228,162.09243677556091
229,162.13100281341715
230,162.45111423938397
231,162.52087012928325
232,164.84361729161722
233,165.42638411854239
234,165.66352326884459
235,166.0153365803921
236,167.87628733229033
237,169.22292730384399
238,170.05920916441957
239,170.12148410852973
240,170.71629731039459
241,171.16822249100724
242,174.47616847039058
243,175.37774996774945
244,175.80712634379964
245,175.96165539720738
246,176.59742388492518
247,176.66415699988875
248,177.27688578133467
249,177.7459452484033
250,178.09654151152313
251,178.71732140424288
252,178.9876245913471
253,179.14864485607953
254,179.57301671488898
255,180.94677878944927
256,181.32341904732201
257,181.72285713171001
258,183.5277542701927
259,184.79708645742306
260,185.10031720226459
261,186.71998026922111
262,187.62530663742186
263,187.92814735997982
264,188.80329907037301
265,188.92832136528165
266,188.98519949743962
267,189.02853173125143
268,190.40909099648607
269,190.44343379707962
270,192.66125151389383
271,193.21867596828938
272,193.51338259683493
273,194.14388516242909
274,194.5767621391667
275,194.73374119278174
276,199.08062373487405
277,199.4627425692091
278,199.66259287866379
279,200.62614683920455
280,201.46168287753025
281,201.65653911842139
282,202.23785366678138
283,202.84930946892118
284,203.09050949987432
285,204.10817703622746
286,204.31230159962297
287,205.56335136877797
288,205.92067569119729
289,206.07892577770554
290,207.44097245470724
291,207.71290555109411
292,209.3142052634108
293,210.13217945465078
294,210.38837703169781
295,210.48678049885876
296,210.50643929933827
297,212.52877097559974
298,212.61257673299244
299,212.79877027425968
300,214.95798492193208
301,215.1731933872633
302,215.26684900049116
303,215.84492488571098
304,217.1598559354635
305,217.99741013853804
306,218.63947998672271
307,219.27099734180899
308,219.41357603242793
309,222.00718158194752
310,222.21612608496523
311,222.90640720962043
312,223.158281650552
313,223.31500775318645
314,224.31920567994482
315,224.95724480413287
316,225.26433245970861
317,228.54833707389454
318,229.17043193249327
319,229.82654192055097
320,230.63361747938899
321,230.95083468031015
322,231.12261722773638
323,232.70965102568516
324,233.55188679790049
325,233.81585458149604
326,234.21967170614795
327,234.8003886566735
328,237.98330529971807
329,238.20614650532968
330,238.36944372719023
331,238.89163083524423
332,239.53575158556677
333,240.49114335624793
334,240.8729105149601
335,241.43776067609426
336,241.5329293937927
337,244.83255533409914
338,245.38803745038254
339,246.16789316840294
340,246.37944645257119
341,246.61889765369529
342,246.69360265205287
343,246.93168539381597
344,247.10033598321888
345,247.18721673262976
346,248.3321359176721
347,249.11067691403596
348,249.47009054483959
349,250.61473841860757
350,251.90908685192431
351,253.29263199938876
352,253.41563224953032
353,255.42067675154328
354,255.68904902049744
355,256.68257388013393
356,256.90234911606268
357,257.36960633539456
358,257.94441450930429
359,258.93057096023523
360,260.14025050397112
361,260.69377179208084
362,260.84210626113844
363,261.44073304649015
364,262.71065621807821
365,263.46156271481573
366,263.7977612130062
367,264.78613394871854
368,264.95267660471717
369,265.37665101281982
370,265.64197699575789
371,266.87256411909584
372,267.54826827153244
373,267.72631248618217
374,269.78492640395081
375,269.9086834783314
376,270.71152708835126
377,271.19976627006542
378,271.70169237028074
379,272.23973965393697
380,272.62231071128565
381,272.96399714567485
382,273.7448676479554
383,274.97612773429512
384,275.25448507817953
385,276.2902030587295
386,276.65388857974699
387,277.16102914458912
388,277.25214434648012
389,280.87267406948251
390,281.63571737522176
391,281.71200802698598
392,281.81034594166363
393,282.38074285092455
394,284.04747683844596
395,284.38848909858865
396,285.6045145281991
397,286.83738954144468
398,286.86994139051654
399,287.13932645149129
400,288.76796363719836
401,289.50212397475559
402,289.57840583754216
403,290.21387442604612
404,292.28250456148157
405,293.66052416569846
406,294.36160248983185
407,294.99882403852246
408,295.83141486009737
409,296.56623080625184
410,298.60869390395754
411,300.01410435455637
412,300.11107023187628
413,300.76967937026637
414,303.99347471654255
415,304.249909860939
416,306.18034717059982
417,308.79420155059478
418,311.04115114416749
419,311.08158127403931
420,312.69362711211386
421,312.73108025695171
422,315.01923054991488
423,316.15478058102997
424,316.37375147510903
425,317.03271100571544
426,317.7902837376347
427,318.10696576840422
428,319.41696035223811
429,319.57146333743594
430,320.22772158112787
431,321.80621390868521
432,322.68888989346038
433,323.55505900766252
434,324.98686137063197
435,325.24242494467029
436,325.47084505234324
437,326.37187085241948
438,327.03078506773284
439,327.93862255280715
440,329.38460930840461
441,329.68926685314261
442,329.91073384570791
443,331.73686048096391
444,333.3189576475022
445,335.00619390881508
446,335.78067843428988
447,336.86904729730031
448,338.15182808388261
449,338.22259285595737
450,339.98020224076828
451,340.04213983056974
452,340.62619322176698
453,342.33874751033329
454,342.48234247885949
455,343.9098732312566
456,344.61667270028607
457,345.29794713909882
458,345.97022537839251
459,346.40495543171932
460,347.4887744869738
461,349.14188332389836
462,350.38826795141131
463,351.32624424479343
464,352.10488486152946
465,353.123139679247
466,353.21692940423452
467,354.85476082091645
468,356.22423025148049
469,356.79794882263093
470,357.85803520513355
471,358.96316968622358
472,359.56586902200462
473,360.33081426008175
474,362.83283638722651
475,363.86759289815217
476,364.38571412263923
477,365.30131635386994
478,365.63773289165124
479,366.12256378966066
480,368.36671755846328
481,369.57470348117926
482,369.69586572447793
483,370.43906070220055
484,372.16514020774929
485,372.92453861430209
486,374.18813663341263
487,374.39793856075045
488,374.50236362051703
489,376.60511751883882
490,376.75344804564872
491,377.35251471832697
492,378.09102046094347
493,378.37167985131236
494,380.37402136711017
495,381.55391600805223
496,382.75280009959323
497,382.82451630616106
498,382.96150229995771
499,383.74785012970796
500,385.30963334107463
501,386.41491653168561
502,386.60677361578712
503,388.38680432737226
504,388.58247714864405
505,388.7418273011063
506,390.49549551463076
507,391.5877929972844
508,392.36164617998685
509,392.42250254512982
510,393.17169526707357
511,393.42330496438581
512,394.31510671043435
513,395.1885309876161
514,395.72670172094007
515,396.12837315694935
516,397.68130218867356
517,398.52973488180282
518,400.87981224708949
519,401.0814962232003
520,402.45814871019132
521,403.03293853643771
522,404.79234742097316
523,406.65727884443316
524,407.75114241845876
525,408.91690601636446
526,408.96239361027074
527,409.70369718788027
528,410.79826190023522
529,411.89917305107895
530,412.4295178628451
531,412.43484833741098
532,413.3526340937463
533,415.01639700811222
534,416.23249195368192
535,416.94793153949615
536,416.98577546468033
537,418.58608086639407
538,420.58198658215724
539,421.32433821822764
540,424.99220505876463
541,425.67479887302812
542,426.16903769729799
543,426.56255936161597
544,427.42809278873625
545,427.71071271620252
546,428.44635538943623
547,428.69382710983018
548,429.68993595297258
549,429.77517566741193
550,430.54254385292819
551,433.53403876046133
552,434.6317038929505
553,435.43936834870419
554,435.73293228092973
555,436.88836283834451
556,436.96361778684013
557,438.44763124177791
558,438.59850727067567
559,438.99678230079098
560,439.42479386599035
561,439.84919417650849
562,442.04805157749979
563,443.45542788554525
564,444.30052724760196
565,444.92727768546507
566,445.88688699874422
567,446.06689826893933
568,447.20405512626826
569,447.58600736928634
570,447.80885065151614
571,448.33286887186472
572,448.82648385592046
573,449.97364585942347
574,452.71586097106626
575,452.95212883255596
576,455.50189236106996
577,456.18233899532328
578,458.17862633777963
579,459.03162945809822
580,459.77344875874786
581,460.18744535759015
582,462.14611331390205
583,463.27661013936279
584,463.34327186193531
585,463.36980876945148
586,463.49979125439535
587,466.72415644861621
588,467.60107780005541
589,468.19337161748427
590,469.16161700782419
591,469.5733859790235
592,469.81296353097235
593,470.15502853974454
594,472.47197209646754
595,472.7888693998882
596,474.88585438200215
597,475.9329115772257
598,479.01182452320268
599,479.75084702385385
600,482.23966988688994
601,482.8240627766607
602,483.17366144515091
603,483.86653405305827
604,485.74585046275394
605,486.80779451138721
606,487.56250383289114
607,488.45370672408512
608,488.71289795429163
609,488.87677901057435
610,489.51508997448531
611,490.47215250158041
612,492.47687793279806
613,493.28640398152345
614,494.35857984223026
615,495.00217573313097
616,495.12010318096839
617,496.48927413189972
618,497.13808833124671
619,497.4904609054808
620,497.90849986124454
621,498.71452117643128
622,500.57410265306169
623,501.20472009630669
624,501.30806969759959
625,503.3170971118854
626,505.41974657380041
627,506.3377636054152
628,506.81976760140032
629,508.67220441781467
630,508.80994935106264
631,509.17496312005159
632,509.25922609437566
633,511.65650548831388
634,511.8595419367104
635,513.15379158662699
636,513.66304306967936
637,515.00655372616905
638,515.15418152222207
639,516.89315243490751
640,518.0020501710884
641,519.28463993163189
642,520.14772701907543
643,521.09135715180435
644,521.24299425812421
645,523.22989364019975
646,525.37336353927549
647,527.35799981065634
648,527.60889855735593
649,529.50454433390598
650,529.75144141183466
651,531.77891869914197
652,533.07952318826574
653,533.60712947305649
654,534.33808136077334
655,534.98695239735832
656,537.76952343659514
657,539.03412288660377
658,539.54145524037961
659,541.81742058341467
660,542.54743129432438
661,543.68153386669098
662,545.0364040714162
663,545.43954061016564
664,546.22129123503748
665,546.36002952170804
666,547.23334304308401
667,547.41893612943227
668,549.30753968342287
669,550.4262120436664
670,552.02509866659432
671,552.61616003743598
672,553.56910511968579
673,554.4117606983508
674,555.92268151048597
675,556.09811264172549
676,557.80191882048689
677,558.39535249514927
678,561.9201698829005
679,563.20028900211855
680,564.26885919847609
681,565.1970011250728
682,565.34647423346303
683,565.49675296078919
684,566.56571818301904
685,567.28877636879008
686,568.51496454669154
687,570.78247170601924
688,571.52390742975194
689,572.47485174550047
690,572.75912042657319
691,574.44995651343402
692,574.48152037123134
693,575.79957575716446
694,576.59506248191553
695,578.2998122348281
696,578.65525027645322
697,578.6876365417678
698,579.09008396491129
699,580.83865257939817
700,581.47282441624998
701,582.06392152016269
702,583.14981017800517
703,588.03365402516056
704,588.90890386549324
705,590.63069601018378
706,590.71365143872379
707,590.99431205046119
708,592.01868053547526
709,592.72077583001021
710,593.41391798221764
711,596.78062463380456
712,597.87681792596004
713,599.331383090131
714,600.33639340256673
715,600.56936601331029
716,600.69297077282579
717,602.76742957600743
718,603.42932427697065
719,604.00265117474976
720,605.42007930118189
721,605.59442939892676
722,606.03672804279938
723,607.62307624914035
724,609.21890171035386
725,610.4451070091153
726,611.23728536615533
727,611.87454097458863
728,612.30590173374856
729,613.22183188968222
730,618.49080100231095
731,620.31367396681128
732,620.84147267502192
733,621.50626703611488
734,623.14712323980336
735,624.99748739990912
736,625.28775293600927
737,626.22793455404087
738,627.08288399096182
739,628.78653419112106
740,629.75985632369088
741,629.95520589622242
742,632.44195966351708
743,632.58457336264053
744,633.49264441033881
745,636.96864838771933
746,639.10065584065046
747,641.8753193287688
748,641.99063870809255
749,642.29711609221795
750,643.99863706928465
751,644.10168134052469
752,644.14490664566745
753,645.00170682412841
754,645.60649053457314
755,646.19326114694422
756,647.8682230711247
757,648.63268004102281
758,650.1967424727228
759,651.46190146539914
760,651.6228260440638
761,652.24466890590929
762,653.78196164703968
763,654.0714177641679
764,654.30069357380739
765,654.89914586594193
766,655.36457231705799
767,656.2392370745697
768,658.41528221648935
769,660.20033734764263
770,661.57501194405631
771,663.79167971893935
772,664.04844353147075
773,664.58764557305267
774,665.02320330376403
775,665.44495544122003
776,667.22223870951825
777,667.77096899071762
778,669.0937651577417
779,671.53976537169717
780,672.96716923289864
781,675.02122182715891
782,676.16997523238103
783,676.53559651196963
784,677.18243589825931
785,680.23652625813986
786,681.08975564855746
787,681.84391720141628
788,681.93292422766331
789,682.34291536490787
790,683.12439396051786
791,683.33210556778545
792,686.93106404125774
793,688.12557028168817
794,688.61725734342838
795,690.78429113154129
796,692.21665328001143
797,692.67966712900318
798,693.79095308935678
799,696.73196394305785
800,697.80248966306931
801,699.21187340490792
802,703.58167506898678
803,704.98155518938131
804,705.16470703160962
805,706.78784025274888
806,711.64880567662351
807,713.34707487205071
808,713.39567453039228
809,713.75793601093653
810,714.52120749942787
811,714.79993254451313
812,716.51305770843442
813,717.11239579781989
814,718.48901898894098
815,720.52514223430603
816,722.03504526167148
817,722.60554018362711
818,723.03376461638288
819,724.34613630196316
820,725.6731051605741
821,728.26765630036095
822,728.92288569873006
823,729.40541405275656
824,729.99988048971579
825,730.50133130559016
826,730.94447190508754
827,732.49859539113152
828,733.07562072198414
829,734.47924250205858
830,734.69339244343553
831,735.20903688903377
832,736.54697322529671
833,738.65456539874572
834,739.38427476907827
835,740.31283468376955
836,741.12156185492779
837,741.36771093010486
838,744.52104410811239
839,745.94134546589248
840,747.90021414807256
841,748.48126471821365
842,749.26002332432302
843,749.68746163403478
844,750.9372413387747
845,752.4147024343298
846,754.95198377349175
847,755.18011336349753
848,755.97804155969618
849,757.7252917907789
850,758.32462653014591
851,759.1584628023237
852,759.45277179818777
853,762.64662161549006
854,763.37127114155112
855,764.34907410588085
856,764.81107757740017
857,764.97033855687573
858,767.16431203231798
859,768.45503038745142
860,768.57435368297956
861,769.72448404813645
862,769.97339311937174
863,774.41401813273228
864,776.58615318093814
865,777.13060095289836
866,781.49954073816048
867,785.43876042718591
868,786.27042082488344
869,788.44590051044565
870,789.86826126604967
871,790.45711210901709
872,792.22347707589267
873,792.3788024408808
874,792.62007909367742
875,793.15404821743857
876,793.49473532001309
877,794.69643744552741
878,797.28889360586857
879,798.68302964791724
880,799.03233994802474
881,800.10052177880732
882,801.73579083599191
883,802.74472458506546
884,803.9147766339803
885,804.12446145203694
886,804.84326079781692
887,808.17094006371349
888,809.30351957522316
889,811.95254944647832
890,812.89921240678859
891,813.40355779094273
892,817.49888485414181
893,819.18891975429449
894,819.70793175841334
895,820.88968202945136
896,821.38572034267338
897,822.17912015051672
898,824.47192208254364
899,825.97705122916227
900,827.57146336734127
901,827.93444119523201
902,828.58744812653515
903,829.30422552442008
904,830.84915551366623
905,830.99720823366613
906,831.25075261348934
907,832.05181358296466
908,832.55042458050104
909,833.56734604429926
910,834.60475647937494
911,835.13931220274208
912,836.69097580912239
913,836.84285191000731
914,836.97395051267813
915,837.66766346302484
916,838.183193985657
917,838.55818226320673
918,838.82379511666215
919,839.64602727219096
920,844.28941675632325
921,845.94471349185164
922,848.68971462007892
923,850.26463349684991
924,852.37091394625168
925,853.00460065346101
926,853.27697148392133
927,853.93163832679261
928,856.66941106195065
929,858.02935041258104
930,861.14301676163598
931,862.51740590683721
932,863.16775170805056
933,863.4590086021276
934,866.59503882182321
935,869.75064408651565
936,870.61352633323486
937,870.88224269433806
938,871.66696345074013
939,872.13265177628068
940,874.30004501273299
941,876.15397706256545
942,877.43488230623234
943,880.00077114561361
944,880.51950136119262
945,880.71714068873018
946,881.83873991226756
947,883.39559718248074
948,884.8229799748043
949,885.61586583032476
950,887.64003482027385
951,889.11817574570478
952,890.90845392501876
953,897.00242368393685
954,897.13184005171024
955,898.08307130200944
956,898.40508738164863
957,898.62392117076149
958,900.2619680957423
959,900.77284934709849
960,902.21957985608492
961,902.39227527169908
962,905.42958679353342
963,906.74512850126962
964,908.23326386764268
965,908.99078182070457
966,909.63713480151489
967,911.40772038921693
968,912.26030892624499
969,912.8418985745152
970,913.90015686183585
971,914.81649732008202
972,918.23405992648497
973,919.63124358155017
974,920.90623778853171
975,921.42220763023158
976,921.99429017342493
977,924.76665866561007
978,926.08144506408996
979,926.6557468282175
980,927.44015222398798
981,927.5418429353648
982,927.76707286610156
983,928.43008739797506
984,929.76515186553058
985,929.8582166827141
986,930.66723125505541
987,932.15119098806269
988,932.40193570349652
989,932.88247541951966
990,933.60691637143225
991,935.07773491897683
992,935.96175718700454
993,937.22485051953015
994,938.11915210533675
995,938.91152631178727
996,941.85388982840414
997,942.22515778282923
998,943.68588595383835
999,947.79217087784411
1000,948.01489713851072
1001,950.25339307900686
1002,950.77184243788838
1003,952.71126772372759
1004,953.74472964427457
1005,955.16334766974262
1006,957.30373646900227
1007,958.44223064377968
1008,960.41523734296777
1009,962.0568476126391
1010,963.22480856927348
1011,963.70188449266743
1012,966.37168110120615
1013,966.40847298045878
1014,967.11111648993142
1015,967.45582923153461
1016,969.2547064191441
1017,970.89883802656482
1018,970.92891465650735
1019,972.23881179509237
1020,973.72888416462945
1021,974.86239442115345
1022,977.20435341028167
1023,977.63616989779291
1024,979.84490865369344
1025,980.95421305321395
1026,981.58704272870386
1027,985.22139354007106
1028,986.35412927766538
1029,987.22303778253445
1030,989.05347579806062
1031,989.88750181513683
1032,992.61242439366231
1033,993.70547866631159
1034,994.25450901390479
1035,995.58531536802957
1036,1000.8270407676641
1037,1001.2954464174675
1038,1001.5571740379331
1039,1003.3929657147893
1040,1003.8074953977354
1041,1004.8601710382134
1042,1005.3571866052943
1043,1006.2439120130808
1044,1006.6076022621208
1045,1008.1830020826299
1046,1009.1317847659333
1047,1009.8941423226178
1048,1011.3016676503008
1049,1013.0227766979771
1050,1014.544797099305
1051,1014.7430440137242
1052,1017.7865717264181
1053,1018.9687950294353
1054,1020.255179935305
1055,1022.0353361216859
1056,1023.0188321336035
1057,1024.9281299420338
1058,1025.3466186564604
1059,1026.4513490407526
1060,1028.1671813016012
1061,1028.6426857514334
1062,1029.225007882784
1063,1029.9496497587813
1064,1030.0504447463934
1065,1031.3204964097135
1066,1031.9115070531684
1067,1033.3562395660547
1068,1034.9326860741096
1069,1035.6204432307263
1070,1036.9712797827647
1071,1037.6231078496562
1072,1037.9710523752651
1073,1038.4806130044433
1074,1041.1606545692266
1075,1043.0380439285116
1076,1044.6447041323763
1077,1045.3201099232845
1078,1046.8811304182791
1079,1048.4012735006768
1080,1049.0546161008344
1081,1049.850823407786
1082,1050.1546808537621
1083,1050.3180740994014
1084,1051.408262267023
1085,1051.7814663050851
1086,1052.2756348148221
1087,1053.4074346379186
1088,1053.9065158551459
1089,1055.231629494345
1090,1057.5513267157301
1091,1059.0575479277031
1092,1059.9960008654839
1093,1060.2954925050726
1094,1061.7914113365159
1095,1065.0674165415626
1096,1065.5218542440991
1097,1066.1935941292486
1098,1067.7316146525266
1099,1069.9930746142516
1100,1070.6506381130669
1101,1071.1038918870431
1102,1071.9681476485223
1103,1073.3667619925986
1104,1073.9752014645176
1105,1074.3252155064743
1106,1076.6853066990918
1107,1077.7402941463913
1108,1081.1645218211841
1109,1082.679660723418
1110,1083.3190735399148
1111,1085.0959872523283
1112,1085.3003538238097
1113,1085.472813945813
1114,1086.7140032548009
1115,1089.3727037842223
1116,1093.9363781083039
1117,1094.3167753003786
1118,1095.4763430572016
1119,1096.8159598803886
1120,1097.5937173049108
1121,1098.1983646443553
1122,1099.9168743807859
1123,1100.9019004016325
1124,1101.8775422845729
1125,1105.3951702855436
1126,1107.019181082421
1127,1107.2353522899216
1128,1109.940549294387
1129,1110.6216223793817
1130,1111.6878242603673
1131,1112.3028000298957
1132,1113.8635736824212
1133,1115.2458684285621
1134,1115.7790044031303
1135,1116.5833920979749
1136,1118.9127019932225
1137,1120.0150904705799
1138,1121.0694075513661
1139,1121.7232281618528
1140,1122.3507290086163
1141,1122.6746582149917
1142,1123.8168594326899
1143,1124.3446335935962
1144,1126.0811175010406
1145,1130.8719658356765
1146,1131.3872592182045
1147,1131.6888378009569
1148,1132.4094137757731
1149,1133.2676460348239
1150,1137.9173365872457
1151,1138.3454873881683
1152,1140.7199520062709
1153,1142.4141449364961
1154,1143.7578552761929
1155,1144.898102920808
1156,1146.0252327533778
1157,1147.1989758226593
1158,1147.9936658204253
1159,1149.0267919626419
1160,1149.1090351073415
1161,1149.1964156039644
1162,1150.2708543982762
1163,1154.6223364107273
1164,1155.4780424405531
1165,1157.4900815135029
1166,1158.2509650219733
1167,1162.0902407995786
1168,1163.9733221782442
1169,1165.5537957607446
1170,1166.9783427201235
1171,1167.3699993378284
1172,1169.4430094617974
1173,1170.5140237041919
1174,1171.2987245454681
1175,1174.2394569674814
1176,1175.7501603592286
1177,1177.7266312316112
1178,1179.3110884141981
1179,1181.5079947715938
1180,1183.7023221807415
1181,1185.2991561318511
1182,1186.210747822025
1183,1192.0671654657872
1184,1193.2804695691686
1185,1193.4884051446672
1186,1197.6053012970015
1187,1198.4009547997841
1188,1200.0524259189685
1189,1202.3906768076233
1190,1205.9540126152026
1191,1207.662889151198
1192,1209.0778401182502
1193,1210.2081082696834
1194,1211.1984574059547
1195,1214.0458838103739
1196,1215.4762498603259
1197,1216.3716625524041
1198,1218.1292643694044
1199,1219.2114143897445
1200,1219.6762942096948
1201,1220.8456354244076
1202,1223.9488656905694
1203,1225.1541828983122
1204,1229.7451598786379
1205,1230.72643112781
1206,1231.4666158283444
1207,1235.5338228249425
1208,1237.9622642849865
1209,1240.7356631642856
1210,1242.4858979140613
1211,1244.6476129715627
1212,1245.6413296013463
1213,1247.9565564972095
1214,1250.6843924055356
1215,1251.8186493242863
1216,1252.8663829387597
1217,1255.1904860389286
1218,1259.0989998361363
1219,1264.9755600355541
1220,1265.7544643431256
1221,1269.5567043603503
1222,1276.3202133811121
1223,1280.1802067358194
1224,1282.0139732153461
1225,1286.1624967249998
1226,1286.9820636897216
1227,1289.1207144467528
1228,1291.3862286629346
1229,1292.8372380932842
1230,1293.5539284892159
1231,1293.8281865690844
1232,1294.4556800078153
1233,1294.6160112974133
1234,1297.391583291876
1235,1299.1263289434205
1236,1300.6570754268641
1237,1304.1303515051602
1238,1308.3025018788239
1239,1316.6128104980203
1240,1317.7533163382286
1241,1318.3470990829296
1242,1319.3089093945525
1243,1322.9641273306979
1244,1326.4120358528457
1245,1328.1535988371875
1246,1328.798410075791
1247,1330.4885736467004
1248,1332.9160635229496
1249,1334.3135126021982
1250,1336.849690480783
1251,1338.7998627453846
1252,1340.0595385916101
1253,1341.6816464882857
1254,1344.088277765331
1255,1344.6618387195813
1256,1345.9587436049126
1257,1348.5071890088182
1258,1349.968861611073
1259,1351.8370564032953
1260,1352.5651900829987
1261,1356.2790426442637
1262,1358.747113907941
1263,1363.581067089355
1264,1365.1571248885953
1265,1368.1583645294486
1266,1370.1628765123257
1267,1371.9679120134822
1268,1373.6470703513269
1269,1376.0636344643301
1270,1378.0799283486115
1271,1379.7738788275483
1272,1385.0074345944427
1273,1387.2716391829802
1274,1390.5740900317214
1275,1393.3723560886058
1276,1394.5293808851695
1277,1395.970245268059
1278,1398.3224525422675
1279,1401.0391043559348
1280,1405.3428574194545
1281,1408.3785818473511
1282,1409.8033485861979
1283,1412.616676690177
1284,1416.7005952551333
1285,1417.6248910079164
1286,1419.4630993402375
1287,1421.1577776245863
1288,1428.172738122181
1289,1431.0149633808037
1290,1431.7342257603257
1291,1433.2331036586047
1292,1439.6243737242175
1293,1440.1592320323791
1294,1444.7913939196983
1295,1447.7315310697086
1296,1449.7211808364993
1297,1451.9469038787142
1298,1459.0038883870848
1299,1460.9744815952058
1300,1462.9801897354544
1301,1464.8974903624967
1302,1465.5316975561964
1303,1471.2646301265863
1304,1475.7244851783914
1305,1478.6684674122182
1306,1481.3753454158991
1307,1482.5769851088589
1308,1485.6955104021267
1309,1491.0120647378342
1310,1495.6223161079283
1311,1498.9875275927723
1312,1503.2855699221438
1313,1505.9466388359035
1314,1507.3829598638056
1315,1507.8551374574577
1316,1508.8610639082278
1317,1510.8807278348654
1318,1512.5089849940534
1319,1519.2736533891457
1320,1519.5060371790578
1321,1521.7075120681998
1322,1527.356088481393
1323,1528.2358199673336
1324,1530.8922552222532
1325,1531.4370393124764
1326,1532.856193322825
1327,1533.6569169036484
1328,1534.4525489303887
1329,1539.669916083509
1330,1542.2066858966566
1331,1542.903405412078
1332,1544.0572032063417
1333,1546.7921308156863
1334,1547.293350424897
1335,1550.8433713611346
1336,1551.6806164184716
1337,1552.2784299186987
1338,1553.4833625647288
1339,1555.6476816577451
1340,1557.275914363297
1341,1558.7503204915072
1342,1559.1584075720948
1343,1559.6101088773235
1344,1559.7672122462509
1345,1560.3012863161766
1346,1561.0729572592174
1347,1561.6829093500028
1348,1563.04144419012
1349,1564.3831999958718
1350,1564.857913066154
1351,1565.9912025010444
1352,1567.2395844774667
1353,1569.5000948454106
1354,1569.6282046248391
1355,1569.8839361636815
1356,1573.4152072291126
1357,1575.6763009598135
1358,1576.1405437813232
1359,1577.3598634606724
1360,1578.5677019638215
1361,1579.7734415096038
1362,1584.2730041662048
1363,1585.1570905698118
1364,1585.9241564301433
1365,1586.4383741757481
1366,1587.5143632186021
1367,1588.7705410258109
1368,1589.4205714591531
1369,1591.2148823742712
1370,1593.7920864085304
1371,1600.0065044038308
1372,1600.900522027003
1373,1601.675672161449
1374,1603.5805554046276
1375,1606.7860898449244
1376,1608.6996765248459
1377,1611.5010704116319
1378,1613.9833233398485
1379,1614.3668513040736
1380,1615.6778986785134
1381,1616.9510579586017
1382,1618.0108626787135
1383,1620.2956573311108
1384,1623.7146407568346
1385,1628.5193099496464
1386,1629.7435851368168
1387,1630.597419588649
1388,1633.2835252577979
1389,1633.9600390032156
1390,1634.8335998309526
1391,1635.8201755899781
1392,1636.4047676695443
1393,1636.9341579084223
1394,1640.9065595832942
1395,1642.7047396491566
1396,1643.1757537184474
1397,1643.6168913553568
1398,1644.6943531271843
1399,1644.9328422937169
1400,1645.4760773936855
1401,1646.5015740790423
1402,1647.5388707894972
1403,1647.8210462835198
1404,1650.2172580387696
1405,1652.7121787264086
1406,1654.360041814203
1407,1655.0496495154762
1408,1656.4614226656724
1409,1659.2562286315144
1410,1660.7267108176663
1411,1661.5464745824083
1412,1662.2447411174498
1413,1662.7671931862092
1414,1663.5119357877063
1415,1664.6511528254384
1416,1666.7485032590125
1417,1667.151654592177
1418,1667.3626120358313
1419,1668.5621814211743
1420,1669.9165513788751
1421,1671.7442301681165
1422,1672.1756823661442
1423,1673.362524966964
1424,1673.7291783569021
1425,1674.663064049488
1426,1675.8929218900562
1427,1677.5953901262592
1428,1678.3967147860085
1429,1679.0401655570445
1430,1679.5394772387906
1431,1680.1630267721412
1432,1681.7610122034812
1433,1683.002447662494
1434,1683.872409899069
1435,1686.2802008992169
1436,1686.3842704642057
1437,1686.8670717337425
1438,1688.4945658870649
1439,1689.3381140842848
1440,1690.4995548722511
1441,1692.445691928225
1442,1692.8387130505869
1443,1693.2296834731551
1444,1694.5439982946691
1445,1695.2190202166344
1446,1695.5133414898366
1447,1696.3646152256456
1448,1697.1189977430436
1449,1699.3467621127668
1450,1700.4228313426886
1451,1700.7057019478204
1452,1701.3407807694007
1453,1701.8710800674032
1454,1702.7635140847824
1455,1704.0793191089276
1456,1704.3129330818597
1457,1704.8131862491875
1458,1704.8636531219584
1459,1706.0992595550968
1460,1706.8069719721607
1461,1707.8209243711435
1462,1708.2018190310225
1463,1709.0700239244541
1464,1709.83465618788
1465,1710.8410382649763
1466,1710.9351129449599
1467,1711.1557661936258
1468,1714.3351336536259
1469,1715.3819703256238
1470,1715.7220213559137
1471,1716.1237304448648
1472,1716.7081030322242
1473,1716.8623213835642
1474,1717.6178248990582
1475,1717.9914831419742
1476,1720.1372698212886
1477,1722.5257333191132
1478,1722.6385172429093
1479,1723.7568307194749
1480,1724.5268931488883
1481,1725.3974632607919
1482,1725.7288234689449
1483,1727.3675272884325
1484,1727.6637567332382
1485,1730.0420415098408
1486,1730.2216551629604
1487,1731.0592109224167
1488,1732.1383817908225
1489,1732.5050728860178
1490,1735.7267825176493
1491,1737.3071201347432
1492,1737.9642196745206
1493,1738.4227089018482
1494,1738.9217154959674
1495,1739.9517873628977
1496,1740.6879041470972
1497,1741.9301131219386
1498,1743.1882778593349
1499,1744.626506260274
1500,1745.3324448883341
1501,1747.0121387182364
1502,1747.7198562168746
1503,1748.1272276571317
1504,1749.5952317262186
1505,1750.9166627624004
1506,1751.436384547294
1507,1752.2611112401019
1508,1753.1297258626785
1509,1754.0703939029909
1510,1754.9205287977634
1511,1758.4422654232399
1512,1758.8751666336148
1513,1760.0993780647982
1514,1760.7628704224735
1515,1763.1229163156752
1516,1765.6111057806377
1517,1766.2390737207063
1518,1768.1556872946467
1519,1769.6673675594259
1520,1769.9241860320476
1521,1771.163501544411
1522,1772.2095839764888
1523,1774.9288467580122
1524,1777.971138095359
1525,1779.1132926586654
1526,1780.4749434421685
1527,1781.4643346838191
1528,1781.6101740530273
1529,1782.2003910099447
1530,1784.2465631746506
1531,1785.6171282645532
1532,1786.6910394194381
1533,1788.3695243648281
1534,1788.7411499107911
1535,1790.0748240112334
1536,1791.4257931068121
1537,1791.5365270659292
1538,1793.4859673324024
1539,1794.2195301615893
1540,1794.5304121811064
1541,1795.6772006412975
1542,1798.4976790744827
1543,1801.1791905966168
1544,1802.818322832574
1545,1805.901446976359
1546,1806.9034636489714
1547,1807.3566237570776
1548,1808.0612262720356
1549,1809.5271213662177
1550,1811.9298248384864
1551,1812.1456524616503
1552,1813.9493218163045
1553,1814.8354024455664
1554,1816.959348227243
1555,1817.3668799083259
1556,1818.0843172990255
1557,1819.5845560092621
1558,1822.4005750864087
1559,1825.5636581267145
1560,1826.1755229809858
1561,1828.6226989859185
1562,1829.8700789469672
1563,1830.8928049766253
1564,1832.7439233996267
1565,1833.1866716038294
1566,1834.7952421813538
1567,1836.3497757778155
1568,1838.2449795052194
1569,1840.0064270425735
1570,1841.645723909247
1571,1842.8223346811183
1572,1844.1902635082306
1573,1845.7218226922384
1574,1846.0081005599534
1575,1849.6995394298472
1576,1850.8496525903217
1577,1851.7783968413412
1578,1851.9133707843375
1579,1853.3620278296671
1580,1857.3429400094703
1581,1859.4267501618654
1582,1864.1838308020056
1583,1864.8894283906811
1584,1866.5048495417022
1585,1868.9704243946228
1586,1869.4182358886696
1587,1871.8110486294006
1588,1874.0320674266291
1589,1875.5076181268705
1590,1876.4043995181166
1591,1879.2782773125612
1592,1879.8209781864002
1593,1881.4190471602187
1594,1883.7455118318323
1595,1884.4220951265434
1596,1884.9637536395803
1597,1886.2912874841918
1598,1892.6723496696834
1599,1893.7524474286949
1600,1894.417826261114
1601,1895.3657321162086
1602,1898.8799558913599
1603,1904.3175826890713
1604,1905.2368391673765
1605,1906.5911300326245
1606,1908.5222992409588
1607,1910.8133418332977
1608,1914.0532142621125
1609,1915.1063486453431
1610,1917.1656568254043
1611,1919.351913328434
1612,1922.5862018828275
1613,1923.4612424633949
1614,1925.8127137682886
1615,1927.633991948833
1616,1929.2706051791345
1617,1932.0320696316876
1618,1934.2166090601002
1619,1935.0260838659763
1620,1936.8518161271304
1621,1937.990136003312
1622,1939.9210003898058
1623,1942.9481124839151
1624,1943.4750314792566
1625,1945.665089280656
1626,1950.8759143418938
1627,1951.3927998189292
1628,1951.8212167816348
1629,1954.5008746415867
1630,1957.2211487031918
1631,1960.0484749805153
1632,1961.1347685918715
1633,1962.899690163908
1634,1967.0904971423784
1635,1969.0588607196678
1636,1970.5885595241816
1637,1971.1640877740085
1638,1978.0921945483963
1639,1979.3536727208811
1640,1981.6120736868556
1641,1982.0578441366642
1642,1983.167360491989
1643,1983.6494425352091
1644,1987.4668701769206
1645,1989.3645553813153
1646,1989.4774013032918
1647,1991.8826012706031
1648,1994.4373867667714
1649,1997.1268262234419
1650,2000.311090682032
1651,2002.1066119789521
1652,2009.2931430604447
1653,2009.7044166711173
1654,2011.7972303649349
1655,2013.7097079580058
1656,2014.3400551215211
1657,2015.8210854081572
1658,2017.2603603333955
1659,2021.2995802464284
1660,2022.1967833106455
1661,2025.4103550224368
1662,2028.332625436246
1663,2029.2762970970264
1664,2035.6808184131867
1665,2036.7877262116574
1666,2038.4407924663774
1667,2045.8005219928548
1668,2046.0603088301452
1669,2046.58628912631
1670,2053.6552402439829
1671,2054.4080761628957
1672,2057.0030561429967
1673,2060.3168854502469
1674,2062.4829851377681
1675,2065.902169174271
1676,2069.1167419822182
1677,2070.0416719329733
1678,2070.1915367601637
1679,2071.7147027839742
1680,2073.7367493554466
1681,2078.8278710315453
1682,2082.1771307280637
1683,2084.6797871666536
1684,2087.6144109283518
1685,2088.2863817156876
1686,2090.071082526038
1687,2094.2039784673352
1688,2109.5001409366646
1689,2110.0158919307696
1690,2110.7354945558773
1691,2112.5984924796344
1692,2113.2001706172373
1693,2116.9529632846356
1694,2116.9993197138401
1695,2122.4475357416477
1696,2124.5424656448704
1697,2126.9049768622631
1698,2133.9357383234965
1699,2137.2689613590787
1700,2140.2962339402329
1701,2141.274283862781
1702,2145.9643504996006
1703,2148.0724405062178
1704,2150.021914627202
1705,2153.2563901534995
1706,2155.9836500616643
1707,2161.9453669021227
1708,2164.1269933154463
1709,2172.3383212507165
1710,2173.1301826596678
1711,2178.8302255783592
1712,2182.6610272059038
1713,2186.1918841790084
1714,2187.0581673465499
1715,2189.1674713349271
1716,2196.9317484407502
1717,2198.1330558292552
1718,2200.1217977432998
1719,2203.4660980582917
1720,2210.8795173836897
1721,2217.8650509464405
1722,2222.5430939100193
1723,2223.1044376588197
1724,2228.0004117220751
1725,2230.4475712706726
1726,2233.9342238512008
1727,2240.5319113345054
1728,2241.2670443893908
1729,2245.2221755580763
1730,2247.5996138491155
1731,2249.4948992479272
1732,2254.9571029720796
1733,2256.8593204708031
1734,2260.6858354935034
1735,2262.1621561477687
1736,2264.6085790060315
1737,2269.3067831721391
1738,2273.9585599208503
1739,2276.1873757150197
1740,2277.8275851743197
1741,2284.7509758044494
1742,2286.7931208536811
1743,2289.8781423372507
1744,2297.6278313286634
1745,2299.04777394864
1746,2314.6784492950046
1747,2324.3208322638225
1748,2328.9928327645703
1749,2330.6961408927573
1750,2334.4775267285659
1751,2338.2628539382695
1752,2346.8794564936966
1753,2352.0255189079071
1754,2359.7921837099334
1755,2362.1892975006999
1756,2367.2613924927168
1757,2368.8116459851217
1758,2377.3080091671295
1759,2380.5763128254653
1760,2390.1757144333433
1761,2391.9638538773179
1762,2400.3513205821123
1763,2404.4388831756487
1764,2410.6919860489456
1765,2414.4430308102851
1766,2420.7175372178649
1767,2423.6745313158708
1768,2431.9172207604556
1769,2433.7305061143015
1770,2436.8102274946827
1771,2440.0244189342188
1772,2443.8839864670003
1773,2446.1683021309209
1774,2447.9870216677673
1775,2449.6396342762159
1776,2455.4610760555711
1777,2458.7233124219092
1778,2462.3797223970855
1779,2462.5773766284678
