# Domain: isosceles_triangle (FEM, eig)
# Hmax = 0.1, dofs = 2115, mesh nodes = 2327
# Computation time: 0.532 s
n,lambda_n
1,5.0000102975381
2,10.0000819686607
3,13.0001797497111
4,17.0003969334841
5,20.0006550849126
6,25.0012760204622
7,26.001423490025
8,29.0019841290195
9,34.0031516053962
10,37.0040498994296
11,40.0051649337462
12,41.0055470775567
13,45.0072553348513
14,50.0099160126443
15,52.0111722662233
16,53.0119349120524
17,58.0153590303739
18,61.0181635380479
19,65.0216017287535
20,65.0219417609434
21,68.0251716130162
22,73.0306004957575
23,74.0318778343322
24,80.0401835969834
25,82.0432334304494
26,85.0483711364268
27,85.0487799222257
28,89.0555978676796
29,90.0569899904024
30,97.0709842141695
31,100.077667136324
32,101.07970423673
33,104.088440096676
34,106.091808744224
35,109.099968883707
36,113.112231631088
37,116.120478323627
38,117.123932096917
39,122.139478763747
40,125.149637991812
41,125.15199393828
42,130.166801174989
43,130.168894637827
44,136.190560576226
45,137.19506300421
46,145.231166947533
47,145.234711749193
48,146.234549680152
49,148.250599398487
50,149.253758678856
51,153.268915841276
52,157.291788752606
53,160.308796243572
54,164.331740871774
55,169.359225967084
56,170.365486354059
57,170.372643899314
58,173.395917737831
59,178.422260281918
60,180.435492861939
61,181.450395881743
62,185.472842200677
63,185.480550099626
64,193.536072663515
65,194.541894276835
66,197.569296548676
67,200.605119556682
68,202.609297500884
69,205.631852762714
70,205.63856073675
71,208.659720582404
72,212.701238666901
73,218.757072335571
74,221.787779651395
75,221.805649326381
76,225.839102250637
77,226.844878705555
78,229.888625028563
79,232.911924740183
80,233.9284076758
81,234.933925552323
82,242.024899375456
83,245.058123405154
84,246.069861969602
85,251.124138215092
86,251.138891347904
87,258.22832577032
88,261.272045735983
89,261.306711692181
90,262.282215707347
91,266.345563920224
92,266.354251003778
93,270.41351055374
94,273.461410323913
95,275.489487760183
96,278.53049090082
97,282.602945595375
98,290.729654195462
99,291.734243140232
100,291.76916556842
101,293.781549742793
102,294.839518070913
103,297.840903938462
104,299.897224055344
105,306.984968164316
106,307.047100264586
107,308.043463662068
108,315.185922619524
109,316.215880852371
110,319.280374274445
111,322.351379627354
112,327.414731506063
113,327.433350002928
114,327.439095619055
115,330.528945398981
116,335.600279824765
117,339.683783976987
118,340.707717021881
119,342.749916399797
120,342.788028050273
121,348.890788874781
122,351.958221191848
123,356.064522479222
124,359.152680507229
125,363.256958238009
126,365.309879411562
127,368.381306063059
128,368.478650550787
129,372.53283123935
130,373.485825942301
131,373.561058520426
132,376.612355272203
133,380.722428727162
134,380.74258295534
135,389.98476274106
136,392.026538489416
137,393.085592064244
138,398.216871173725
139,401.312581511187
140,404.377042839112
141,405.451785829608
142,408.640301265506
143,409.56219872887
144,413.688345759878
145,414.678490717344
146,414.78717782101
147,420.964721654145
148,426.21340572042
149,429.238782769693
150,430.246756322973
151,430.273413530184
152,430.350430851014
153,438.603112799389
154,441.684901258504
155,447.803121974631
156,447.886706570217
157,451.021882877063
158,451.113895884471
159,455.092626962877
160,456.184730111968
161,458.227619551459
162,463.521606922917
163,464.488006181064
164,467.585924989418
165,470.769116561581
166,472.794208276558
167,474.931949988548
168,484.303163078913
169,488.497107434229
170,488.600607464989
171,489.559990645254
172,492.586734818121
173,492.770984912249
174,495.878842252601
175,497.825863089805
176,500.875321783818
177,501.122693069544
178,508.244980751894
179,508.35392408657
180,513.551716867659
181,513.672080104583
182,517.706960500112
183,522.894495638996
184,529.253525321973
185,529.319075105431
186,530.299825705295
187,531.485018987415
188,539.746363725145
189,539.81402082463
190,542.925681646114
191,543.21373950617
192,548.353946112041
193,551.468286314206
194,554.578369677804
195,555.561230041307
196,555.670147200093
197,558.796993505982
198,559.976108708095
199,565.194650538719
200,568.321694151229
201,573.392032041494
202,576.670494906838
203,576.77069008461
204,580.970006225944
205,589.363528310105
206,590.465921129468
207,592.315772248606
208,592.711690112205
209,596.882461280097
210,597.678034241977
211,597.922685517505
212,598.750616646898
213,605.439012282505
214,606.551825667052
215,609.479739975859
216,614.970591852472
217,619.140390463405
218,624.342184710503
219,624.643457005345
220,626.593115642296
221,628.168574435143
222,632.383674022287
223,640.292935862185
224,640.795081195927
225,641.660890196246
226,643.358840980139
227,644.666886695646
228,645.045078028058
229,650.192393998027
230,653.510620864029
231,656.580142221442
232,657.839719102757
233,667.026118424637
234,667.21832645529
235,667.26906562065
236,670.481575450216
237,673.583688042997
238,674.846574637767
239,679.088803599366
240,684.554605953783
241,692.121546772389
242,693.100544823864
243,695.250923587929
244,696.266802326252
245,699.557074575547
246,699.919822420459
247,704.849623652758
248,705.259726191279
249,709.13069216857
250,709.499645323788
251,712.936481538393
252,717.605836009441
253,718.480886780804
254,718.85575537219
255,722.328855455286
256,727.673790835331
257,730.933240309271
258,734.295399841733
259,743.113429399028
260,747.072547433534
261,747.696484707419
262,748.279363116728
263,749.021153110195
264,753.26063129222
265,753.872135753725
266,757.507291781484
267,762.573067665377
268,764.433792338333
269,764.904013058224
270,769.9448550808
271,770.309062775135
272,771.448840388077
273,779.815016722502
274,780.279196027873
275,783.436096090046
276,788.176786874874
277,792.105334263679
278,792.319808238449
279,796.026632319747
280,798.971350669477
281,801.252979201108
282,803.85850743888
283,806.599288541692
284,813.895886476636
285,814.00125114859
286,817.74586960071
287,822.620755371028
288,823.200957879314
289,823.346429431555
290,827.099699117071
291,830.378774124324
292,831.777467130191
293,832.321711112399
294,838.912765604318
295,840.275629067373
296,841.379492787914
297,850.067827640978
298,851.91502597864
299,853.253943561194
300,854.338264302834
301,861.951216842153
302,866.217180805077
303,867.263705433865
304,876.691192415289
305,877.092944365409
306,879.669743721413
307,879.942001451849
308,881.112049844161
309,883.763827654936
310,884.855656153051
311,885.685838277935
312,886.533526505273
313,888.736657725784
314,893.443299093626
315,902.342987093749
316,902.874490239214
317,903.883685262893
318,910.255212814771
319,912.005656295312
320,916.092177774195
321,920.23252060266
322,922.963388159431
323,924.174020464505
324,929.746179191317
325,930.53285341637
326,939.833533934762
327,941.772992564121
328,942.570142087078
329,942.816859633789
330,946.839085699923
331,947.786951313863
332,947.884886320301
333,951.39086576378
334,957.583191900646
335,959.457350261432
336,966.071817549405
337,968.267740135114
338,970.334633536407
339,970.700470400271
340,972.407084161683
341,975.032969262059
342,977.517054036869
343,982.937363858697
344,983.725280433826
345,988.384180139977
346,996.086825897154
347,998.078021748693
348,1001.54547989728
349,1002.19668869383
350,1009.42944006868
351,1011.37237737038
352,1013.95637059815
353,1014.45181107762
354,1015.3698934641
355,1019.10813599191
356,1019.83262722091
357,1024.33359111193
358,1026.60335687006
359,1032.10878878755
360,1034.22140073788
361,1036.16939101055
362,1037.60237240384
363,1038.39865961647
364,1039.37286232196
365,1050.68929195798
366,1053.28076862756
367,1054.96535566298
368,1063.79295439032
369,1064.27019223494
370,1065.19951388286
371,1070.04642538382
372,1071.56170843845
373,1072.20991304823
374,1077.22438622342
375,1081.79273527295
376,1084.21822311122
377,1084.79519046881
378,1087.16654831284
379,1092.72126182587
380,1094.96736128962
381,1095.91158498439
382,1098.81779887442
383,1099.40306212767
384,1103.63336604587
385,1106.85605871193
386,1107.59821109383
387,1113.9906313791
388,1120.66432185986
389,1122.70067717365
390,1124.11031345047
391,1127.95297501832
392,1130.68644396842
393,1135.52722658795
394,1137.28686113312
395,1138.41949927558
396,1140.9132034645
397,1147.90247024195
398,1155.3616898564
399,1157.5921137109
400,1159.88930975511
401,1161.09680409245
402,1162.82350210126
403,1166.45269267729
404,1167.27854152577
405,1171.43468241103
406,1172.85952011227
407,1175.25636919795
408,1176.87496272343
409,1177.27003346933
410,1183.1080625739
411,1183.62075062033
412,1191.32416193597
413,1194.86123210087
414,1196.86084614296
415,1199.77237212115
416,1200.6912868132
417,1202.72041280531
418,1205.5170686663
419,1211.78014307553
420,1218.15075794383
421,1218.82054504007
422,1222.55208750121
423,1225.04419354867
424,1226.13840571691
425,1226.83616923636
426,1229.47389272603
427,1233.1419548335
428,1233.3646574542
429,1235.8099973238
430,1240.99649339401
431,1242.00405285411
432,1244.60058097857
433,1245.30084357798
434,1250.79335539297
435,1253.4562177771
436,1256.20042298839
437,1261.13313756994
438,1262.39485509167
439,1264.26971716747
440,1267.51277326498
441,1268.89248662228
442,1272.17577601585
443,1279.13621437379
444,1280.46574473515
445,1281.03624246348
446,1283.26996706176
447,1288.61349902876
448,1290.96679145744
449,1291.60979408935
450,1293.8901279888
451,1295.69989705402
452,1301.23951966167
453,1302.85181673427
454,1304.34333430451
455,1305.21378076288
456,1310.03325482189
457,1310.73099479506
458,1320.1979708835
459,1323.30090950141
460,1324.52212930693
461,1330.21038839812
462,1332.48936020769
463,1332.97758971206
464,1333.79733624069
465,1340.86544409986
466,1343.41458216378
467,1352.88914982265
468,1354.13330914104
469,1356.40545177308
470,1357.39198678816
471,1360.99538787153
472,1363.63140732813
473,1368.55262283318
474,1369.99904737216
475,1375.98168278483
476,1381.97882202911
477,1383.86318207558
478,1390.33977019533
479,1393.27014826505
480,1396.41418183655
481,1399.05167839457
482,1401.6484365745
483,1404.04798629721
484,1406.61878438423
485,1410.01590522171
486,1412.06571003526
487,1416.21462879677
488,1419.01473462975
489,1425.60143352062
490,1426.48042081855
491,1435.75668695506
492,1440.18070587832
493,1442.48436197849
494,1444.38612784117
495,1454.34328876192
496,1458.55956565643
497,1462.32955484289
498,1471.92880490984
499,1475.71681279676
500,1484.8048385779
501,1487.79553120278
502,1490.7666780452
503,1499.16966339047
504,1501.9509827305
505,1502.86489224706
506,1506.44257885713
507,1507.55211824934
508,1514.17035387615
509,1516.35840406795
510,1522.70006800348
511,1524.94610566437
512,1529.3616196459
513,1536.23828614329
514,1536.45037344254
515,1542.79141382319
516,1545.23101935341
517,1548.38478740354
518,1553.1627529569
519,1562.36878486638
520,1566.99010031035
521,1570.22710397073
522,1574.86197456401
523,1579.10110064388
524,1580.29515616232
525,1584.89804355428
526,1587.65976843066
527,1597.28862534957
528,1597.5940000195
529,1598.2918146134
530,1603.31890951118
531,1610.91897459151
532,1613.50009327216
533,1615.55971191092
534,1622.58856085447
535,1625.28055238995
536,1627.21333069642
537,1628.65010455332
538,1631.39678905595
539,1632.9418150137
540,1640.60461522431
541,1649.12131250272
542,1653.19210704428
543,1656.42781126279
544,1657.46471769633
545,1664.47277542205
546,1665.83690368987
547,1666.37324541972
548,1669.35331990266
549,1673.53137560656
550,1676.48868867538
551,1678.92739245444
552,1680.07779071021
553,1685.95127335822
554,1691.30450914133
555,1695.91494775449
556,1698.18520550369
557,1705.35749289001
558,1706.90483215913
559,1708.776371926
560,1714.26753848591
561,1718.79693324625
562,1719.80701189702
563,1721.28244014922
564,1733.49563709956
565,1735.2332100828
566,1736.3793479932
567,1740.44639407976
568,1742.91317941268
569,1744.85290539845
570,1748.087472057
571,1751.48649796815
572,1753.46476315604
573,1759.71449541108
574,1762.73522689058
575,1763.11104290222
576,1765.12918898557
577,1774.29935551937
578,1774.80052097853
579,1776.81743610421
580,1778.45183581169
581,1785.60498163152
582,1787.55097398378
583,1795.32383537171
584,1801.05279791058
585,1802.24340293539
586,1807.34292251083
587,1809.83826207156
588,1812.52537715339
589,1816.21127885925
590,1817.97005067826
591,1824.11576892231
592,1829.30238391231
593,1834.47918644745
594,1842.20663200963
595,1844.52780593529
596,1845.39761101105
597,1845.97057678364
598,1851.37762378859
599,1854.72244507038
600,1857.10315790841
601,1860.8498937961
602,1863.89019271612
603,1865.82977644833
604,1869.02640930459
605,1872.47247345174
606,1876.35436045335
607,1880.63194281452
608,1881.02169848793
609,1886.82248394956
610,1890.26500842338
611,1892.12948840939
612,1899.02364971783
613,1899.86020790216
614,1904.90194906399
615,1910.47117277176
616,1912.15794332948
617,1913.60183449097
618,1921.67588403001
619,1925.75591721467
620,1931.31622339353
621,1932.63602674079
622,1935.13670836518
623,1948.30469883921
624,1951.87325152727
625,1953.3922425496
626,1956.03146214541
627,1960.10462137886
628,1962.16042941191
629,1962.74822925864
630,1965.53870804684
631,1967.93900401839
632,1971.25305430693
633,1973.65093479019
634,1979.33107600516
635,1980.49973910961
636,1983.72170469836
637,1989.58775448789
638,1989.97598013629
639,1995.68050044728
640,1997.30059261023
641,2000.02521855963
642,2004.00871873488
643,2009.55285404099
644,2018.55546529984
645,2021.56608968687
646,2023.2803288382
647,2029.81580291636
648,2033.86521951311
649,2037.98480710799
650,2038.42766342201
651,2044.5738604735
652,2047.74083506718
653,2060.6684074864
654,2062.1071997647
655,2063.18615591288
656,2066.3129380731
657,2067.45447180169
658,2069.80422247472
659,2072.16134344798
660,2074.60529560582
661,2079.77914481282
662,2083.63844338794
663,2089.37025332533
664,2091.8902645854
665,2092.21208474909
666,2099.61523238508
667,2101.91362597556
668,2104.54143253997
669,2110.81015051532
670,2115.39275485372
671,2121.00731885432
672,2122.91513399156
673,2124.59484387385
674,2130.24084214249
675,2135.32381298067
676,2136.27781888627
677,2137.97552720194
678,2139.46423817241
679,2148.45706712075
680,2150.42733539986
681,2154.83852983374
682,2163.99788017429
683,2170.15254337863
684,2170.48647991337
685,2182.22231435604
686,2184.97834978579
687,2190.11595332997
688,2192.99683496553
689,2194.65686176487
690,2196.51567383559
691,2197.38906660188
692,2201.25395520756
693,2205.71122840259
694,2207.63099887338
695,2209.8659649258
696,2218.41607466922
697,2218.74732723734
698,2219.66822357393
699,2225.16856263612
700,2229.61223102888
701,2239.41997808758
702,2241.06206593233
703,2242.02037161514
704,2248.32468704686
705,2250.7860934492
706,2254.93238293733
707,2256.08535041763
708,2261.44240901501
709,2262.69290941789
710,2269.41314458821
711,2276.62229716871
712,2281.01905669814
713,2282.89385808255
714,2286.73289928679
715,2300.20149161954
716,2301.38530048515
717,2302.87522429039
718,2307.65666101673
719,2311.37926919235
720,2313.21995961351
721,2316.81438367109
722,2318.10457174189
723,2326.56682364329
724,2329.28424009933
725,2332.72702383114
726,2335.84271907734
727,2338.38251876426
728,2341.08772348038
729,2343.95744466294
730,2349.06563481705
731,2354.26272506778
732,2359.03895749299
733,2360.20388211199
734,2361.66308988501
735,2364.79170515362
736,2370.63334084307
737,2376.21009973382
738,2377.19515277268
739,2394.13341957745
740,2395.43712313653
741,2399.57650531503
742,2400.48684351788
743,2401.19587890792
744,2407.58782456984
745,2412.81672764854
746,2415.01405563585
747,2424.60472966797
748,2425.99817192578
749,2431.21380443242
750,2435.5250438475
751,2436.4335212096
752,2444.845672445
753,2447.87696843669
754,2450.69463758588
755,2452.93829023505
756,2455.47006283339
757,2460.10485209136
758,2465.14290221492
759,2471.22369254974
760,2473.85081059013
761,2477.81358081489
762,2484.48672273082
763,2487.23434102368
764,2488.47226682799
765,2493.58538882881
766,2495.50556732594
767,2502.25347911308
768,2503.13210629685
769,2510.33767082834
770,2510.57100457432
771,2516.19295885995
772,2521.1313413998
773,2525.07911504052
774,2527.13878494025
775,2533.27997151767
776,2542.29771877958
777,2547.04445427435
778,2550.27012388599
779,2553.04400213992
780,2556.81304679717
781,2560.59557773045
782,2566.11016072177
783,2567.96173052053
784,2572.35903388578
785,2576.62861421119
786,2582.73975217348
787,2589.55845241446
788,2593.61643815143
789,2597.45602896584
790,2600.53087489898
791,2605.32406119495
792,2606.51319489659
793,2611.87029493789
794,2615.99858122394
795,2618.68538625031
796,2622.02834217409
797,2634.27110174263
798,2636.27739508804
799,2641.00514066032
800,2642.78079511336
801,2647.47715991417
802,2655.24190375603
803,2658.08467868661
804,2663.20797963545
805,2668.09056603712
806,2670.41462958331
807,2674.28570128263
808,2677.58118203367
809,2680.79366471963
810,2682.72296608566
811,2684.91612533697
812,2695.23767932545
813,2699.798625327
814,2703.45476453481
815,2707.12390475092
816,2711.63149932383
817,2712.16417173141
818,2714.1157147715
819,2719.80884637439
820,2722.7307834996
821,2731.33978232076
822,2735.8275805525
823,2736.64689083197
824,2742.97682837188
825,2755.04963892517
826,2757.00190452121
827,2762.08515191935
828,2765.74472830754
829,2778.16156003708
830,2780.19843017823
831,2781.5746514317
832,2784.09299593884
833,2785.23302957535
834,2792.9729348101
835,2802.48818104064
836,2804.6730753494
837,2805.49981924495
838,2808.19197398297
839,2809.47138249086
840,2814.93232598284
841,2821.17727736762
842,2822.10170047965
843,2829.99025589209
844,2831.19044865911
845,2839.24761329547
846,2841.06105383616
847,2845.69508427491
848,2848.8938082699
849,2852.03907072054
850,2860.04117001561
851,2860.54484992897
852,2862.71260112604
853,2873.35513261093
854,2881.5293779592
855,2884.581103136
856,2890.96097176718
857,2896.26255416408
858,2899.93073062037
859,2903.30842025245
860,2907.32535450109
861,2910.27460147143
862,2919.70977757132
863,2922.64659727329
864,2929.19924224065
865,2930.89716285624
866,2935.40056650944
867,2940.43130506035
868,2943.65151361557
869,2950.3168819859
870,2955.21497617163
871,2961.05427933919
872,2962.53002215673
873,2963.82969655415
874,2969.03410394871
875,2973.93210538021
876,2981.15714295658
877,2984.07350939816
878,2984.86832130402
879,2990.7138975156
880,2995.93250241173
881,2997.56577747478
882,2999.40029546115
883,3005.74383281434
884,3014.82513467016
885,3020.65989975977
886,3020.85838229135
887,3022.68825295141
888,3029.55242858145
889,3033.09121985945
890,3037.32198491298
891,3040.04694247694
892,3054.16131527508
893,3062.75630936091
894,3064.98494322918
895,3066.89062895838
896,3071.68427189193
897,3080.4881518446
898,3083.76438521521
899,3089.37597895463
900,3092.15212341366
901,3094.0601106817
902,3103.43669480016
903,3107.21726730543
904,3113.40007755137
905,3114.15603389974
906,3118.39173023797
907,3124.70926022844
908,3125.92076851577
909,3130.97351764395
910,3136.32059685787
911,3140.02629114989
912,3141.9571265906
913,3146.54545364143
914,3148.48981995992
915,3148.58399369076
916,3150.31707598905
917,3155.17206549517
918,3164.0581096502
919,3168.14570667744
920,3173.59773661919
921,3178.76643202857
922,3182.53137191664
923,3186.71213404671
924,3188.82793621001
925,3197.3354394788
926,3199.80874931266
927,3201.56982145044
928,3208.09612898337
929,3220.01881739935
930,3224.27611947472
931,3225.93204580257
932,3234.7993475247
933,3242.50454777404
934,3247.60138403215
935,3248.95162872444
936,3261.01557688486
937,3262.05002930337
938,3273.8301012224
939,3275.77888296384
940,3278.78478921655
941,3286.79048025447
942,3288.52546766397
943,3293.05187947137
944,3295.36848958338
945,3299.82809817863
946,3307.42016593745
947,3310.82655111552
948,3317.51682749605
949,3321.71257912945
950,3323.70355132886
951,3327.32699478721
952,3332.09358881662
953,3337.76459563025
954,3343.30339513514
955,3356.01149871035
956,3361.79337279139
957,3362.02322143781
958,3365.76562844948
959,3369.06296061891
960,3374.01492252762
961,3376.6202380141
962,3382.18005667272
963,3384.97075118216
964,3392.26935875132
965,3393.62465598472
966,3397.85221112636
967,3402.7324165944
968,3411.02992224543
969,3415.18638282256
970,3423.30249319705
971,3427.96397275923
972,3436.94499371001
973,3443.33899483005
974,3444.438827282
975,3449.82051106463
976,3454.97877610474
977,3463.41694098555
978,3468.51024944686
979,3468.78267242082
980,3474.89290178646
981,3475.87457213595
982,3483.53943010639
983,3491.70785881331
984,3492.36743384444
985,3492.82579444757
986,3496.98274408929
987,3500.15926482993
988,3509.32028299881
989,3514.00413048359
990,3517.43070498717
991,3522.77860293493
992,3528.30123886042
993,3530.1148024732
994,3539.07580232821
995,3540.9781333337
996,3545.30592400864
997,3559.03276754992
998,3563.03955291589
999,3570.90503262242
1000,3576.3843683858
1001,3579.40919136121
1002,3581.18819968208
1003,3590.76062991101
1004,3594.39562208098
1005,3596.22528605962
1006,3598.62885808902
1007,3604.38828308451
1008,3605.64293605554
1009,3618.24762654146
1010,3620.27988210164
1011,3622.52903145539
1012,3629.47834496965
1013,3636.8807746518
1014,3640.49624326006
1015,3643.79813124007
1016,3644.57067989457
1017,3652.10428069194
1018,3655.68364300252
1019,3659.37409318744
1020,3663.57725217611
1021,3672.81031189974
1022,3675.01709028335
1023,3684.5407165254
1024,3689.53119184713
1025,3691.76665470293
1026,3698.28855544152
1027,3706.78893265197
1028,3710.26925482963
1029,3713.72366939885
1030,3715.66591465344
1031,3719.00755952854
1032,3725.73591473446
1033,3732.01649542548
1034,3737.24376576169
1035,3742.49524840645
1036,3747.9063652147
1037,3754.37179347283
1038,3759.94697805161
1039,3763.50407873421
1040,3765.6393562454
1041,3773.57169917075
1042,3779.71295334351
1043,3785.02769900443
1044,3790.30966734645
1045,3794.44819443729
1046,3802.62253983643
1047,3806.66965831643
1048,3810.25851626799
1049,3815.30777209812
1050,3819.88611425867
1051,3824.4840525921
1052,3833.90080180794
1053,3843.10593021674
1054,3848.87420204712
1055,3851.50198244664
1056,3856.96025533568
1057,3858.6028940604
1058,3862.4875970724
1059,3865.00774219304
1060,3870.7136791958
1061,3874.63040621345
1062,3879.05370792748
1063,3890.05865533051
1064,3894.01594919149
1065,3902.20474134424
1066,3904.16907485019
1067,3906.60597835182
1068,3911.08941624757
1069,3916.59451411053
1070,3919.79157700555
1071,3925.68828015733
1072,3928.01842593699
1073,3940.37904334566
1074,3946.51196950799
1075,3950.10697120689
1076,3958.41517509275
1077,3963.27216466074
1078,3967.40528722913
1079,3973.56352747804
1080,3979.49531601306
1081,3985.26250759846
1082,3985.85471835985
1083,3989.29356571273
1084,3994.1919019682
1085,3999.80218799808
1086,4005.70799878312
1087,4008.21549842949
1088,4009.82672035697
1089,4012.22487887912
1090,4020.0729517857
1091,4021.63612197574
1092,4030.32703311413
1093,4037.84453601934
1094,4041.46730257588
1095,4048.39638524287
1096,4052.91389677586
1097,4055.04096288656
1098,4058.76274353407
1099,4068.38745998079
1100,4075.5785363748
1101,4081.77532078722
1102,4087.44741235256
1103,4089.01729543341
1104,4095.10374601383
1105,4102.70650984821
1106,4110.10150975083
1107,4113.64972026903
1108,4116.28407821991
1109,4121.91282574639
1110,4128.17688603479
1111,4135.6585251488
1112,4137.2086259029
1113,4147.94899757595
1114,4150.1003874017
1115,4157.04678986257
1116,4162.52621530222
1117,4169.89027675455
1118,4171.97388781647
1119,4177.37590695429
1120,4183.35359146815
1121,4187.54099757476
1122,4193.4336593889
1123,4196.24714248367
1124,4201.84063778857
1125,4206.06382818364
1126,4209.74913203836
1127,4214.45314716904
1128,4217.55374114949
1129,4220.51299130303
1130,4225.83854987151
1131,4229.80450754488
1132,4230.9549421111
1133,4233.14833737437
1134,4238.16076276287
1135,4243.99282290817
1136,4247.25714179554
1137,4251.48016287968
1138,4254.99407609268
1139,4258.91136013033
1140,4265.54923458792
1141,4273.05966191464
1142,4279.96503774967
1143,4284.69094967957
1144,4291.46394546362
1145,4298.97846524068
1146,4306.98453172137
1147,4311.31270169963
1148,4319.14671146181
1149,4323.12192720747
1150,4328.16860190277
1151,4333.83167520431
1152,4341.37694049397
1153,4344.87557531463
1154,4346.80634368266
1155,4355.85284728828
1156,4362.73646473228
1157,4368.66421388731
1158,4372.94350531209
1159,4373.65373691733
1160,4379.16693773774
1161,4384.92936740806
1162,4387.78152165499
1163,4394.93283919443
1164,4401.54198827484
1165,4404.77209621228
1166,4412.19066851105
1167,4419.03828643056
1168,4419.23204988107
1169,4421.94656928723
1170,4424.99381763548
1171,4432.50171431427
1172,4434.97247121059
1173,4439.19747731136
1174,4454.85270140724
1175,4459.81519560412
1176,4461.69244965138
1177,4466.50701065466
1178,4472.51854698184
1179,4478.38420078292
1180,4484.13567709131
1181,4486.48992879348
1182,4496.11555999218
1183,4501.20563976088
1184,4504.05554475
1185,4509.11926066063
1186,4512.40040809434
1187,4517.87071854615
1188,4518.50885514328
1189,4523.14241673201
1190,4533.75846542581
1191,4541.83137488838
1192,4545.04949826077
1193,4550.57561867212
1194,4557.00136895275
1195,4563.60795900185
1196,4566.07021298871
1197,4569.53586169351
1198,4575.48643989836
1199,4583.27456400113
1200,4585.46508296439
1201,4594.698708603
1202,4597.19607344535
1203,4604.41660074665
1204,4606.96559003689
1205,4609.6051242034
1206,4611.78034494786
1207,4616.13626470911
1208,4628.05016536396
1209,4631.98304022579
1210,4637.2290325345
1211,4641.01975130363
1212,4643.35449188136
1213,4645.85116172459
1214,4647.89075805835
1215,4650.53227055993
1216,4656.02745709775
1217,4659.10929397734
1218,4665.56543707977
1219,4673.11779185333
1220,4682.43247117322
1221,4689.20397188331
1222,4691.99268515581
1223,4700.33485202403
1224,4705.37938573166
1225,4708.64870070809
1226,4711.49268661324
1227,4726.20462754203
1228,4732.8385771514
1229,4735.49479177087
1230,4738.99098235943
1231,4745.37174666342
1232,4747.63333278164
1233,4754.16324628712
1234,4756.87673011869
1235,4758.51857193493
1236,4764.06727988653
1237,4766.82436846856
1238,4776.55726182394
1239,4780.45805998845
1240,4785.92651915969
1241,4788.08889902453
1242,4795.01718765552
1243,4800.44254137281
1244,4805.28337275243
1245,4807.76954400392
1246,4811.20864195929
1247,4813.45641578578
1248,4823.00384131305
1249,4826.25233856624
1250,4830.55144191099
1251,4831.47879476257
1252,4844.00175492812
1253,4848.62408175466
1254,4851.96183536116
1255,4852.70745667789
1256,4854.29978059622
1257,4863.45978659462
1258,4865.82656633434
1259,4876.69311010433
1260,4885.32000130273
1261,4889.59113659684
1262,4893.92327312048
1263,4895.14668006476
1264,4902.99381514888
1265,4904.1131274988
1266,4906.79842632348
1267,4914.53781444983
1268,4915.96882915823
1269,4921.4836880981
1270,4927.78397898833
1271,4929.15915962059
1272,4936.143912351
1273,4940.79868240103
1274,4948.38262005376
1275,4954.21780482165
1276,4958.47411194628
1277,4962.43882765201
1278,4967.1111315666
1279,4973.65133561614
1280,4975.56236828203
1281,4981.55394148939
1282,4984.49486993293
1283,4989.51019325881
1284,4994.67768113331
1285,5003.75950684499
1286,5008.16714606634
1287,5010.39987293796
1288,5013.87700085437
1289,5018.78274385867
1290,5023.73608558706
1291,5030.08711200695
1292,5033.51713775991
1293,5042.41716449901
1294,5042.81829838598
1295,5046.88469463999
1296,5048.72855338205
1297,5053.44290281638
1298,5056.67118505653
1299,5059.67321425257
1300,5064.84926436171
1301,5067.09345066618
1302,5069.09604180938
1303,5080.90213091825
1304,5086.46698063829
1305,5093.45740046571
1306,5095.47749855659
1307,5099.85337226649
1308,5100.41232546609
1309,5106.57313418831
1310,5107.87877249899
1311,5112.98395119867
1312,5117.57327191379
1313,5124.42859799046
1314,5127.46623828002
1315,5130.83516026109
1316,5142.31779382121
1317,5147.3038181801
1318,5150.47846830973
1319,5151.82132086796
1320,5160.43196358254
1321,5162.31170684323
1322,5175.15886915911
1323,5179.38353299922
1324,5184.13277387848
1325,5193.53930901984
1326,5198.8511008242
1327,5202.73316123474
1328,5204.04286490736
1329,5211.50932497186
1330,5214.29714938525
1331,5223.99239750515
1332,5229.67091886804
1333,5234.43071423405
1334,5246.60442618338
1335,5249.69966359114
1336,5254.66649276517
1337,5255.48096467447
1338,5267.12505965791
1339,5275.75428996103
1340,5278.03370424288
1341,5279.50406099121
1342,5286.7237518364
1343,5295.86578992352
1344,5302.42454976354
1345,5307.78922852759
1346,5314.82787569593
1347,5316.91886792775
1348,5322.03127791209
1349,5326.31756982213
1350,5328.96702070949
1351,5335.35568221846
1352,5339.13047977525
1353,5346.3060676336
1354,5357.81013988318
1355,5365.2482200042
1356,5368.28270792948
1357,5372.31095136566
1358,5378.93701994328
1359,5379.60226492763
1360,5389.77919825684
1361,5393.25182751068
1362,5404.39745722661
1363,5412.39441282722
1364,5420.17863471013
1365,5423.31580442983
1366,5431.44511783787
1367,5436.71830424268
1368,5443.51398549604
1369,5447.45048555081
1370,5454.95095725019
1371,5460.84688629785
1372,5478.55343887807
1373,5483.17790579151
1374,5490.22266800752
1375,5498.75779209206
1376,5504.40598656396
1377,5507.3941640325
1378,5509.8483628049
1379,5517.72135120238
1380,5518.96571759082
1381,5526.77355541175
1382,5530.36472359473
1383,5537.76807287627
1384,5548.66301549642
1385,5554.02056721764
1386,5562.12898702081
1387,5564.35818859075
1388,5574.08681371964
1389,5578.95385546102
1390,5586.77804782163
1391,5591.28627282785
1392,5599.21434318268
1393,5612.43544464692
1394,5613.53223369762
1395,5620.22090755012
1396,5622.34703768056
1397,5627.87453182044
1398,5643.13722291626
1399,5654.71835372602
1400,5661.39526114804
1401,5671.13412230977
1402,5674.85278982465
1403,5675.3244956005
1404,5686.78304076155
1405,5693.39658562954
1406,5703.35553444316
1407,5708.66615879208
1408,5716.98296484105
1409,5721.87460971421
1410,5727.86611197622
1411,5732.83004511049
1412,5741.85773587772
1413,5743.63230667843
1414,5755.8508703909
1415,5760.10454448868
1416,5765.46014335146
1417,5769.29393396249
1418,5783.46408319042
1419,5790.10969935704
1420,5793.21793622798
1421,5796.97918046217
1422,5803.04140685017
1423,5813.33765097161
1424,5817.63754892774
1425,5824.58147722696
1426,5834.88831782961
1427,5837.51257593302
1428,5852.57029391596
1429,5857.49315258897
1430,5866.32298110818
1431,5877.20863089702
1432,5885.13187810752
1433,5895.04976552135
1434,5896.25877202991
1435,5910.6538377847
1436,5919.21432483338
1437,5930.90712101747
1438,5933.61255138646
1439,5949.16197123967
1440,5954.910406185
1441,5960.52281852754
1442,5970.18696617173
1443,5975.2258302598
1444,5984.06312379968
1445,5992.89309995284
1446,6002.49126283871
1447,6006.11863885487
1448,6011.90760432719
1449,6022.8779902648
1450,6035.59476950024
1451,6038.67426777137
1452,6055.45793633798
1453,6067.74927794501
1454,6070.49636193063
1455,6077.97254873547
1456,6088.74860044457
1457,6097.16411488039
1458,6101.33994070915
1459,6115.40423968316
1460,6121.96122395973
1461,6128.28965109317
1462,6128.70877691759
1463,6148.44262030527
1464,6151.97316589433
1465,6156.78635593976
1466,6170.56941795553
1467,6176.22449805147
1468,6186.07042468255
1469,6194.56933986963
1470,6199.55186291163
1471,6212.22649431551
1472,6223.86988645474
1473,6228.49244232347
1474,6237.34782726284
1475,6246.75558488025
1476,6254.08514485918
1477,6263.76363715938
1478,6277.4758671149
1479,6281.3782228503
1480,6304.39929440232
1481,6309.63241467104
1482,6321.46600069406
1483,6332.82480351814
1484,6340.2614284563
1485,6350.70561969352
1486,6353.58475239974
1487,6371.63233598908
1488,6377.77776972606
1489,6385.67578330161
1490,6405.13429295577
1491,6408.76041975397
1492,6421.55157134519
1493,6423.30808324665
1494,6439.23988800359
1495,6454.39083456196
1496,6463.24772643327
1497,6468.068200921
1498,6483.55752856353
1499,6491.47816807779
1500,6500.73231428215
1501,6507.82190091876
1502,6514.29878034253
1503,6531.8737831257
1504,6545.25758302955
1505,6558.99994157631
1506,6564.05325411001
1507,6577.31433977065
1508,6584.51968174614
1509,6588.71306361455
1510,6592.27280013252
1511,6609.94432580243
1512,6621.74062210109
1513,6627.10656416367
1514,6631.89747547963
1515,6643.31539903631
1516,6654.67037792689
1517,6656.47591776641
1518,6670.0311179419
1519,6680.84940552976
1520,6689.7559221744
1521,6711.54792243608
1522,6720.13265883175
1523,6724.53603791385
1524,6735.62073134799
1525,6736.85107136562
1526,6754.47811952289
1527,6769.57348911198
1528,6775.41286232088
1529,6790.82858481405
1530,6792.32392900703
1531,6805.32578471753
1532,6821.36548084248
1533,6827.45048249355
1534,6834.24690328356
1535,6838.88907592229
1536,6848.26010446968
1537,6859.1218432423
1538,6889.83962124141
1539,6898.98078841712
1540,6912.74834133425
1541,6919.60424005368
1542,6931.21623935272
1543,6943.96808754836
1544,6949.80316887998
1545,6962.94479017748
1546,6979.96878625973
1547,6986.60650671545
1548,6992.69565190962
1549,7000.31219251772
1550,7010.63190473037
1551,7020.44351610139
1552,7032.55805785861
1553,7034.42855562314
1554,7054.292624757
1555,7059.81489441854
1556,7073.92324050848
1557,7086.781571015
1558,7093.77595164195
1559,7101.20702271969
1560,7120.68566164228
1561,7136.19002886533
1562,7141.33883195027
1563,7142.75134131212
1564,7146.97838301852
1565,7161.45046246108
1566,7169.26304744987
1567,7192.783287772
1568,7205.13221019622
1569,7210.93833954116
1570,7223.40262914922
1571,7232.04781909535
1572,7233.73016117599
1573,7262.35296020927
1574,7272.97239125326
1575,7286.34860293969
1576,7291.92041259997
1577,7300.67658105878
1578,7303.36947865607
1579,7318.90068160672
1580,7324.81628097888
1581,7345.5200114081
1582,7346.1567151477
1583,7358.41247979287
1584,7370.57659697524
1585,7380.77385606064
1586,7383.75506936919
1587,7395.67552684823
1588,7408.62285096324
1589,7416.79736188502
1590,7425.93735546169
1591,7434.30004884572
1592,7437.86198128794
1593,7442.30110025853
1594,7456.38988876825
1595,7459.41754052092
1596,7477.69346126584
1597,7479.64250277232
1598,7483.90683369598
1599,7492.49306556154
1600,7503.74892771411
1601,7504.93391172111
1602,7520.98377419648
1603,7522.50206231447
1604,7534.22086268669
1605,7539.26164235482
1606,7548.56139349949
1607,7557.76152209864
1608,7571.82592205229
1609,7580.34370781901
1610,7592.45854546849
1611,7601.41791800098
1612,7603.57597260932
1613,7615.73313539802
1614,7621.30317476264
1615,7639.63076006346
1616,7650.61621321602
1617,7660.37993344278
1618,7665.22711951339
1619,7671.39026697759
1620,7678.75368476404
1621,7683.21605267454
1622,7691.66243222874
1623,7696.3817391861
1624,7699.68246596687
1625,7702.6462019066
1626,7710.15120930404
1627,7719.25892099001
1628,7724.9927650923
1629,7727.61669185591
1630,7730.81968089184
1631,7731.71570539829
1632,7733.7498433095
1633,7737.85197304085
1634,7738.70949759627
1635,7742.09651024967
1636,7749.69664627711
1637,7756.89518560703
1638,7760.68085599353
1639,7762.69691424549
1640,7765.96996559929
1641,7770.92564993777
1642,7773.90472208771
1643,7778.74303433405
1644,7780.84828315703
1645,7785.26336285122
1646,7785.92730259711
1647,7788.94289276673
1648,7793.26173495317
1649,7794.32496388783
1650,7797.9131110226
1651,7805.01003958454
1652,7809.16797596448
1653,7811.42625221661
1654,7816.02033000423
1655,7824.15317715301
1656,7828.29867183168
1657,7831.16853538058
1658,7834.40299538234
1659,7837.60136160389
1660,7840.58177129232
1661,7846.81835150673
1662,7847.90625325
1663,7851.09575833928
1664,7858.38298506779
1665,7859.7566696667
1666,7863.71173680258
1667,7867.02399240797
1668,7870.22163952189
1669,7874.61205741306
1670,7880.55382069875
1671,7881.2620365592
1672,7883.03869857785
1673,7884.37443966397
1674,7884.62878298217
1675,7890.90507536269
1676,7893.0817509767
1677,7896.75351460406
1678,7903.03180783426
1679,7904.73182361673
1680,7906.42550770174
1681,7907.62112599958
1682,7910.26958689604
1683,7912.45011574847
1684,7917.20719039115
1685,7921.55864175606
1686,7924.31062160658
1687,7929.4894649701
1688,7930.78927424096
1689,7931.69969678852
1690,7936.91686878058
1691,7939.41348865891
1692,7941.48523848433
1693,7948.84163382756
1694,7950.34227765871
1695,7950.52706485504
1696,7953.62484818263
1697,7958.55765344548
1698,7963.02130212786
1699,7963.96877101398
1700,7967.96070670958
1701,7972.6548072644
1702,7976.02569430727
1703,7978.97693691115
1704,7980.02846079897
1705,7982.94602136533
1706,7984.55236182337
1707,7989.77813256359
1708,7990.6539490243
1709,7992.0022853191
1710,7998.80971803117
1711,8002.17380224139
1712,8004.11886806868
1713,8007.62109283317
1714,8010.48132535443
1715,8018.42154349888
1716,8019.32076586665
1717,8020.37974721483
1718,8025.50918985238
1719,8028.05224295588
1720,8033.16089462561
1721,8033.86863644677
1722,8036.90393579669
1723,8041.02568406038
1724,8043.22826553257
1725,8047.27136366929
1726,8049.27319702635
1727,8061.16101532645
1728,8064.97606003211
1729,8067.56066852784
1730,8070.22311163609
1731,8074.77221321078
1732,8078.26623283953
1733,8080.9234122014
1734,8087.18949878987
1735,8091.3873324256
1736,8093.02951930183
1737,8095.70361596096
1738,8100.23639912857
1739,8100.97445271485
1740,8112.18402109269
1741,8113.57577840449
1742,8116.25813483833
1743,8122.21991856186
1744,8130.67638383409
1745,8132.48464354368
1746,8134.62301758325
1747,8139.1627250847
1748,8141.75106702407
1749,8144.18057039988
1750,8150.48265244977
1751,8155.4212713071
1752,8157.59115721706
1753,8162.15623864318
1754,8170.69612656868
1755,8172.21464859701
1756,8178.54141373719
1757,8183.24264296854
1758,8187.2572739607
1759,8191.31599499148
1760,8193.06950961403
1761,8195.49310607414
1762,8202.08994832999
1763,8205.57717686906
1764,8210.049273342
1765,8217.96805730519
1766,8220.1603854417
1767,8223.51669606191
1768,8229.43903307002
1769,8235.28178818768
1770,8236.87983910378
1771,8240.39984531483
1772,8243.92214495649
1773,8251.29544358654
1774,8259.11750957784
1775,8264.48897689733
1776,8268.50731871216
1777,8271.18379430945
1778,8281.88275471478
1779,8284.03963474578
1780,8292.63854007811
1781,8294.69690524449
1782,8301.80808188823
1783,8305.4942157091
1784,8307.44182628966
1785,8314.09517672731
1786,8319.18284041959
1787,8322.41556338176
1788,8333.74856925595
1789,8335.6481321508
1790,8342.12737509502
1791,8344.51955905865
1792,8348.96405712838
1793,8352.49945464533
1794,8356.49497291057
1795,8360.27230434613
1796,8369.32203157142
1797,8378.42712081268
1798,8387.43697783579
1799,8388.42026013579
1800,8398.17007065579
1801,8399.68070391769
1802,8407.25436821957
1803,8412.60586014445
1804,8414.88395882016
1805,8421.74259192258
1806,8425.64631058214
1807,8428.85811365163
1808,8432.02199117302
1809,8438.19351667634
1810,8446.73894793651
1811,8450.29099540622
1812,8456.81008236617
1813,8470.06848138053
1814,8475.9065861989
1815,8477.53637566672
1816,8483.63921598889
1817,8490.9919577723
1818,8495.11301335853
1819,8497.26542149325
1820,8498.80139309952
1821,8511.11346307459
1822,8518.42110392803
1823,8525.69134025863
1824,8531.31298128172
1825,8534.26407969448
1826,8539.81623638698
1827,8548.62506667529
1828,8550.54862880158
1829,8557.34258144361
1830,8561.34269140038
1831,8565.87847035648
1832,8569.58811963289
1833,8575.04355914192
1834,8583.98866189485
1835,8593.45503209432
1836,8602.65793422545
1837,8606.05234485424
1838,8610.40339373123
1839,8616.43903158403
1840,8626.03720749451
1841,8628.60127084819
1842,8630.26606026768
1843,8639.95666736997
1844,8647.72817300081
1845,8657.26632456409
1846,8659.77281434355
1847,8666.87096784798
1848,8668.4459466107
1849,8674.32883093179
1850,8681.07422711279
1851,8686.00085389316
1852,8688.37104355415
1853,8702.98241007861
1854,8705.51617995223
1855,8718.44257596769
1856,8724.16350905756
1857,8730.71133801273
1858,8735.78279448521
1859,8739.35753433462
1860,8745.60941212458
1861,8751.06458870562
1862,8757.53224701491
1863,8764.56688221507
1864,8766.70317553103
1865,8781.6027605362
1866,8788.03852381338
1867,8793.41669116339
1868,8798.59615581424
1869,8813.1124894865
1870,8815.7940307501
1871,8821.81924503586
1872,8829.14688396873
1873,8846.14760291468
1874,8847.15964562552
1875,8855.11075242532
1876,8862.99953878579
1877,8867.1042256188
1878,8875.6771118639
1879,8883.89045320478
1880,8886.39965869335
1881,8889.22746737163
1882,8892.62511052637
1883,8901.5700993563
1884,8912.14451672172
1885,8914.68350538843
1886,8930.55557738009
1887,8933.97483287174
1888,8942.46891865556
1889,8957.07044267973
1890,8963.43203013314
1891,8966.21632723425
1892,8978.23975204732
1893,8981.40645713785
1894,8994.81492144758
1895,8999.86799950936
1896,9006.15099289763
1897,9014.56210857328
1898,9025.10000122208
1899,9034.46271308298
1900,9036.79660223171
1901,9045.12383876203
1902,9054.80777574573
1903,9065.25689394651
1904,9070.64513716102
1905,9084.90609509086
1906,9097.00002090136
1907,9098.11177239279
1908,9103.7379359716
1909,9122.06122948573
1910,9125.63031271308
1911,9133.23240626266
1912,9138.89894580791
1913,9146.0315580993
1914,9153.83933788946
1915,9170.98356545128
1916,9177.08385294532
1917,9183.98424838659
1918,9193.52934645768
1919,9201.44746201104
1920,9208.45669166174
1921,9217.50396686261
1922,9227.94746276685
1923,9231.29345808064
1924,9236.11983243442
1925,9241.92350295148
1926,9252.57717389347
1927,9264.78927372669
1928,9267.71301488768
1929,9271.29961725844
1930,9280.64305772111
1931,9288.4032258479
1932,9298.08538147183
1933,9306.51060125271
1934,9312.61856558842
1935,9323.28287780574
1936,9330.25938898401
1937,9332.48841325599
1938,9348.17174613311
1939,9353.7714457809
1940,9357.02926947436
1941,9370.8785533912
1942,9386.26146435913
1943,9401.7237349703
1944,9402.73976430034
1945,9405.82869234388
1946,9423.84743205263
1947,9432.41691468612
1948,9442.40180381485
1949,9460.26838141797
1950,9469.00717634428
1951,9470.971816795
1952,9472.85424982385
1953,9477.16955646004
1954,9492.78639357731
1955,9500.65084812952
1956,9517.80382565956
1957,9522.73405864516
1958,9531.3185258406
1959,9533.19292894997
1960,9551.36917191345
1961,9556.47070594712
1962,9573.51304955771
1963,9576.44209716661
1964,9582.24913029832
1965,9599.96613459047
1966,9604.86186295049
1967,9610.97834273924
1968,9617.86748258476
1969,9625.9110263429
1970,9637.25810612714
1971,9640.10496964575
1972,9644.55608809476
1973,9659.36567664466
1974,9668.67724062055
1975,9688.02087210125
1976,9695.03837692789
1977,9705.85244093604
1978,9715.3733212844
1979,9722.77251399133
1980,9729.64398680176
1981,9743.10239425891
1982,9757.75221769162
1983,9775.03604182976
1984,9784.87836171628
1985,9789.06174495139
1986,9798.7852137009
1987,9808.92674045803
1988,9832.2813866109
1989,9847.61145554568
1990,9847.80983895507
1991,9855.29774891834
1992,9868.52602026643
1993,9873.86469317715
1994,9885.33414423449
1995,9910.88883634743
1996,9919.0397931471
1997,9939.17171749522
1998,9951.01876270774
1999,9964.47165594617
2000,9965.97541933795
2001,9969.83205865121
2002,9998.8226862941
2003,10011.5317471254
2004,10030.8881042921
2005,10038.1480875738
2006,10046.8130251106
2007,10076.3330062184
2008,10090.1732057417
2009,10099.9534896148
2010,10108.5645921672
2011,10124.3702065445
2012,10128.2258619417
2013,10146.5052382141
2014,10154.9972230499
2015,10175.5945903237
2016,10184.5908469046
2017,10196.3479622162
2018,10197.3183534594
2019,10219.4728353976
2020,10221.9075578534
2021,10228.2405377616
2022,10237.2196790739
2023,10246.7561378174
2024,10265.9848317409
2025,10271.1208509135
2026,10281.6499371957
2027,10289.9039386338
2028,10309.0235627214
2029,10318.4615358859
2030,10328.30113898
2031,10341.6372103608
2032,10350.9467461452
2033,10366.1056617769
2034,10378.0240200428
2035,10396.5379001784
2036,10400.4785864538
2037,10424.3246685827
2038,10433.8862159669
2039,10442.219859624
2040,10477.4325322469
2041,10501.7662619604
2042,10507.1391584104
2043,10509.9500379061
2044,10530.008902467
2045,10557.3475600499
2046,10565.0239169776
2047,10574.1165134152
2048,10583.0926617487
2049,10600.869477961
2050,10614.7937359929
2051,10625.2476218453
2052,10635.5012697118
2053,10641.7041377202
2054,10655.7990260819
2055,10667.6848468571
2056,10685.0969579537
2057,10703.0333546063
2058,10739.9408954062
2059,10757.8164752516
2060,10764.5506927453
2061,10791.1430906082
2062,10820.8247355633
2063,10829.2503606713
2064,10832.3385731694
2065,10843.7799264964
2066,10848.0939744346
2067,10872.4513685864
2068,10902.662513723
2069,10938.8150445676
2070,10954.8676168781
2071,10958.2168831829
2072,10966.4376914815
2073,10988.0094446919
2074,11019.0934950592
2075,11033.5212270686
2076,11072.1285142965
2077,11081.6919730717
2078,11095.6835752735
2079,11122.6098836173
2080,11145.1983325833
2081,11169.7369209076
2082,11186.5403356012
2083,11224.940337498
2084,11239.2430777597
2085,11250.0382422212
2086,11266.4103044629
2087,11307.6036057048
2088,11342.7750595464
2089,11360.9225126378
2090,11386.3304895029
2091,11411.5066864315
2092,11420.4492430421
2093,11429.271611052
2094,11442.2282130275
2095,11472.0487937861
2096,11483.1236206756
2097,11506.232306943
2098,11528.2180710035
2099,11562.1317684194
2100,11614.7115388618
2101,11646.3196867022
2102,11673.1236212924
2103,11694.1996981666
2104,11703.6273531767
2105,11738.3850152087
2106,11754.4829039299
2107,11760.3658739364
2108,11971.1027258538
2109,12147.877868802
2110,12307.7968405655
2111,12359.4723110691
2112,12430.3144053078
2113,12495.048315636
2114,12980.4106001655
2115,16603.0864583919
