# Domain: ellipse_minus_quadrant (FEM, paper eigenvalues-head run, dense eig full spectrum)
# Resolution Hmax = 0.09, dofs = 2663
# Computation time: 1.4375 s
n,lambda_n
1,5.87200104608
2,11.5332548898
3,15.1419046555
4,15.9241663526
5,21.1211392564
6,27.0815708505
7,27.5059167597
8,29.9239371971
9,34.7135926879
10,41.3266120476
11,42.1943128571
12,44.516784501
13,46.9861431031
14,50.4083105568
15,52.3519441682
16,57.7897080566
17,61.4086473406
18,63.817813648
19,66.0131099632
20,67.8876253028
21,73.673390941
22,74.2669070418
23,77.9140400068
24,84.7681091163
25,85.3853715343
26,89.080630215
27,90.8626845943
28,92.2011916946
29,98.4531391638
30,100.342834718
31,101.844860623
32,104.723483323
33,111.376641366
34,112.258743523
35,114.205955866
36,115.243584304
37,120.526677964
38,121.997751818
39,128.388176678
40,128.716994802
41,131.513876819
42,137.299130679
43,140.117831804
44,143.440995377
45,143.834542284
46,143.916006634
47,149.259555795
48,154.20481165
49,156.29638556
50,160.037766469
51,161.642928394
52,166.051534089
53,168.922707728
54,172.256891331
55,176.935444185
56,178.576889132
57,178.972003907
58,179.436948995
59,181.425886177
60,187.646063105
61,191.312437974
62,191.690965868
63,196.207730288
64,199.374946183
65,204.345910586
66,205.213581317
67,209.610059814
68,214.809971083
69,217.031893181
70,218.301071925
71,219.008225153
72,220.916526145
73,222.933208968
74,225.667986732
75,232.622532571
76,233.683668326
77,236.750294734
78,242.230824911
79,243.79164055
80,247.222628224
81,251.222155405
82,256.222496345
83,257.174386778
84,260.593727826
85,262.322293837
86,262.506850076
87,264.260990124
88,264.560904099
89,272.164519264
90,273.460828869
91,277.658456796
92,281.591523432
93,281.686840001
94,284.310822326
95,288.304131027
96,293.481391112
97,296.481780582
98,301.509152106
99,304.097289827
100,304.544711911
101,305.94542077
102,309.898275563
103,310.904559167
104,312.845462525
105,314.490526561
106,323.472550298
107,324.821126425
108,326.456896012
109,328.90635509
110,329.486171975
111,333.101399307
112,338.451842587
113,343.567924702
114,345.273085605
115,351.913894982
116,352.980775424
117,353.95384482
118,355.612951795
119,359.313056358
120,361.187198877
121,362.772478675
122,367.149309335
123,369.272354428
124,371.842148191
125,377.322993209
126,379.114143124
127,380.014806536
128,383.816504548
129,387.526803489
130,388.735344875
131,393.670942054
132,396.703607978
133,397.531278182
134,405.062475554
135,406.505975528
136,407.512350212
137,410.657353133
138,411.802995064
139,416.38215844
140,417.081139538
141,419.300311874
142,421.599696044
143,426.593231504
144,432.33252213
145,433.234824612
146,435.62851355
147,435.664265137
148,444.959092828
149,445.348416082
150,448.230417825
151,449.950859591
152,454.503336765
153,455.389454571
154,462.784564395
155,463.718146912
156,466.095713591
157,467.811490311
158,472.623359929
159,472.689479315
160,473.645059472
161,475.542719415
162,481.46908053
163,484.745316958
164,489.999464575
165,494.411872526
166,495.69482428
167,496.139660932
168,498.117406348
169,502.43484229
170,503.125108907
171,512.001963726
172,512.712350484
173,516.552040411
174,517.189703366
175,524.421277399
176,525.782860516
177,525.900003623
178,528.395100183
179,531.62394327
180,532.525105887
181,533.40354941
182,538.065146237
183,538.727530011
184,542.179662556
185,546.34171544
186,555.159231167
187,556.155610133
188,557.861673617
189,560.589946751
190,560.746367052
191,562.469770861
192,564.612303515
193,572.867164341
194,577.473667774
195,581.668003548
196,583.102673819
197,584.549502049
198,589.455170759
199,592.82228052
200,593.041810807
201,595.977798794
202,597.370127897
203,599.70151663
204,601.984141627
205,605.047168659
206,605.975893956
207,608.332302091
208,614.126083622
209,616.618361578
210,619.690602381
211,628.525938124
212,629.269458684
213,629.811824235
214,632.584492801
215,633.307256357
216,633.907392216
217,647.994660621
218,648.943987931
219,649.700240219
220,653.171321876
221,655.878443108
222,657.492144021
223,663.183537322
224,664.48559436
225,665.297158201
226,669.118190965
227,670.592520644
228,673.703485028
229,677.363669123
230,677.478282117
231,682.451961364
232,682.609832543
233,683.118060231
234,685.718537296
235,693.152432606
236,697.73758299
237,701.072679776
238,702.234126107
239,706.303587306
240,708.464185324
241,709.15493245
242,714.270576997
243,717.002699932
244,719.424778938
245,727.51090544
246,727.735556503
247,734.659596798
248,735.684374174
249,737.84289185
250,738.459114544
251,742.751687622
252,743.725030065
253,745.247635902
254,749.789209653
255,753.160950939
256,753.374999992
257,756.856811051
258,757.30737069
259,762.546683459
260,767.109164765
261,768.957881213
262,774.234720708
263,777.159441883
264,779.515685359
265,783.112193937
266,785.428874019
267,787.916978241
268,789.80624315
269,790.742020998
270,793.008795784
271,804.814908492
272,806.231610916
273,809.451571547
274,815.778103604
275,816.183368326
276,818.008060507
277,818.853102775
278,824.100461806
279,825.50281973
280,825.921842815
281,828.72829596
282,829.213335635
283,833.452866331
284,836.371566167
285,842.022426949
286,843.781766258
287,846.98113048
288,851.741949977
289,854.902377179
290,857.504914904
291,858.741709927
292,861.247688667
293,862.492881558
294,869.159746327
295,871.114730575
296,875.56147604
297,876.759141732
298,877.758964961
299,878.461241331
300,889.540479198
301,893.718276348
302,896.768869815
303,898.606568162
304,900.525621167
305,903.260291566
306,905.157799839
307,905.511839107
308,909.47116231
309,910.453230291
310,914.694336226
311,918.060844849
312,918.180775724
313,921.624250337
314,928.064987862
315,935.322143184
316,936.414697676
317,936.471535657
318,937.868401598
319,938.763877241
320,945.351655549
321,947.603112018
322,950.55996055
323,953.570428299
324,956.992260418
325,966.01700222
326,966.679391602
327,969.119967668
328,971.737663927
329,976.633221147
330,976.968146774
331,977.52773641
332,982.724119111
333,990.015421852
334,990.868251104
335,992.725537719
336,996.316650411
337,997.434501058
338,998.117518411
339,1002.45681499
340,1006.52754422
341,1007.85846939
342,1009.97172037
343,1012.45680543
344,1018.94568845
345,1020.59958654
346,1026.75101583
347,1029.39204148
348,1034.74180845
349,1036.54984967
350,1038.37750941
351,1038.81941571
352,1039.21149277
353,1043.89977647
354,1045.41632984
355,1057.73407741
356,1060.31695227
357,1062.29084888
358,1062.53576471
359,1063.8812233
360,1068.10386806
361,1069.81072505
362,1070.61225785
363,1083.78310274
364,1084.67841223
365,1086.0622016
366,1087.30700898
367,1087.92042404
368,1088.8837301
369,1095.32867023
370,1095.60407242
371,1096.90443305
372,1101.94844566
373,1104.53371979
374,1108.88136814
375,1110.95446493
376,1111.46219752
377,1111.96069098
378,1121.01812892
379,1127.83456481
380,1129.35849828
381,1134.0193228
382,1134.51730163
383,1134.82284236
384,1137.17869153
385,1142.48183919
386,1144.13337632
387,1149.54244643
388,1152.25686506
389,1155.93623967
390,1159.79522151
391,1162.89992496
392,1166.6503182
393,1171.75636423
394,1172.43337139
395,1174.26802743
396,1183.28401802
397,1185.32564774
398,1188.61397078
399,1190.40270699
400,1191.49384663
401,1196.21697028
402,1196.73286573
403,1197.26725786
404,1199.63415879
405,1200.99243176
406,1201.85280198
407,1203.75630293
408,1209.8604724
409,1216.08320241
410,1217.69995901
411,1223.17906257
412,1230.04207836
413,1231.90922387
414,1234.96146
415,1235.35780338
416,1240.1781086
417,1240.8226248
418,1242.04361126
419,1242.7482245
420,1249.11896587
421,1253.7394977
422,1259.68788644
423,1262.59337223
424,1266.4911856
425,1268.7320492
426,1269.79956371
427,1278.40909865
428,1283.12708308
429,1285.24412914
430,1287.35098361
431,1290.07641757
432,1293.99461039
433,1297.6993982
434,1299.53208104
435,1301.20374632
436,1303.2429746
437,1304.12312554
438,1304.36696366
439,1306.83845185
440,1312.53852826
441,1317.64848647
442,1322.41517577
443,1326.39030954
444,1327.094168
445,1330.48290804
446,1334.92241446
447,1337.26207087
448,1338.79900125
449,1338.90935136
450,1340.83756283
451,1345.76186104
452,1349.77037934
453,1354.37439916
454,1356.42241549
455,1361.95883266
456,1365.73286695
457,1367.83608226
458,1371.22492821
459,1374.21748915
460,1381.72909439
461,1384.6144704
462,1386.90324773
463,1390.55110369
464,1392.33512699
465,1394.06183893
466,1402.14799747
467,1402.32927638
468,1406.49168043
469,1410.3521417
470,1411.91836844
471,1413.49165356
472,1414.5692569
473,1416.69778228
474,1419.06642535
475,1419.73877745
476,1422.08149367
477,1425.21346574
478,1429.64355464
479,1437.77779556
480,1440.46103763
481,1443.49963786
482,1446.34735348
483,1448.34120853
484,1448.94209199
485,1449.32946242
486,1452.36425087
487,1461.99746173
488,1462.78481478
489,1468.52954114
490,1470.07446376
491,1477.2686678
492,1480.61281202
493,1483.73193883
494,1483.91292788
495,1486.8951576
496,1488.18559624
497,1494.00534123
498,1495.84197283
499,1496.66492917
500,1499.08821147
501,1504.50792015
502,1505.40415252
503,1508.03402692
504,1509.20180049
505,1513.56461643
506,1518.38353501
507,1519.5451369
508,1523.74659888
509,1528.71870767
510,1528.96412142
511,1529.98801049
512,1532.67855153
513,1535.66551401
514,1536.17055248
515,1540.48646993
516,1541.02612242
517,1544.3103336
518,1550.07477451
519,1555.1578219
520,1558.38499631
521,1562.36560723
522,1564.98590729
523,1566.06413306
524,1568.30038083
525,1568.71554864
526,1571.34807275
527,1573.42458058
528,1575.60914884
529,1582.84035665
530,1584.46722761
531,1590.65676974
532,1592.344908
533,1596.1713497
534,1598.05270766
535,1603.57185025
536,1606.14633161
537,1609.35230232
538,1614.58213251
539,1615.44055103
540,1616.63672415
541,1620.57026127
542,1621.4689545
543,1629.53184139
544,1632.49275948
545,1636.81232613
546,1641.03131131
547,1643.34161467
548,1643.49087276
549,1647.42911263
550,1649.41173402
551,1653.62015488
552,1655.60634594
553,1659.36614155
554,1661.71905788
555,1667.45958153
556,1674.74732546
557,1676.16257712
558,1681.90890323
559,1684.91131358
560,1685.59009568
561,1688.57084234
562,1690.02075832
563,1692.37973203
564,1694.59958554
565,1698.10202439
566,1698.51926062
567,1704.33126497
568,1705.73027689
569,1710.61189949
570,1711.42459856
571,1723.40450797
572,1728.33981364
573,1729.64173763
574,1732.87603472
575,1734.22202836
576,1738.85461919
577,1745.13615304
578,1748.20957157
579,1751.23961241
580,1753.6480545
581,1758.25547352
582,1761.66860113
583,1762.94757071
584,1764.45303484
585,1769.54803757
586,1770.95061574
587,1776.73214448
588,1778.21753882
589,1781.1614357
590,1787.29494793
591,1791.38987253
592,1795.77702293
593,1799.59686595
594,1801.9913706
595,1811.54699996
596,1812.37171615
597,1814.41918249
598,1817.74092563
599,1822.3735415
600,1823.88650307
601,1827.81266325
602,1830.1794892
603,1832.8067982
604,1841.35443425
605,1844.54052496
606,1846.5709809
607,1856.31494509
608,1857.41775492
609,1859.06230475
610,1864.44734156
611,1873.07716651
612,1875.20091177
613,1880.74467942
614,1880.88787136
615,1889.84355208
616,1891.81771032
617,1897.67287705
618,1899.57434062
619,1901.52364996
620,1908.07892953
621,1908.77936598
622,1913.15660748
623,1917.48361076
624,1922.75914455
625,1923.81187165
626,1928.8014442
627,1933.36383613
628,1936.1598689
629,1940.54467999
630,1942.2186698
631,1945.67806283
632,1949.86227034
633,1953.11669705
634,1962.61850677
635,1966.62880798
636,1968.26896856
637,1970.75361911
638,1974.59463964
639,1977.41725846
640,1984.90761797
641,1989.0077026
642,1990.55618145
643,1996.96182678
644,1999.34653524
645,2001.97083061
646,2007.10603046
647,2014.56219355
648,2018.90282825
649,2024.40864498
650,2027.1306462
651,2029.05157438
652,2035.81578709
653,2040.61460813
654,2048.86839989
655,2051.69557808
656,2057.361518
657,2057.72140054
658,2062.47297918
659,2063.72862327
660,2067.06813882
661,2072.29483372
662,2074.68599417
663,2085.08877321
664,2090.00129252
665,2091.82837237
666,2098.17185678
667,2100.66297757
668,2106.53479755
669,2109.02462794
670,2110.06970508
671,2110.66890488
672,2115.47320162
673,2121.18838555
674,2129.57645299
675,2130.40711849
676,2134.79471997
677,2137.75311774
678,2144.65924402
679,2146.8801
680,2150.57443981
681,2157.66948923
682,2160.96106422
683,2163.34645498
684,2170.62652427
685,2171.95513272
686,2175.11248883
687,2182.89367489
688,2184.19895962
689,2188.54491669
690,2191.66907965
691,2195.13922902
692,2198.32472766
693,2201.79897866
694,2205.93533877
695,2209.53379782
696,2211.76109038
697,2219.80194208
698,2221.74910137
699,2224.93377425
700,2229.33829665
701,2235.22851076
702,2235.65361767
703,2240.93993488
704,2244.19336293
705,2252.16584934
706,2252.59987924
707,2255.13824768
708,2257.12279445
709,2261.03139163
710,2267.26085406
711,2273.17167331
712,2278.19525379
713,2281.76333153
714,2283.79627698
715,2289.97028243
716,2293.47198723
717,2296.86886818
718,2297.94548707
719,2303.49019037
720,2308.59135886
721,2308.76448092
722,2313.84295757
723,2316.08296481
724,2319.20629739
725,2323.36418988
726,2327.14176772
727,2329.7662053
728,2337.99564551
729,2341.95948989
730,2345.32397612
731,2346.6118448
732,2352.50000444
733,2355.35160104
734,2362.7742102
735,2363.82150235
736,2367.20727226
737,2369.81078751
738,2375.55156288
739,2379.58569871
740,2383.29893544
741,2387.7351195
742,2390.79953534
743,2397.15126862
744,2399.23835946
745,2402.35148102
746,2404.84644306
747,2411.38487364
748,2421.19756878
749,2422.82181417
750,2427.71117244
751,2429.82810236
752,2433.55154622
753,2435.25968963
754,2437.69700986
755,2439.91337047
756,2444.19768166
757,2447.85279253
758,2453.01227984
759,2456.63859432
760,2459.93888461
761,2463.18276488
762,2467.16880771
763,2470.64261982
764,2473.51376274
765,2477.13313269
766,2481.05493197
767,2486.67656444
768,2489.7132705
769,2492.17779633
770,2495.57214225
771,2502.50553839
772,2507.08388488
773,2512.32476739
774,2515.29971872
775,2519.73210373
776,2523.28103558
777,2527.73127418
778,2529.2270937
779,2532.47316276
780,2533.11471708
781,2535.41164991
782,2538.14799349
783,2550.06790847
784,2557.39147789
785,2558.27076591
786,2561.64993983
787,2563.985078
788,2569.6215231
789,2571.72095033
790,2576.82869299
791,2578.90470147
792,2589.02116284
793,2591.75638674
794,2594.64380073
795,2597.7226104
796,2604.5815207
797,2605.19776291
798,2608.05610851
799,2612.8261466
800,2615.56491999
801,2618.687192
802,2622.04485861
803,2625.41485456
804,2633.83739381
805,2638.31339975
806,2642.92064516
807,2646.31693938
808,2648.66606357
809,2651.00007154
810,2654.34576977
811,2658.93909342
812,2659.75292887
813,2661.39328091
814,2670.50774335
815,2670.9833478
816,2679.74819469
817,2682.74604943
818,2684.9900037
819,2691.93914476
820,2696.44696226
821,2698.98391858
822,2702.02175343
823,2703.71211177
824,2709.18146911
825,2713.83709608
826,2715.06200066
827,2720.19067366
828,2724.07114493
829,2732.81341775
830,2733.84648335
831,2739.59553141
832,2743.13836518
833,2747.15025381
834,2752.36924491
835,2757.13620791
836,2761.37546205
837,2763.96673016
838,2766.24458889
839,2769.79469219
840,2776.29381596
841,2781.44656814
842,2784.49096257
843,2785.48212643
844,2792.95255318
845,2798.02004578
846,2798.7671406
847,2806.70764073
848,2810.36372903
849,2811.22695605
850,2814.72862425
851,2815.42528342
852,2819.35679787
853,2823.09726
854,2828.31052995
855,2829.01829222
856,2831.62407807
857,2838.06579158
858,2847.41025523
859,2848.20575963
860,2850.75997654
861,2860.61137152
862,2861.42323344
863,2864.96109727
864,2871.13378565
865,2876.11846337
866,2880.4318155
867,2885.39392088
868,2890.54547447
869,2894.19688651
870,2897.71455792
871,2899.80548894
872,2906.0751286
873,2909.19370178
874,2915.061055
875,2918.74032212
876,2919.82644128
877,2925.60436014
878,2926.42316917
879,2929.58078789
880,2939.23692038
881,2943.88677361
882,2946.55709661
883,2953.52249558
884,2955.44975287
885,2960.44873894
886,2965.26588381
887,2965.81683389
888,2972.32648909
889,2976.75765848
890,2980.07587388
891,2985.60700566
892,2990.9929899
893,2991.36440846
894,2993.32500358
895,3001.56459463
896,3002.34281141
897,3009.79497556
898,3011.36467789
899,3015.55944952
900,3018.24296365
901,3022.51058508
902,3024.59334885
903,3028.51423893
904,3033.96488663
905,3038.86664713
906,3040.7532657
907,3048.33105739
908,3054.84025236
909,3058.40783163
910,3063.40035863
911,3064.28540225
912,3068.39257295
913,3069.88889101
914,3073.15269691
915,3075.92713263
916,3080.15615787
917,3086.77776393
918,3094.34907502
919,3098.32302977
920,3100.43514317
921,3103.75317364
922,3113.97683051
923,3115.80213253
924,3124.77039688
925,3125.61316117
926,3130.22121636
927,3135.57436857
928,3139.4385789
929,3141.52778845
930,3143.91062874
931,3150.01757167
932,3157.9330486
933,3162.01824302
934,3167.87979951
935,3170.86054912
936,3175.43407459
937,3181.04573423
938,3182.44454688
939,3188.53045936
940,3194.44707739
941,3197.60947638
942,3201.65750508
943,3205.26483867
944,3211.20719273
945,3213.17945326
946,3215.16610333
947,3221.45920376
948,3223.31186752
949,3226.61330942
950,3228.62205596
951,3230.83722629
952,3232.36255692
953,3242.37583029
954,3247.00467884
955,3250.22719684
956,3253.13565524
957,3261.75142064
958,3262.13607546
959,3269.62609757
960,3273.6173408
961,3276.52770922
962,3279.04993426
963,3281.77307324
964,3285.97498548
965,3292.63880038
966,3296.84036255
967,3298.20725221
968,3300.7777361
969,3307.81435457
970,3314.39621102
971,3315.38739751
972,3324.95480902
973,3334.61611492
974,3336.55861332
975,3341.17081935
976,3345.33027594
977,3348.43003153
978,3356.32640003
979,3356.94557363
980,3360.65113782
981,3362.48537968
982,3366.79534125
983,3371.7506734
984,3375.97960858
985,3383.95205783
986,3387.92707709
987,3393.00780736
988,3398.51150334
989,3409.34009537
990,3413.43308068
991,3414.93842517
992,3419.38598406
993,3421.93953943
994,3428.07787764
995,3429.84709953
996,3433.11283545
997,3437.88276518
998,3439.04713448
999,3450.56247863
1000,3457.38949937
1001,3458.53708896
1002,3463.1628101
1003,3465.47505131
1004,3466.86847452
1005,3473.8953665
1006,3476.96665104
1007,3480.96640784
1008,3486.42876995
1009,3491.02798392
1010,3494.69426173
1011,3498.03124612
1012,3501.84592627
1013,3508.61069107
1014,3510.11826115
1015,3515.32889988
1016,3521.69177026
1017,3522.60775295
1018,3528.60165074
1019,3537.23310029
1020,3541.83497296
1021,3548.12147351
1022,3553.68388256
1023,3559.19699957
1024,3562.99283789
1025,3564.39918323
1026,3569.87233597
1027,3571.3014116
1028,3576.39680556
1029,3584.46432364
1030,3586.30152757
1031,3587.55315309
1032,3595.27149134
1033,3597.62565237
1034,3602.17671042
1035,3606.25378694
1036,3613.32428524
1037,3616.27851933
1038,3623.86876294
1039,3628.99918871
1040,3638.83896097
1041,3642.63064944
1042,3649.8630072
1043,3654.61194269
1044,3656.52457201
1045,3657.54624109
1046,3666.91449472
1047,3668.66520537
1048,3672.32660512
1049,3676.55039765
1050,3682.24320448
1051,3683.83852061
1052,3687.03312111
1053,3690.97224861
1054,3696.12873439
1055,3701.08725658
1056,3706.77844882
1057,3709.94489054
1058,3717.06199068
1059,3718.23952124
1060,3720.21129759
1061,3729.67011901
1062,3733.14643015
1063,3733.56587263
1064,3744.34003111
1065,3747.53816086
1066,3750.00322858
1067,3755.83956129
1068,3762.56994978
1069,3766.65185352
1070,3773.67466765
1071,3774.85625666
1072,3779.17312929
1073,3781.86426181
1074,3789.96717889
1075,3791.60162916
1076,3799.05838294
1077,3802.58038496
1078,3807.64095191
1079,3808.26133398
1080,3816.48645171
1081,3818.64804867
1082,3821.9869737
1083,3826.38160421
1084,3836.19373388
1085,3840.2596469
1086,3851.39912714
1087,3854.6769896
1088,3860.9994011
1089,3863.94860362
1090,3870.73241987
1091,3873.00254611
1092,3878.0803156
1093,3881.3769387
1094,3884.18805573
1095,3889.73699724
1096,3893.65572284
1097,3901.34652538
1098,3905.0467176
1099,3908.38147553
1100,3912.74286875
1101,3921.95555696
1102,3922.6463494
1103,3926.23487224
1104,3932.13646801
1105,3934.97861882
1106,3938.93044386
1107,3943.65274934
1108,3949.12613141
1109,3952.84187893
1110,3958.68798395
1111,3962.20992255
1112,3964.87833584
1113,3973.43295273
1114,3976.6700265
1115,3982.0074241
1116,3984.34491713
1117,3985.43632693
1118,3996.34416299
1119,3996.94866265
1120,4001.56394168
1121,4004.23011114
1122,4011.46003802
1123,4019.51213313
1124,4024.58137276
1125,4027.36308767
1126,4032.71398671
1127,4041.90127919
1128,4045.2641152
1129,4052.17500703
1130,4058.996382
1131,4060.76624487
1132,4066.64283551
1133,4070.85360124
1134,4078.77098888
1135,4082.24978828
1136,4083.67961665
1137,4088.9262287
1138,4094.31598469
1139,4104.12677677
1140,4109.02866939
1141,4112.56409631
1142,4115.66115029
1143,4118.47184135
1144,4120.87255484
1145,4127.30453154
1146,4131.42977015
1147,4141.74374351
1148,4146.12795187
1149,4149.92308094
1150,4155.81346227
1151,4158.74193184
1152,4163.84542694
1153,4168.89087645
1154,4173.86842626
1155,4177.52928595
1156,4183.51277723
1157,4188.63616377
1158,4190.16386102
1159,4195.97969978
1160,4206.94949072
1161,4210.24314612
1162,4212.01678452
1163,4214.70252565
1164,4219.01590619
1165,4224.40307063
1166,4229.97825145
1167,4235.64685161
1168,4238.18422527
1169,4241.53325859
1170,4249.89446164
1171,4258.03405282
1172,4259.09961729
1173,4262.17130846
1174,4265.73127208
1175,4269.72010179
1176,4277.45140992
1177,4283.33932559
1178,4289.3063588
1179,4293.4423469
1180,4300.65828885
1181,4306.8255776
1182,4312.52180536
1183,4315.74119572
1184,4317.12881567
1185,4326.71524722
1186,4329.23091078
1187,4331.83852376
1188,4341.66023822
1189,4344.06423374
1190,4349.29663142
1191,4355.24061591
1192,4360.62702188
1193,4367.00168785
1194,4367.92959797
1195,4373.78671826
1196,4378.70408899
1197,4388.40612251
1198,4390.75369427
1199,4404.53418559
1200,4406.31089602
1201,4409.41493279
1202,4414.21481209
1203,4416.58743653
1204,4425.19505567
1205,4430.40864017
1206,4433.39661547
1207,4436.07225128
1208,4440.18557709
1209,4445.28523893
1210,4451.58992621
1211,4455.37139471
1212,4462.3679561
1213,4466.60455484
1214,4475.35945988
1215,4479.56860265
1216,4482.39295021
1217,4484.62946172
1218,4490.55776218
1219,4500.23612232
1220,4501.36079775
1221,4507.61664252
1222,4509.69598089
1223,4519.77613245
1224,4521.02572189
1225,4525.23054283
1226,4525.6621619
1227,4534.15328198
1228,4538.31536219
1229,4546.41425183
1230,4550.9953729
1231,4560.29536351
1232,4564.34794359
1233,4570.60375085
1234,4574.2284742
1235,4578.53817721
1236,4581.43687432
1237,4591.68746659
1238,4595.90170193
1239,4599.39162628
1240,4602.48021714
1241,4612.7074964
1242,4615.93746865
1243,4617.39790118
1244,4624.59853491
1245,4631.66821455
1246,4634.95636643
1247,4641.40129887
1248,4646.65453188
1249,4651.45705981
1250,4657.90370617
1251,4666.19298888
1252,4668.01134014
1253,4670.04288801
1254,4675.44205413
1255,4679.88856203
1256,4683.78774223
1257,4686.69197322
1258,4693.25629224
1259,4697.49207482
1260,4702.51511313
1261,4715.19576792
1262,4718.06717509
1263,4720.11103699
1264,4730.68471167
1265,4736.82481726
1266,4738.86547643
1267,4740.79162897
1268,4749.47699097
1269,4755.67469528
1270,4757.06070808
1271,4762.53644523
1272,4766.75097202
1273,4771.63683968
1274,4779.19571962
1275,4783.0693251
1276,4784.17315624
1277,4794.9398565
1278,4799.13365118
1279,4804.03458079
1280,4815.51774801
1281,4819.16600526
1282,4826.80108549
1283,4830.17884606
1284,4836.54568583
1285,4839.78355206
1286,4845.68692353
1287,4847.90156253
1288,4855.29677063
1289,4859.01077866
1290,4861.62023994
1291,4865.08260898
1292,4873.77853371
1293,4879.22382995
1294,4890.09229078
1295,4893.06406919
1296,4895.30879848
1297,4901.46722925
1298,4906.25352911
1299,4913.03118161
1300,4918.68896917
1301,4923.41077412
1302,4927.5370107
1303,4936.05090772
1304,4937.2268679
1305,4941.38580954
1306,4945.90636568
1307,4950.79714977
1308,4953.15431275
1309,4961.53297752
1310,4965.49682026
1311,4973.3483701
1312,4973.73506459
1313,4981.30667771
1314,4983.12678403
1315,4995.90663062
1316,4997.38854528
1317,5001.66499071
1318,5005.3641115
1319,5013.79072129
1320,5022.94524232
1321,5029.12020752
1322,5033.70669341
1323,5038.50151257
1324,5038.83680789
1325,5049.06274604
1326,5055.9020744
1327,5060.04925825
1328,5067.51072695
1329,5072.50900749
1330,5078.2701516
1331,5082.48336409
1332,5085.05704786
1333,5089.20275844
1334,5094.03695935
1335,5102.52027612
1336,5106.10256295
1337,5110.522555
1338,5117.75802007
1339,5121.67115275
1340,5124.47925828
1341,5129.18124583
1342,5135.83143626
1343,5137.71242999
1344,5146.7587991
1345,5148.07534193
1346,5152.7608127
1347,5160.76373724
1348,5165.06750905
1349,5166.09154952
1350,5178.90056077
1351,5190.38521984
1352,5193.06810207
1353,5194.89213282
1354,5198.33021243
1355,5205.40356938
1356,5211.82499714
1357,5218.22647296
1358,5222.09141492
1359,5224.6978533
1360,5229.32462339
1361,5231.35520124
1362,5241.56498896
1363,5245.83963699
1364,5248.15855822
1365,5256.61496863
1366,5261.99758355
1367,5270.58968082
1368,5276.19953162
1369,5278.14352129
1370,5284.1320674
1371,5294.84729907
1372,5295.43903968
1373,5300.61779883
1374,5304.09904795
1375,5310.45222593
1376,5317.23759966
1377,5320.26086506
1378,5323.43317413
1379,5328.51716414
1380,5336.76500778
1381,5346.51847791
1382,5350.99249018
1383,5356.86983413
1384,5359.17488011
1385,5363.78691321
1386,5372.90875856
1387,5376.98041639
1388,5383.39083352
1389,5388.1237556
1390,5398.64824555
1391,5403.17614655
1392,5407.51534117
1393,5408.6339413
1394,5416.05510017
1395,5425.0298941
1396,5429.10873448
1397,5440.22155131
1398,5442.27749434
1399,5447.91596458
1400,5450.09010308
1401,5456.4169961
1402,5459.12984724
1403,5463.63543449
1404,5471.11128323
1405,5473.14188375
1406,5479.84889172
1407,5480.5699182
1408,5493.77691698
1409,5498.23008375
1410,5508.69195376
1411,5511.45084343
1412,5514.88994748
1413,5521.31409582
1414,5524.34664852
1415,5531.63209475
1416,5535.44740386
1417,5542.05238403
1418,5551.49813759
1419,5556.41136049
1420,5562.18313983
1421,5568.34203489
1422,5571.4960394
1423,5578.13211232
1424,5587.36905148
1425,5591.31844629
1426,5596.49834469
1427,5600.81725286
1428,5602.74105628
1429,5605.54687864
1430,5608.08345971
1431,5608.96425006
1432,5617.16226638
1433,5624.45726468
1434,5626.10091128
1435,5631.5865479
1436,5641.78761802
1437,5647.89119779
1438,5654.57815253
1439,5656.96999465
1440,5666.02638887
1441,5673.8632691
1442,5678.62594607
1443,5682.31824846
1444,5689.16573979
1445,5694.95823544
1446,5700.86978851
1447,5707.7028338
1448,5710.69169241
1449,5717.45965678
1450,5726.06859133
1451,5730.41510236
1452,5736.56597814
1453,5742.09180493
1454,5747.61510277
1455,5751.51536637
1456,5757.06282308
1457,5760.82284433
1458,5766.9275712
1459,5770.67639774
1460,5774.86531338
1461,5778.94153347
1462,5784.77227955
1463,5788.14820415
1464,5794.89751546
1465,5798.21030434
1466,5802.60420849
1467,5808.59211784
1468,5814.89338463
1469,5820.30117237
1470,5826.01195717
1471,5831.81464677
1472,5838.47975381
1473,5842.10403845
1474,5849.18743078
1475,5850.71716981
1476,5856.58084818
1477,5866.00905747
1478,5872.95489358
1479,5875.79688935
1480,5877.70626859
1481,5886.47318841
1482,5890.14631946
1483,5892.83442262
1484,5900.20219117
1485,5905.74472532
1486,5908.33121524
1487,5917.81836331
1488,5923.86399225
1489,5925.69097074
1490,5928.92674088
1491,5935.8567961
1492,5947.20211899
1493,5948.36434518
1494,5951.75944102
1495,5956.23149682
1496,5966.798058
1497,5975.62095074
1498,5978.08703855
1499,5982.127005
1500,5987.7030273
1501,5992.78161329
1502,5995.86686423
1503,5997.47244556
1504,6008.4323923
1505,6014.88406666
1506,6017.9982275
1507,6021.29540093
1508,6030.71228666
1509,6037.28531342
1510,6042.8904491
1511,6050.61356471
1512,6053.2233827
1513,6059.87748045
1514,6063.585742
1515,6074.98772408
1516,6077.21204508
1517,6081.86617818
1518,6083.43815954
1519,6090.10640676
1520,6093.55833044
1521,6101.69945201
1522,6104.47386956
1523,6110.48670833
1524,6116.29756537
1525,6122.3748859
1526,6126.60192885
1527,6131.40968158
1528,6136.33559973
1529,6144.75443704
1530,6148.93407353
1531,6155.65710175
1532,6159.49010525
1533,6169.4650481
1534,6172.39758377
1535,6181.28439257
1536,6184.68771924
1537,6188.83343036
1538,6192.54705753
1539,6196.62163772
1540,6207.47124722
1541,6208.65438403
1542,6211.67161352
1543,6217.00864206
1544,6221.88005057
1545,6226.00142496
1546,6232.26390555
1547,6243.97213249
1548,6247.20361626
1549,6253.11367434
1550,6257.00166497
1551,6263.0116539
1552,6269.53125433
1553,6274.5881934
1554,6280.75000777
1555,6284.62072695
1556,6291.26688817
1557,6294.30135051
1558,6295.64821318
1559,6304.70293898
1560,6311.27813925
1561,6316.32465629
1562,6320.97423772
1563,6325.28947392
1564,6331.0537736
1565,6336.16328589
1566,6338.72863057
1567,6343.68576898
1568,6349.25009946
1569,6355.929468
1570,6361.06672797
1571,6366.04121508
1572,6371.27272284
1573,6377.41169061
1574,6383.92998011
1575,6389.09078773
1576,6392.68766747
1577,6395.72418707
1578,6401.73653298
1579,6403.5316817
1580,6410.1488319
1581,6418.03979719
1582,6422.04102408
1583,6429.28196935
1584,6438.33167702
1585,6443.83384436
1586,6450.00303299
1587,6454.83398399
1588,6458.44704029
1589,6466.75398302
1590,6467.58876995
1591,6476.42004163
1592,6484.96638819
1593,6487.76997241
1594,6489.77259683
1595,6494.57486249
1596,6501.59420563
1597,6506.9573767
1598,6511.57578726
1599,6513.29783354
1600,6519.71756632
1601,6523.98318866
1602,6532.63114772
1603,6538.69842055
1604,6543.36968896
1605,6547.2836243
1606,6553.06332736
1607,6555.13691574
1608,6558.19522271
1609,6568.79697912
1610,6578.43462578
1611,6581.69425882
1612,6587.60300356
1613,6590.46313014
1614,6595.04649554
1615,6599.2806004
1616,6610.14344505
1617,6615.53194321
1618,6626.49038787
1619,6629.66446562
1620,6632.82482141
1621,6635.68425614
1622,6640.75676046
1623,6648.85646141
1624,6652.58789984
1625,6655.79098534
1626,6661.43822346
1627,6665.89416769
1628,6680.74887948
1629,6682.4210313
1630,6685.06041209
1631,6692.3612986
1632,6700.1553826
1633,6705.62144974
1634,6711.17620629
1635,6714.2127276
1636,6718.65810736
1637,6724.44997848
1638,6730.72275901
1639,6734.49912961
1640,6735.73961526
1641,6743.50413243
1642,6750.91735007
1643,6752.91002969
1644,6761.668479
1645,6772.73207493
1646,6777.58140276
1647,6784.71075755
1648,6791.0828336
1649,6798.38025441
1650,6805.92398548
1651,6810.59230755
1652,6815.90196314
1653,6823.8069811
1654,6829.13699832
1655,6840.42820317
1656,6847.45225511
1657,6857.90478312
1658,6861.14191062
1659,6868.02071416
1660,6884.8186734
1661,6888.77675679
1662,6892.92043165
1663,6897.82074839
1664,6906.9526568
1665,6910.57514393
1666,6913.26559385
1667,6922.0657377
1668,6923.71892864
1669,6928.51567662
1670,6937.0255789
1671,6943.28836176
1672,6952.75362137
1673,6958.55686251
1674,6961.80596087
1675,6969.6245115
1676,6979.19889341
1677,6982.07974348
1678,6985.42787424
1679,6988.24615832
1680,7005.82247891
1681,7008.43374355
1682,7015.69412016
1683,7018.71425828
1684,7028.04903923
1685,7033.33206224
1686,7043.04561912
1687,7048.55904456
1688,7056.1914255
1689,7067.66278151
1690,7071.16800628
1691,7075.28533334
1692,7080.26029133
1693,7089.51403892
1694,7094.50657313
1695,7104.88925495
1696,7111.43656056
1697,7115.41768531
1698,7122.39833597
1699,7123.75847579
1700,7134.36216027
1701,7137.67701579
1702,7153.75948402
1703,7154.71647339
1704,7161.87159366
1705,7165.46282014
1706,7171.66078298
1707,7178.33918959
1708,7184.37372022
1709,7190.53002782
1710,7199.01098312
1711,7203.20454965
1712,7213.28108428
1713,7215.67800325
1714,7218.94957148
1715,7230.47737527
1716,7236.50861089
1717,7241.5297307
1718,7251.44801952
1719,7263.73695842
1720,7273.65180204
1721,7276.22148891
1722,7282.30039486
1723,7290.6595951
1724,7291.45687754
1725,7299.75942219
1726,7306.8751352
1727,7318.98282945
1728,7323.82877806
1729,7325.09267223
1730,7333.31187997
1731,7339.69615599
1732,7346.79561415
1733,7354.61828941
1734,7360.30733593
1735,7367.07018935
1736,7371.96021119
1737,7383.37199994
1738,7386.98187625
1739,7395.08365638
1740,7403.2830087
1741,7412.50345102
1742,7415.05165452
1743,7421.00795093
1744,7428.96102679
1745,7435.42651555
1746,7439.05833533
1747,7449.40252329
1748,7455.00497428
1749,7459.35129171
1750,7467.15677514
1751,7474.91696552
1752,7480.76559357
1753,7487.13909669
1754,7490.70519163
1755,7496.96434912
1756,7510.50705938
1757,7519.13761045
1758,7524.54256825
1759,7535.55879192
1760,7538.95597698
1761,7547.37931095
1762,7551.9396886
1763,7558.38592575
1764,7570.00933255
1765,7573.73736708
1766,7589.6224956
1767,7590.12146444
1768,7596.52931453
1769,7599.11247995
1770,7606.00453475
1771,7624.34358765
1772,7628.11332184
1773,7633.07060944
1774,7634.22828365
1775,7654.28422814
1776,7658.47301874
1777,7667.2339053
1778,7678.70287977
1779,7683.46736166
1780,7692.76928103
1781,7703.43613514
1782,7716.69289853
1783,7719.00637492
1784,7724.51122193
1785,7729.45570551
1786,7741.72829855
1787,7752.70124848
1788,7765.05667071
1789,7773.64064675
1790,7776.72030923
1791,7778.04750125
1792,7786.26262722
1793,7792.49248849
1794,7805.718817
1795,7809.63541832
1796,7816.41000969
1797,7823.6455136
1798,7828.70909634
1799,7836.02563139
1800,7846.33006587
1801,7855.52866373
1802,7866.06444937
1803,7866.67854413
1804,7879.01765048
1805,7887.81447417
1806,7891.68430956
1807,7899.03417421
1808,7904.40908297
1809,7906.75530725
1810,7912.77238085
1811,7914.09746228
1812,7932.6853946
1813,7935.85907172
1814,7943.46103715
1815,7959.38634933
1816,7964.62522999
1817,7965.55334406
1818,7971.17592208
1819,7977.27760067
1820,7988.04350116
1821,7996.09096689
1822,8004.76578993
1823,8014.79119613
1824,8022.01664857
1825,8033.53240349
1826,8051.59852662
1827,8058.86567727
1828,8062.5347924
1829,8071.69477037
1830,8077.28517937
1831,8089.76696517
1832,8098.66828409
1833,8110.36681966
1834,8111.4963202
1835,8121.90446967
1836,8126.01213457
1837,8144.87496983
1838,8145.72545593
1839,8154.23498596
1840,8162.69887264
1841,8164.57043467
1842,8179.10599549
1843,8184.36401359
1844,8189.77610335
1845,8203.30343714
1846,8207.54166513
1847,8209.58600364
1848,8222.96498151
1849,8227.36301787
1850,8240.5023891
1851,8253.87751575
1852,8259.27905475
1853,8273.17208976
1854,8278.63844225
1855,8280.66613337
1856,8293.19747662
1857,8304.76754084
1858,8315.49733213
1859,8325.56445593
1860,8337.40289606
1861,8344.54002164
1862,8353.73022933
1863,8363.46534786
1864,8370.69170832
1865,8387.47080185
1866,8394.74292946
1867,8397.20516132
1868,8410.78000078
1869,8420.9191558
1870,8428.19740545
1871,8430.47097787
1872,8440.92709134
1873,8453.03096821
1874,8466.30989359
1875,8473.63663479
1876,8476.33144735
1877,8499.32768933
1878,8512.68563508
1879,8521.56246108
1880,8534.74084073
1881,8539.98216365
1882,8550.92680042
1883,8564.05729954
1884,8566.95706212
1885,8578.32408892
1886,8587.76913943
1887,8595.68167087
1888,8603.07707765
1889,8611.82104732
1890,8618.90566161
1891,8625.96247073
1892,8632.23055414
1893,8637.36085539
1894,8650.20031725
1895,8656.39656281
1896,8656.80598453
1897,8672.94384162
1898,8680.6201482
1899,8701.64327681
1900,8709.26344436
1901,8716.02200327
1902,8730.54437272
1903,8740.85062503
1904,8746.07540915
1905,8755.46393756
1906,8772.63542533
1907,8775.40575857
1908,8783.48729015
1909,8785.35515419
1910,8805.3578891
1911,8807.98208525
1912,8818.13252227
1913,8833.71087556
1914,8843.8656466
1915,8850.67836527
1916,8854.90837495
1917,8860.71743444
1918,8878.74236811
1919,8882.37983631
1920,8893.56721844
1921,8898.05557516
1922,8910.05764918
1923,8925.7684435
1924,8932.08016799
1925,8936.44469835
1926,8944.02679245
1927,8960.89521733
1928,8969.07595104
1929,8984.97047642
1930,8993.82383532
1931,8998.57820457
1932,9012.14227125
1933,9016.19414918
1934,9024.28015048
1935,9036.59466217
1936,9041.64547854
1937,9052.61041248
1938,9062.82423342
1939,9069.01024104
1940,9080.64413481
1941,9097.88154879
1942,9105.45161823
1943,9108.33339947
1944,9127.44247193
1945,9132.35832942
1946,9136.75678238
1947,9145.8203238
1948,9148.55453998
1949,9170.42246901
1950,9174.36392544
1951,9188.86849497
1952,9195.88987409
1953,9198.49949152
1954,9213.24089209
1955,9224.97106544
1956,9228.37722799
1957,9241.05690965
1958,9245.02513251
1959,9256.86354117
1960,9264.12698939
1961,9276.16704201
1962,9293.28465886
1963,9294.60891521
1964,9303.25007849
1965,9308.51328998
1966,9315.43252137
1967,9330.67955344
1968,9335.55256581
1969,9343.91107873
1970,9345.89628725
1971,9362.93641749
1972,9367.73383218
1973,9379.27595508
1974,9384.05422411
1975,9390.37937153
1976,9403.99931227
1977,9413.83707996
1978,9419.82606174
1979,9429.97804649
1980,9437.4377232
1981,9448.01355254
1982,9453.17255898
1983,9460.38430733
1984,9468.23806638
1985,9484.01310625
1986,9484.65414253
1987,9499.51834216
1988,9517.84379671
1989,9523.84600527
1990,9526.26526249
1991,9542.88780899
1992,9545.9232116
1993,9547.53493823
1994,9563.72759803
1995,9565.88500232
1996,9581.78673098
1997,9591.43436612
1998,9603.46288353
1999,9607.42570836
2000,9623.28968168
2001,9635.84672759
2002,9637.37346794
2003,9639.57659316
2004,9647.27054339
2005,9650.95072822
2006,9654.43726923
2007,9667.31274356
2008,9671.07601753
2009,9686.15845301
2010,9691.35589047
2011,9692.83846666
2012,9699.19576536
2013,9711.89013059
2014,9721.88048016
2015,9724.40739463
2016,9738.32362176
2017,9742.80174324
2018,9752.05995389
2019,9758.42141458
2020,9759.16845351
2021,9764.50693487
2022,9776.52682534
2023,9791.15817947
2024,9797.25419652
2025,9808.63012243
2026,9813.18307841
2027,9825.82201695
2028,9832.78204963
2029,9842.78754524
2030,9847.77480141
2031,9853.31825501
2032,9861.22757311
2033,9875.23492342
2034,9883.26660037
2035,9895.24830228
2036,9899.78149836
2037,9901.63209859
2038,9913.04125138
2039,9926.68451099
2040,9935.51931285
2041,9939.93789591
2042,9942.90597004
2043,9949.71103859
2044,9955.93920692
2045,9967.13347813
2046,9973.68243156
2047,9979.87417989
2048,9981.9874492
2049,9989.78104791
2050,10003.0686588
2051,10010.7148473
2052,10015.059424
2053,10019.7002618
2054,10028.2578702
2055,10033.6145866
2056,10036.7913984
2057,10042.0916473
2058,10045.4557393
2059,10049.9757089
2060,10059.5185083
2061,10062.8258167
2062,10075.020102
2063,10080.9440262
2064,10084.9375207
2065,10093.6498017
2066,10095.4473067
2067,10103.8953738
2068,10115.7436784
2069,10120.1667288
2070,10123.4904775
2071,10132.5846089
2072,10139.8080032
2073,10143.9630678
2074,10149.4601519
2075,10152.3821535
2076,10159.1233531
2077,10169.756591
2078,10173.7339143
2079,10186.4103748
2080,10198.8123192
2081,10204.3564237
2082,10205.541487
2083,10218.4914086
2084,10227.5576007
2085,10230.826417
2086,10235.6954477
2087,10249.2254863
2088,10255.6606063
2089,10262.2317522
2090,10268.8524047
2091,10277.6101003
2092,10281.1607224
2093,10289.2965838
2094,10289.5275491
2095,10292.6605887
2096,10297.5195579
2097,10298.5404718
2098,10308.2148489
2099,10311.5941249
2100,10319.2693224
2101,10323.854544
2102,10327.2529429
2103,10329.7573144
2104,10333.9451072
2105,10342.977973
2106,10343.7395976
2107,10348.519709
2108,10352.0533349
2109,10359.4813527
2110,10366.3186227
2111,10372.5973974
2112,10376.978396
2113,10382.9050163
2114,10386.7080321
2115,10391.8110172
2116,10397.0972913
2117,10400.1384187
2118,10403.9788571
2119,10406.3735305
2120,10409.501934
2121,10410.7761364
2122,10420.9694013
2123,10425.3872237
2124,10430.3729986
2125,10434.5451536
2126,10436.7503189
2127,10439.8616798
2128,10445.517144
2129,10450.7940197
2130,10461.8430394
2131,10469.0987269
2132,10484.2222103
2133,10489.2088242
2134,10493.9940977
2135,10494.7039547
2136,10510.7632909
2137,10511.2939149
2138,10521.6269372
2139,10522.7329346
2140,10530.8905248
2141,10538.0127573
2142,10540.1964975
2143,10545.3823975
2144,10550.915195
2145,10555.0816797
2146,10567.9161153
2147,10577.5230927
2148,10583.4144764
2149,10593.6940107
2150,10597.8293656
2151,10602.038411
2152,10612.9931204
2153,10617.215707
2154,10623.0307128
2155,10631.6178504
2156,10636.7777268
2157,10639.0176114
2158,10655.1057336
2159,10661.4476329
2160,10666.2388639
2161,10672.5529092
2162,10675.6661136
2163,10681.5949088
2164,10692.0394149
2165,10704.4078162
2166,10707.6233497
2167,10713.6455458
2168,10717.0001894
2169,10724.6595246
2170,10732.5001456
2171,10736.6857154
2172,10742.5315324
2173,10750.0692382
2174,10753.6358926
2175,10761.9106384
2176,10769.8840191
2177,10776.279227
2178,10784.4313434
2179,10790.1746241
2180,10797.1885835
2181,10805.7810996
2182,10811.3621497
2183,10814.3803854
2184,10821.9049321
2185,10831.8811724
2186,10841.0472819
2187,10848.8407566
2188,10852.3428867
2189,10858.2367703
2190,10865.4571819
2191,10872.5116552
2192,10881.9095811
2193,10891.0319061
2194,10894.275635
2195,10903.5773258
2196,10913.3221115
2197,10918.6530394
2198,10922.0541945
2199,10928.7837253
2200,10935.1769819
2201,10939.3610144
2202,10947.5621013
2203,10950.062914
2204,10957.7115462
2205,10961.7263581
2206,10964.3348064
2207,10972.7495082
2208,10984.2730629
2209,10994.7472614
2210,10999.1139115
2211,11005.3227663
2212,11008.6474626
2213,11014.2045118
2214,11021.3264653
2215,11030.163163
2216,11032.3377659
2217,11039.9299949
2218,11049.0536602
2219,11054.2390615
2220,11063.5847505
2221,11068.1320289
2222,11074.8134618
2223,11085.4937003
2224,11088.2241744
2225,11096.4711477
2226,11102.0767663
2227,11107.0117669
2228,11112.6360001
2229,11116.5181358
2230,11124.6924778
2231,11127.4633712
2232,11132.7141832
2233,11143.2689071
2234,11146.7558326
2235,11148.9647956
2236,11153.6035616
2237,11154.9227042
2238,11165.6740025
2239,11167.9246065
2240,11172.4278493
2241,11181.4817035
2242,11185.4550058
2243,11186.2846585
2244,11198.3484487
2245,11205.6870204
2246,11215.6011398
2247,11220.2077716
2248,11222.3199634
2249,11235.8208434
2250,11240.8688796
2251,11249.8533627
2252,11257.5887638
2253,11266.1450197
2254,11270.0892448
2255,11275.8548517
2256,11281.8473948
2257,11291.4700703
2258,11298.4725752
2259,11309.2478579
2260,11323.0750143
2261,11323.9558553
2262,11333.6700547
2263,11340.2558484
2264,11348.0765574
2265,11353.290946
2266,11357.1324478
2267,11363.1268901
2268,11375.0696793
2269,11377.7901864
2270,11384.1948773
2271,11403.8085449
2272,11410.5165223
2273,11413.0330076
2274,11423.9272909
2275,11425.2407431
2276,11439.1873218
2277,11442.841534
2278,11443.2418844
2279,11450.6462445
2280,11452.7832138
2281,11465.1375841
2282,11467.8992699
2283,11479.5356818
2284,11486.0056985
2285,11497.8992537
2286,11504.7057702
2287,11511.5105626
2288,11518.2157673
2289,11528.5012823
2290,11537.6012169
2291,11540.2820457
2292,11549.2350972
2293,11555.9462173
2294,11570.2114873
2295,11577.0532404
2296,11581.221219
2297,11589.3298848
2298,11590.8689328
2299,11603.6947809
2300,11606.9801334
2301,11611.4169539
2302,11617.8572001
2303,11627.7266133
2304,11639.1211336
2305,11643.6781743
2306,11652.1696749
2307,11660.311765
2308,11660.9279022
2309,11663.5576913
2310,11675.2464016
2311,11682.7821365
2312,11697.3663314
2313,11705.4063708
2314,11711.6751772
2315,11723.4258327
2316,11726.2889719
2317,11731.4184409
2318,11747.0701328
2319,11757.5044719
2320,11763.8079581
2321,11771.0601946
2322,11775.0825412
2323,11787.3634121
2324,11789.5540915
2325,11805.9855737
2326,11810.2389002
2327,11816.0682769
2328,11823.6327193
2329,11829.8884445
2330,11832.5039664
2331,11848.9613972
2332,11852.1423069
2333,11852.7900256
2334,11863.7415861
2335,11870.4905904
2336,11881.8732279
2337,11884.3904649
2338,11893.5771519
2339,11899.6201069
2340,11914.1521181
2341,11918.9724707
2342,11922.1346094
2343,11924.7399908
2344,11930.6040288
2345,11942.4791545
2346,11955.219281
2347,11961.8676946
2348,11968.7804939
2349,11975.754348
2350,11986.8991649
2351,11996.0381728
2352,12000.1378249
2353,12005.3074349
2354,12015.7248232
2355,12024.9151616
2356,12028.3241751
2357,12043.6729672
2358,12053.8140227
2359,12065.8902152
2360,12075.6130511
2361,12076.2106256
2362,12083.704921
2363,12089.2749276
2364,12101.7759902
2365,12108.1116707
2366,12114.6409758
2367,12116.1090597
2368,12121.7312432
2369,12129.2701597
2370,12134.0862124
2371,12141.7222919
2372,12156.7155243
2373,12168.7285251
2374,12172.8064039
2375,12177.2336531
2376,12185.4453341
2377,12199.4129564
2378,12209.729323
2379,12217.8650445
2380,12226.5589938
2381,12232.5372141
2382,12240.1128502
2383,12247.5031951
2384,12264.4810886
2385,12272.5048536
2386,12281.0379557
2387,12285.0120621
2388,12304.8034011
2389,12315.3693009
2390,12317.3146958
2391,12325.2371675
2392,12331.0336515
2393,12339.1102711
2394,12342.4274878
2395,12362.9746611
2396,12368.0028319
2397,12372.6454102
2398,12386.2005548
2399,12394.8884816
2400,12404.4325809
2401,12406.5106441
2402,12427.036195
2403,12434.0554745
2404,12438.2757962
2405,12460.7547784
2406,12462.4707278
2407,12467.3810806
2408,12481.8534409
2409,12493.7532367
2410,12497.8013449
2411,12504.8688959
2412,12510.5325774
2413,12520.8697323
2414,12528.3433228
2415,12536.3653908
2416,12538.4870874
2417,12549.7338861
2418,12553.6759657
2419,12567.8087341
2420,12574.1800232
2421,12587.0205004
2422,12607.0995989
2423,12614.1342128
2424,12619.6933978
2425,12627.763275
2426,12633.1333931
2427,12647.6504088
2428,12653.2997681
2429,12662.2476133
2430,12671.317366
2431,12689.5757455
2432,12697.8156132
2433,12704.7872088
2434,12710.8504809
2435,12733.8444768
2436,12746.6892804
2437,12758.8268982
2438,12759.3520424
2439,12773.0035378
2440,12783.3370915
2441,12785.6024158
2442,12810.0584044
2443,12813.0326692
2444,12819.9748873
2445,12825.3510893
2446,12834.7825748
2447,12838.9977519
2448,12854.7875793
2449,12866.6532708
2450,12873.3726983
2451,12883.0423724
2452,12895.298599
2453,12902.0377265
2454,12916.9723394
2455,12922.1794223
2456,12930.8182027
2457,12942.1752949
2458,12949.110826
2459,12969.9155938
2460,12981.6812147
2461,12983.5522686
2462,13001.1417052
2463,13007.72511
2464,13024.4789776
2465,13036.5692146
2466,13046.812626
2467,13061.3791778
2468,13066.3833883
2469,13080.7200944
2470,13091.1068744
2471,13101.6914661
2472,13116.742893
2473,13125.0944195
2474,13130.1852047
2475,13141.6604464
2476,13160.2135523
2477,13166.1588773
2478,13189.5219797
2479,13196.173206
2480,13204.7565337
2481,13221.5848621
2482,13224.4709386
2483,13227.9328854
2484,13239.578894
2485,13249.2083282
2486,13257.5183031
2487,13259.2784873
2488,13271.5584375
2489,13306.8389371
2490,13323.9410297
2491,13325.8320238
2492,13336.2920528
2493,13361.5822574
2494,13370.3281462
2495,13374.7564428
2496,13383.1073631
2497,13409.2360296
2498,13419.6936468
2499,13424.8213767
2500,13429.1990559
2501,13457.2964313
2502,13474.1414813
2503,13477.8076895
2504,13490.1673527
2505,13507.609764
2506,13514.1510821
2507,13524.7736979
2508,13531.8154012
2509,13541.7688605
2510,13550.4534032
2511,13561.4678892
2512,13573.1819264
2513,13592.1141071
2514,13602.256499
2515,13606.219507
2516,13615.9925131
2517,13638.4353569
2518,13643.38579
2519,13644.9866399
2520,13648.0581782
2521,13670.9743952
2522,13682.7658077
2523,13688.3112914
2524,13708.5053265
2525,13711.4847393
2526,13749.6602527
2527,13759.5027655
2528,13774.497783
2529,13784.5015379
2530,13790.5298572
2531,13813.6949323
2532,13834.954921
2533,13837.5900114
2534,13844.8963595
2535,13887.9428112
2536,13902.6639848
2537,13916.2010344
2538,13923.9179707
2539,13930.7715481
2540,13942.0428005
2541,13960.021848
2542,13970.5458903
2543,13976.0580189
2544,13998.249416
2545,14008.771038
2546,14021.3329172
2547,14041.8796252
2548,14057.8659251
2549,14072.7367484
2550,14086.6138605
2551,14103.8275534
2552,14110.6882039
2553,14134.2056871
2554,14140.2886732
2555,14184.1099205
2556,14192.7938979
2557,14211.7718779
2558,14223.3508493
2559,14235.2376032
2560,14263.2870772
2561,14274.9329151
2562,14290.4621022
2563,14310.8151394
2564,14317.1018764
2565,14330.4826438
2566,14361.714364
2567,14374.5151226
2568,14378.5328679
2569,14391.0944246
2570,14397.4959934
2571,14410.1106345
2572,14433.3794868
2573,14458.8153495
2574,14462.5565567
2575,14501.3205088
2576,14509.6564349
2577,14545.3519186
2578,14557.8097968
2579,14561.2095092
2580,14581.4933228
2581,14671.0600144
2582,14671.4689541
2583,14676.3766486
2584,14696.153166
2585,14741.4134943
2586,14764.0237642
2587,14788.5125722
2588,14793.7131268
2589,14803.0464873
2590,14846.1737825
2591,14873.5664738
2592,14903.1419922
2593,14924.5281275
2594,14934.5928926
2595,14957.3415607
2596,14964.8978822
2597,14995.5419417
2598,15008.6905485
2599,15027.2665146
2600,15035.4506921
2601,15062.5460037
2602,15098.4540191
2603,15137.5994605
2604,15170.2379398
2605,15215.3301187
2606,15235.9957381
2607,15287.2897632
2608,15323.8515558
2609,15335.7990574
2610,15366.7064471
2611,15408.9376064
2612,15419.0761
2613,15422.7822307
2614,15446.2014997
2615,15448.9687741
2616,15484.8219713
2617,15509.8809812
2618,15529.3302535
2619,15557.2502584
2620,15576.9944009
2621,15586.3444964
2622,15643.1775763
2623,15666.5358458
2624,15708.055866
2625,15720.0102418
2626,15745.7487763
2627,15775.9402236
2628,15802.2447663
2629,15822.0197125
2630,15858.4864577
2631,15932.4254011
2632,16065.5499693
2633,16082.941894
2634,16188.4898645
2635,16240.6136973
2636,16356.5272417
2637,16389.9746957
2638,16398.8558623
2639,16434.7907755
2640,16452.6119871
2641,16476.5548138
2642,16524.4747962
2643,16534.797079
2644,16671.3950323
2645,16720.9051646
2646,16756.2402136
2647,16797.7875521
2648,16824.059163
2649,16852.4590407
2650,16923.2072367
2651,16949.641434
2652,17001.740921
2653,17129.7616404
2654,17280.9952122
2655,17302.9571308
2656,17423.875949
2657,17506.6658861
2658,17712.209241
2659,17755.3727862
2660,17894.906107
2661,18013.3455719
2662,18522.6529842
2663,18572.1014371
