# Domain: ellipse_minus_quadrant (DST, paper eigenvalues-head run, dense eig full spectrum)
# Resolution M = 103, dofs = 3136
# Computation time: 0.8146 s
n,lambda_n
1,5.75488116355
2,11.3243694437
3,14.848023605
4,15.5358535102
5,20.7371946027
6,26.5145306184
7,27.051815203
8,29.190545577
9,34.1070656684
10,40.5849470619
11,41.4167592445
12,43.7590105126
13,45.9378741238
14,49.0447788716
15,51.4325667775
16,56.6496633194
17,60.2970695471
18,62.5767209492
19,65.0076590333
20,66.2679192914
21,71.7822956843
22,72.9147516155
23,76.2289663238
24,83.2398021617
25,83.8947792491
26,87.2358181732
27,89.5525507226
28,90.3680698963
29,95.9918266146
30,98.6295176823
31,99.9315366794
32,101.697773368
33,109.026675985
34,110.307759466
35,112.069729477
36,112.91911592
37,118.482274725
38,119.555117883
39,125.580869627
40,125.961306152
41,129.324444675
42,133.686046421
43,136.748716512
44,140.571594178
45,140.927562568
46,141.188741383
47,146.149253138
48,151.711329769
49,152.792343567
50,156.660469607
51,158.695478595
52,163.138075793
53,164.874680487
54,168.512815659
55,172.686013187
56,173.835800833
57,175.189130841
58,175.688261904
59,177.446954919
60,183.16991362
61,186.715838942
62,188.3283572
63,192.363293929
64,194.740692957
65,199.922452113
66,201.666521467
67,204.41124038
68,210.157872766
69,211.904077615
70,214.057721903
71,214.095134177
72,215.015997205
73,218.177561676
74,219.399677474
75,227.62815997
76,228.556208357
77,231.961218708
78,237.078952712
79,237.544998584
80,242.895815925
81,246.083079696
82,249.864632894
83,252.089115796
84,254.76429428
85,255.754331725
86,257.4052394
87,258.010778295
88,258.829640036
89,264.433817684
90,265.043535942
91,272.430479287
92,274.254138153
93,275.386109907
94,277.912757136
95,280.77263751
96,287.928061936
97,288.466186697
98,294.188063264
99,297.004634043
100,297.879114848
101,298.774529901
102,302.64553392
103,303.601064784
104,305.51476636
105,307.525394017
106,314.477711741
107,315.084358622
108,318.40492832
109,319.998145932
110,321.442930631
111,325.77576567
112,328.449106839
113,336.637594681
114,337.166649214
115,340.989362678
116,344.348696062
117,344.544916862
118,347.054510668
119,350.671075505
120,353.482579844
121,354.083713306
122,358.675896064
123,359.761429594
124,361.981805778
125,367.12417678
126,370.589714053
127,370.873930933
128,371.62252073
129,374.425354937
130,377.934604504
131,383.342459989
132,385.195261966
133,388.863001574
134,392.385985481
135,394.597306859
136,396.958950832
137,398.631342468
138,400.958842572
139,404.545154747
140,406.55083686
141,408.755974148
142,408.777214482
143,416.44345611
144,420.031833085
145,420.186666937
146,423.928678077
147,426.268151131
148,430.526988527
149,431.327230655
150,435.06440095
151,436.364103228
152,439.457403337
153,444.808748341
154,447.201400033
155,450.556385441
156,453.366438845
157,454.065375296
158,457.257645801
159,457.667155412
160,460.428318406
161,462.788183771
162,464.408065947
163,470.167957893
164,477.15533707
165,478.969511896
166,481.661868453
167,482.495654328
168,484.401073155
169,487.076630624
170,487.601373608
171,495.537544451
172,498.134204752
173,498.697608732
174,503.636866468
175,504.473324564
176,508.172733055
177,511.007955831
178,511.455161035
179,514.175359047
180,515.247303062
181,516.60289914
182,521.369517114
183,522.346126521
184,524.06936471
185,526.313223282
186,535.361721139
187,535.934908336
188,540.840552102
189,542.003706614
190,544.32852931
191,544.677493519
192,546.886276773
193,552.349494724
194,556.41123494
195,563.937949454
196,566.064891362
197,567.408269185
198,568.082766546
199,572.665809684
200,574.267483225
201,574.512309388
202,575.008593829
203,576.845938483
204,579.58896295
205,583.790891365
206,588.81117339
207,589.333963808
208,590.924576685
209,594.2695923
210,594.612507232
211,605.808333192
212,606.246313849
213,607.503375392
214,609.736313934
215,610.317101567
216,613.791314243
217,622.608639822
218,622.87912359
219,625.271615748
220,631.095686572
221,633.238465647
222,637.071456053
223,637.845927009
224,639.393305702
225,642.530963858
226,642.647025409
227,645.304714392
228,646.538514159
229,652.025632756
230,652.530751998
231,656.006232376
232,656.419601733
233,658.362929422
234,660.940866792
235,664.064015761
236,668.577502318
237,672.725087229
238,675.972842717
239,678.602230688
240,679.986789716
241,682.866877507
242,685.002233021
243,686.382265884
244,689.272829246
245,695.138630397
246,701.23983818
247,703.094919073
248,705.290261679
249,709.610673154
250,710.728750389
251,711.330295718
252,712.794032099
253,713.509046125
254,717.737353175
255,722.361748261
256,725.127318817
257,727.208828207
258,729.491578045
259,731.801390345
260,733.191007563
261,734.681652389
262,738.743525651
263,743.812776884
264,747.104241194
265,749.152613815
266,751.902844717
267,752.903452672
268,754.459933863
269,758.579710482
270,761.809325973
271,765.675893993
272,766.657860481
273,775.960170719
274,779.947330079
275,780.428427485
276,782.236357338
277,782.550114697
278,784.516743116
279,787.382423603
280,788.364522443
281,789.476685161
282,792.023742784
283,795.233941403
284,802.478044545
285,805.188388648
286,807.234028444
287,812.016441217
288,812.467676402
289,813.116177728
290,816.458774741
291,819.024731033
292,821.306500427
293,821.873515287
294,824.401530079
295,829.670394909
296,831.778987726
297,834.365324497
298,836.511183232
299,841.749744024
300,845.518523547
301,850.608942009
302,850.814567704
303,851.900544151
304,855.284507476
305,860.400773462
306,860.552659695
307,863.207835209
308,864.224827841
309,864.835523772
310,868.967678607
311,870.745246576
312,871.811367055
313,878.590977497
314,881.550258674
315,884.1631245
316,885.193088677
317,888.034160652
318,893.705909059
319,894.708299596
320,899.610620305
321,900.20451546
322,900.499970013
323,903.258197302
324,908.757032225
325,911.440843867
326,913.59787603
327,920.999039651
328,921.884413023
329,923.304261922
330,925.962160991
331,927.611710124
332,931.646990753
333,935.440611716
334,938.518622832
335,938.602443561
336,943.785026725
337,944.038208992
338,945.956802673
339,947.831463718
340,951.914302548
341,954.304797063
342,956.755315323
343,958.898982385
344,959.978391124
345,963.542191398
346,966.283903998
347,968.921020753
348,974.607103132
349,978.944148791
350,980.626643793
351,981.308372212
352,982.963504222
353,985.818637252
354,990.609877263
355,994.575487231
356,995.484053348
357,999.049783312
358,1000.46539448
359,1004.00966551
360,1009.6026506
361,1010.46556627
362,1014.72131933
363,1016.71945095
364,1016.78262088
365,1019.07361487
366,1020.94063111
367,1026.43507916
368,1027.00225542
369,1028.13244505
370,1031.76706032
371,1034.03555872
372,1038.03271992
373,1039.58107291
374,1042.82640812
375,1043.42965179
376,1045.45308011
377,1045.65282169
378,1050.17926674
379,1053.26813814
380,1059.99266074
381,1062.47751891
382,1064.31846125
383,1068.12119516
384,1070.49125029
385,1073.40211302
386,1075.02151624
387,1075.90525179
388,1078.13313232
389,1079.80327388
390,1084.6523182
391,1090.76928413
392,1092.25976231
393,1100.10163084
394,1101.88752234
395,1104.98135878
396,1107.44017306
397,1109.65236667
398,1110.64215835
399,1112.24382153
400,1113.03291316
401,1115.23821378
402,1117.01427565
403,1118.19739187
404,1121.65569421
405,1125.29603211
406,1126.10441213
407,1130.06711251
408,1133.06640562
409,1133.62102686
410,1138.10844087
411,1144.99287972
412,1145.44824
413,1148.38694056
414,1154.29780225
415,1155.18469583
416,1157.74346598
417,1160.85655548
418,1162.7958474
419,1166.13284999
420,1166.50053339
421,1168.88505636
422,1169.73847007
423,1171.67729475
424,1176.81466228
425,1181.99939195
426,1190.67757935
427,1192.37678095
428,1193.00699929
429,1196.70956905
430,1198.69660051
431,1199.77896435
432,1200.92280019
433,1203.86338353
434,1206.47969757
435,1206.57457016
436,1208.88246107
437,1213.71088161
438,1214.76802259
439,1215.85955387
440,1218.67608714
441,1223.37787416
442,1224.18507277
443,1225.06698321
444,1226.84675709
445,1230.70417997
446,1237.29800406
447,1240.29642279
448,1242.0823267
449,1245.30304929
450,1248.03299535
451,1248.08897547
452,1254.32296803
453,1255.64695548
454,1258.89014081
455,1259.80430016
456,1263.29758146
457,1264.0833729
458,1266.37559575
459,1274.85940675
460,1275.6484306
461,1277.51552101
462,1282.0823514
463,1283.97813485
464,1286.98169528
465,1288.83247844
466,1293.31706865
467,1296.8665483
468,1296.89452729
469,1300.35728036
470,1300.96243768
471,1303.22188397
472,1303.73414811
473,1307.40454341
474,1309.16320547
475,1315.41487936
476,1315.84527707
477,1322.11582417
478,1322.72676657
479,1324.02722036
480,1324.08760109
481,1329.05767391
482,1329.35126505
483,1332.44133284
484,1336.14117506
485,1340.64219944
486,1342.87586495
487,1346.19617823
488,1349.00481484
489,1352.19489169
490,1356.18952753
491,1359.0336554
492,1360.85446627
493,1364.26444893
494,1364.37433468
495,1366.8924858
496,1370.36656485
497,1376.60765178
498,1380.37040132
499,1384.23355366
500,1386.34726969
501,1388.11454463
502,1388.51290918
503,1390.46207469
504,1393.71867353
505,1397.52645612
506,1401.49327021
507,1403.86471115
508,1405.92332135
509,1407.06848186
510,1407.29748599
511,1408.76978702
512,1412.24943404
513,1416.64306485
514,1418.69473826
515,1419.89035814
516,1423.22036951
517,1423.3914886
518,1426.8647006
519,1433.82296089
520,1437.86528885
521,1439.92835553
522,1441.01670539
523,1445.93057697
524,1446.28031886
525,1446.89279555
526,1449.04875194
527,1449.28286118
528,1455.24100773
529,1458.20687488
530,1458.2903733
531,1464.70481599
532,1464.76706533
533,1468.84421172
534,1471.84854777
535,1475.20335996
536,1477.96549852
537,1483.80303833
538,1485.15391834
539,1487.62193364
540,1488.48396468
541,1492.43434123
542,1497.22749744
543,1499.13200847
544,1501.47925117
545,1503.87432787
546,1506.44076439
547,1506.87090852
548,1508.59722055
549,1511.5543982
550,1512.8810955
551,1513.22406504
552,1519.68762913
553,1521.46680283
554,1524.64723658
555,1525.99955611
556,1526.99670826
557,1535.20093054
558,1535.5104889
559,1537.21569318
560,1539.60606267
561,1545.09749128
562,1549.40921893
563,1552.00445784
564,1555.58256565
565,1556.81375299
566,1557.51406327
567,1559.33345805
568,1561.45652409
569,1564.9324089
570,1567.10828445
571,1568.96492516
572,1574.27052205
573,1576.33121294
574,1581.22320412
575,1584.42834685
576,1585.56345559
577,1590.24408547
578,1591.62688442
579,1599.0479563
580,1599.83632937
581,1601.33835636
582,1601.68263164
583,1602.68058974
584,1607.34020382
585,1608.15080935
586,1612.70429298
587,1615.06513854
588,1615.21625873
589,1620.02041862
590,1622.58214337
591,1627.27009251
592,1627.94655717
593,1629.18096984
594,1631.3961726
595,1636.72384062
596,1639.70387526
597,1641.85555363
598,1642.05422436
599,1644.58512426
600,1648.01705242
601,1653.90709719
602,1655.8202218
603,1656.87662062
604,1662.28865843
605,1664.36143181
606,1667.28619572
607,1671.03461974
608,1674.51679292
609,1674.82976979
610,1675.68436595
611,1680.61187649
612,1681.73438545
613,1685.8052222
614,1687.8071963
615,1691.35562845
616,1694.62099968
617,1696.23383369
618,1698.01175865
619,1698.28357349
620,1703.82697985
621,1706.80230888
622,1708.37924258
623,1709.53375891
624,1710.56905037
625,1716.7600596
626,1718.41268086
627,1719.52051997
628,1725.30741101
629,1728.03010097
630,1729.26615335
631,1729.83965477
632,1732.82321331
633,1735.10231789
634,1738.81056437
635,1739.28920126
636,1746.19262306
637,1746.60781221
638,1750.05036606
639,1750.89090686
640,1755.24822635
641,1755.6682073
642,1761.53085215
643,1763.19144392
644,1764.94298631
645,1765.98122871
646,1768.14356275
647,1772.06376748
648,1776.19480772
649,1780.02954246
650,1781.33852293
651,1781.72971229
652,1787.56209093
653,1788.61017114
654,1790.58213491
655,1797.30059678
656,1801.69463017
657,1803.12407417
658,1804.69249468
659,1810.42402636
660,1810.70652764
661,1812.63018941
662,1816.19645747
663,1818.93209315
664,1819.9003389
665,1822.69073725
666,1825.13341516
667,1825.594795
668,1828.51605883
669,1833.31941234
670,1834.5077208
671,1834.92813726
672,1839.9680731
673,1842.61956239
674,1843.38158727
675,1847.26824161
676,1851.86784151
677,1853.81108129
678,1856.43687988
679,1858.39192386
680,1860.50952818
681,1865.87617386
682,1867.41523332
683,1869.73839732
684,1872.90107542
685,1874.80886276
686,1879.53309096
687,1881.32245335
688,1884.40152947
689,1886.29854895
690,1887.78489321
691,1892.19371958
692,1898.29464599
693,1898.35723107
694,1899.77970652
695,1901.42263763
696,1902.77107998
697,1904.71221925
698,1910.79316512
699,1914.47036167
700,1916.76014591
701,1921.67228183
702,1925.39973085
703,1926.29027344
704,1930.36469848
705,1931.02883555
706,1935.53909784
707,1935.88756014
708,1941.51052107
709,1946.14173671
710,1946.59523094
711,1949.19919664
712,1950.30035502
713,1951.26011871
714,1952.96741898
715,1953.30454588
716,1954.89169144
717,1957.20339964
718,1961.0708738
719,1962.18257921
720,1964.20918541
721,1965.06389136
722,1969.27042207
723,1970.69044888
724,1977.41464171
725,1979.45650171
726,1983.96061971
727,1986.74770234
728,1990.56843503
729,1992.71641842
730,1992.90598395
731,1996.59669792
732,2000.768382
733,2001.33836765
734,2002.45266642
735,2005.97542439
736,2008.70516593
737,2013.00848657
738,2019.07174
739,2020.19529803
740,2020.25612487
741,2024.63461612
742,2026.04121956
743,2032.21602632
744,2033.70224665
745,2035.09350786
746,2040.12755055
747,2042.63232753
748,2043.68108121
749,2044.68974835
750,2049.98318155
751,2053.4017817
752,2057.30186394
753,2058.82096944
754,2060.52222209
755,2061.35362321
756,2065.30615009
757,2070.0482899
758,2073.417251
759,2073.84152244
760,2075.66170347
761,2076.57100929
762,2077.09112417
763,2079.77599906
764,2085.88076508
765,2089.36796464
766,2089.96747892
767,2090.36552067
768,2097.02480883
769,2099.94653376
770,2102.74517525
771,2105.96160436
772,2107.8672033
773,2108.44271318
774,2110.22802282
775,2111.7660777
776,2112.79641982
777,2115.80323258
778,2121.45702475
779,2122.17336496
780,2125.46396779
781,2131.29946263
782,2133.14780999
783,2137.62078566
784,2140.15409239
785,2140.46063526
786,2142.04873419
787,2146.70122721
788,2151.09550878
789,2155.06685963
790,2155.75478355
791,2160.24378309
792,2162.72861651
793,2167.66183519
794,2170.68800908
795,2171.9955818
796,2174.11462877
797,2176.15356885
798,2177.34277078
799,2181.00394214
800,2182.84425439
801,2183.93429093
802,2184.0013435
803,2185.03781876
804,2191.67912735
805,2195.5819944
806,2196.73902832
807,2198.85394275
808,2206.20593299
809,2207.19115685
810,2207.40097973
811,2209.22161106
812,2213.6441979
813,2218.76869421
814,2220.07744242
815,2223.22018416
816,2224.59030475
817,2225.71342373
818,2226.01852786
819,2230.96525582
820,2233.53951144
821,2236.45730054
822,2241.20628218
823,2241.68746593
824,2243.74661608
825,2246.878628
826,2249.36311764
827,2250.23616385
828,2250.94254329
829,2254.96712837
830,2258.59091723
831,2263.75870777
832,2264.51431738
833,2266.32426011
834,2267.71450845
835,2271.94611047
836,2278.35381859
837,2281.58619741
838,2282.15365081
839,2288.40761119
840,2290.57028427
841,2290.74750632
842,2291.57077009
843,2297.70129195
844,2300.80622006
845,2301.29359181
846,2303.16235515
847,2306.00547865
848,2306.58475185
849,2312.16940149
850,2312.74580104
851,2315.5491538
852,2319.77390943
853,2320.9505555
854,2322.89236285
855,2323.85479551
856,2328.47144113
857,2329.71812142
858,2333.40340966
859,2338.32620068
860,2340.71855324
861,2347.3596997
862,2347.62939763
863,2348.28179517
864,2349.71363909
865,2352.55978721
866,2354.17066548
867,2357.18231843
868,2357.46964614
869,2360.61953519
870,2363.17751815
871,2369.10036613
872,2371.51106228
873,2372.63401045
874,2375.80604144
875,2379.25322271
876,2382.32564692
877,2385.66847102
878,2388.35319558
879,2388.85632839
880,2390.37774062
881,2396.82388777
882,2398.05431593
883,2398.40457857
884,2403.0483648
885,2407.92792899
886,2409.07629908
887,2413.84909321
888,2413.97171158
889,2417.03032555
890,2422.68295849
891,2422.81162656
892,2428.45060482
893,2429.84646497
894,2430.95741469
895,2431.72832007
896,2433.2568998
897,2439.94533216
898,2442.03925956
899,2442.70651248
900,2447.63060786
901,2447.70667754
902,2452.30573233
903,2454.04380404
904,2457.49762393
905,2459.56467724
906,2459.66169334
907,2463.39942022
908,2469.96964985
909,2473.09419146
910,2475.08338262
911,2475.31757119
912,2477.80126183
913,2481.3390481
914,2481.55192383
915,2481.99778755
916,2486.26985231
917,2489.36276808
918,2496.63253327
919,2496.96975788
920,2497.42044028
921,2502.45258189
922,2505.24087246
923,2506.97014915
924,2514.83135917
925,2515.74469101
926,2518.23776863
927,2519.40983681
928,2520.46122732
929,2521.63242904
930,2528.36095786
931,2528.98761876
932,2531.29219113
933,2534.1492668
934,2534.37584258
935,2539.19577197
936,2540.2189456
937,2545.19943556
938,2545.93282025
939,2553.57314596
940,2554.88357927
941,2557.12942808
942,2560.45880773
943,2561.05742607
944,2563.50856176
945,2564.95000916
946,2568.40451254
947,2571.51339522
948,2572.70378864
949,2577.39855686
950,2578.12034521
951,2580.7526987
952,2585.69358419
953,2586.63752743
954,2587.29027733
955,2588.86510469
956,2591.54887214
957,2593.60231355
958,2593.83389344
959,2598.31163223
960,2600.82620212
961,2607.87200958
962,2608.09384091
963,2611.47447932
964,2614.69544901
965,2615.71276361
966,2618.03208526
967,2622.0071822
968,2625.74423717
969,2627.30055758
970,2629.56883034
971,2635.36270934
972,2636.84031737
973,2637.85177635
974,2639.62985408
975,2644.26302267
976,2646.69055079
977,2648.92128138
978,2653.15326341
979,2658.53734399
980,2659.15638932
981,2659.73042281
982,2664.30851117
983,2668.37898133
984,2669.31691339
985,2671.70945547
986,2676.09370425
987,2677.44755686
988,2679.3238086
989,2682.07407895
990,2683.45133109
991,2686.30420061
992,2688.63070216
993,2690.02218174
994,2695.19075231
995,2698.6081212
996,2700.53149655
997,2704.15015753
998,2706.05011186
999,2711.40113469
1000,2711.78448041
1001,2714.36366191
1002,2715.4560636
1003,2717.96651857
1004,2719.1744761
1005,2721.86328189
1006,2727.62237801
1007,2728.42939736
1008,2731.78561849
1009,2731.9946821
1010,2734.84986544
1011,2737.13977619
1012,2742.43829254
1013,2742.55894274
1014,2745.82236459
1015,2746.74660004
1016,2748.51067814
1017,2753.23649625
1018,2756.07554229
1019,2759.3915648
1020,2762.96908838
1021,2765.85958125
1022,2765.88616627
1023,2770.83582874
1024,2772.19579712
1025,2775.98976355
1026,2777.44569709
1027,2781.08621931
1028,2783.27229542
1029,2787.36910482
1030,2789.26095903
1031,2791.24814537
1032,2792.0523908
1033,2795.20194576
1034,2799.53427574
1035,2803.53921333
1036,2810.30396798
1037,2814.95503567
1038,2816.57632986
1039,2816.68383038
1040,2820.95470994
1041,2821.39183406
1042,2826.21300947
1043,2826.68193793
1044,2829.6237455
1045,2831.43961696
1046,2835.28920099
1047,2838.53539886
1048,2842.24950558
1049,2843.81869138
1050,2844.94932528
1051,2845.89536366
1052,2848.33333568
1053,2853.46139032
1054,2856.63791625
1055,2856.9842884
1056,2858.50350454
1057,2860.69156081
1058,2863.64533848
1059,2866.23714889
1060,2871.15445231
1061,2873.08939553
1062,2875.1671215
1063,2877.73042715
1064,2879.69971941
1065,2880.01038722
1066,2884.09929923
1067,2887.27357326
1068,2887.48017676
1069,2888.39422846
1070,2890.87333721
1071,2894.21999762
1072,2900.50346334
1073,2902.50717524
1074,2903.88919644
1075,2904.42119965
1076,2908.69654061
1077,2910.64528201
1078,2911.03178722
1079,2912.65500973
1080,2916.64241506
1081,2919.87185985
1082,2925.2191829
1083,2929.37177225
1084,2932.13523226
1085,2933.55393434
1086,2934.43382073
1087,2940.62121696
1088,2943.35610391
1089,2946.50787668
1090,2947.72322151
1091,2950.72376348
1092,2951.5751475
1093,2956.5559204
1094,2958.47711916
1095,2960.04914276
1096,2960.24668588
1097,2964.66576993
1098,2966.88965183
1099,2971.24749411
1100,2973.93267506
1101,2976.28964372
1102,2983.5920172
1103,2984.95316646
1104,2986.74033276
1105,2988.72921168
1106,2992.28796482
1107,2993.23869448
1108,2999.5160111
1109,2999.77932953
1110,3006.26079895
1111,3008.60218384
1112,3008.78721146
1113,3008.9659052
1114,3010.1552928
1115,3015.62066193
1116,3018.89325342
1117,3019.21613471
1118,3021.48086902
1119,3022.85259651
1120,3024.04804411
1121,3027.64992513
1122,3032.16726641
1123,3037.30636696
1124,3037.33702921
1125,3040.40326378
1126,3041.105888
1127,3045.35852404
1128,3048.9241475
1129,3050.96709571
1130,3054.95759744
1131,3058.14668844
1132,3059.36761735
1133,3062.24018648
1134,3063.39903909
1135,3064.29684738
1136,3065.90651704
1137,3073.49575931
1138,3075.69036584
1139,3080.17266948
1140,3081.0669885
1141,3084.38345357
1142,3087.80945385
1143,3087.8171522
1144,3091.34666227
1145,3093.32211739
1146,3094.25202072
1147,3099.14650961
1148,3100.52701417
1149,3102.96140983
1150,3104.18191884
1151,3114.29034031
1152,3115.06791571
1153,3115.96534137
1154,3117.28044391
1155,3121.1643193
1156,3123.09612812
1157,3124.25004794
1158,3129.2281021
1159,3130.02442372
1160,3135.791136
1161,3137.68729274
1162,3139.45642349
1163,3141.53017916
1164,3143.07082439
1165,3147.95413884
1166,3151.04292907
1167,3154.14594463
1168,3154.75342351
1169,3156.09015936
1170,3162.74834395
1171,3163.2022266
1172,3167.41844345
1173,3167.51668944
1174,3171.82857497
1175,3173.40262812
1176,3177.98641815
1177,3179.05560727
1178,3180.17258539
1179,3182.06259426
1180,3187.74680991
1181,3189.48032674
1182,3190.79125372
1183,3192.17520573
1184,3198.13165724
1185,3198.87184579
1186,3200.37094438
1187,3205.76956972
1188,3208.79726117
1189,3210.66500377
1190,3210.68453464
1191,3214.37674795
1192,3214.57439713
1193,3218.4507072
1194,3219.44895319
1195,3225.72641072
1196,3227.57668027
1197,3228.9201249
1198,3230.43330592
1199,3233.18475682
1200,3236.405013
1201,3241.47346305
1202,3242.81567355
1203,3243.37685426
1204,3246.95478245
1205,3249.85960938
1206,3250.5498194
1207,3252.51005101
1208,3258.76758237
1209,3260.75893273
1210,3263.12915598
1211,3265.84288379
1212,3269.20575702
1213,3272.72131537
1214,3273.72879921
1215,3276.22067139
1216,3280.32387356
1217,3286.46771827
1218,3286.58213268
1219,3289.26095052
1220,3293.14414338
1221,3295.14982753
1222,3296.03396327
1223,3298.63055215
1224,3301.88501286
1225,3304.17544319
1226,3306.97411543
1227,3308.24257151
1228,3311.38718783
1229,3313.28212848
1230,3316.64474142
1231,3319.25232095
1232,3321.30019946
1233,3322.62491357
1234,3324.62403304
1235,3330.41031101
1236,3335.5800874
1237,3340.8005944
1238,3341.37698577
1239,3345.39400137
1240,3346.74317835
1241,3347.66334437
1242,3348.24994847
1243,3351.84428273
1244,3356.02017585
1245,3357.26699019
1246,3357.47830623
1247,3358.26784068
1248,3360.5985476
1249,3365.41415127
1250,3367.677734
1251,3372.30450832
1252,3373.6736184
1253,3376.84639671
1254,3378.14402429
1255,3380.95706927
1256,3383.36944256
1257,3384.53557001
1258,3387.18274829
1259,3392.07694741
1260,3392.21090071
1261,3398.04189007
1262,3399.96569594
1263,3402.14788394
1264,3406.45666613
1265,3408.12450223
1266,3409.22818128
1267,3413.23459575
1268,3417.15006146
1269,3417.70383047
1270,3424.08022013
1271,3424.41086527
1272,3427.0275265
1273,3427.27620808
1274,3433.90802444
1275,3434.83533729
1276,3437.55729418
1277,3439.29024426
1278,3445.2234954
1279,3445.85970642
1280,3450.44415799
1281,3454.10805189
1282,3454.97169465
1283,3460.42363072
1284,3462.31543758
1285,3463.62922847
1286,3464.80456461
1287,3469.71156308
1288,3471.45388542
1289,3473.87824954
1290,3479.06188778
1291,3479.60113298
1292,3480.14206144
1293,3481.12302204
1294,3483.6383501
1295,3486.92895166
1296,3494.6674212
1297,3497.31331688
1298,3498.19469813
1299,3500.78360341
1300,3503.58797311
1301,3504.52234363
1302,3506.48716432
1303,3509.26083165
1304,3510.88504196
1305,3515.11420013
1306,3519.08912075
1307,3521.13180785
1308,3523.38916686
1309,3524.41079191
1310,3526.28599662
1311,3532.10245267
1312,3534.42123469
1313,3536.8300297
1314,3538.58435212
1315,3541.00106922
1316,3545.45122438
1317,3548.4782357
1318,3550.29605158
1319,3552.83081395
1320,3553.91875454
1321,3556.51220073
1322,3559.86923575
1323,3560.75574078
1324,3567.13810562
1325,3567.47338496
1326,3569.8414349
1327,3574.3954032
1328,3575.83268689
1329,3578.49251807
1330,3581.41515844
1331,3584.35758043
1332,3585.72186384
1333,3588.93590694
1334,3589.44538233
1335,3594.21520233
1336,3595.12998083
1337,3598.45467579
1338,3600.38426707
1339,3605.96034761
1340,3606.50869054
1341,3607.73387729
1342,3609.06922098
1343,3613.35358947
1344,3616.71698343
1345,3619.00086173
1346,3622.23644833
1347,3624.86093446
1348,3628.25791378
1349,3629.04406467
1350,3630.42176791
1351,3631.08414367
1352,3632.10192378
1353,3632.35621371
1354,3636.67986131
1355,3645.47044492
1356,3647.53532822
1357,3648.97146611
1358,3652.53695608
1359,3654.40276058
1360,3654.77210035
1361,3657.6669209
1362,3660.57353426
1363,3665.90777527
1364,3666.13514659
1365,3668.04974127
1366,3670.00221358
1367,3673.68920271
1368,3678.88378439
1369,3680.58455655
1370,3683.92828065
1371,3685.15665797
1372,3689.90788775
1373,3690.43014359
1374,3693.36244034
1375,3696.53651233
1376,3699.45221486
1377,3702.51743661
1378,3705.10588796
1379,3706.24955875
1380,3708.31396151
1381,3715.27430347
1382,3718.60525494
1383,3722.58833579
1384,3723.84995677
1385,3726.52377713
1386,3729.85465813
1387,3729.95462517
1388,3732.96534867
1389,3735.26344373
1390,3735.73655952
1391,3736.70273634
1392,3740.94813831
1393,3741.05923533
1394,3745.57947007
1395,3747.68452163
1396,3755.07899308
1397,3763.48261002
1398,3764.85520809
1399,3766.97723303
1400,3771.52067662
1401,3774.71508558
1402,3776.03765186
1403,3780.05414802
1404,3781.71409831
1405,3783.46443932
1406,3785.43620499
1407,3787.21369442
1408,3788.57244088
1409,3789.2305254
1410,3791.35124694
1411,3792.32179763
1412,3793.54910506
1413,3797.62804695
1414,3799.24483539
1415,3804.18615666
1416,3805.52658402
1417,3806.29014854
1418,3809.6448722
1419,3810.38219935
1420,3813.80772089
1421,3817.18864133
1422,3818.74151364
1423,3822.65501994
1424,3824.41520171
1425,3828.29676714
1426,3834.28262191
1427,3836.66565475
1428,3840.08086317
1429,3840.45661097
1430,3842.94877308
1431,3846.38679017
1432,3847.52530343
1433,3847.97550914
1434,3848.7451917
1435,3852.30860232
1436,3854.76749488
1437,3858.8546935
1438,3864.94002781
1439,3867.05644438
1440,3871.26002708
1441,3874.3984087
1442,3874.99021107
1443,3880.3485697
1444,3883.5857751
1445,3884.71343401
1446,3886.11420655
1447,3888.50028385
1448,3892.25235646
1449,3894.32056871
1450,3896.89301686
1451,3897.56206709
1452,3900.94657693
1453,3907.88155488
1454,3909.10281191
1455,3909.29876198
1456,3910.18463126
1457,3914.2275041
1458,3915.7348383
1459,3918.41338426
1460,3923.11263055
1461,3929.61370789
1462,3930.02064974
1463,3935.79882709
1464,3937.12323021
1465,3939.38371005
1466,3943.85395626
1467,3945.67884428
1468,3947.72601639
1469,3948.60246502
1470,3950.83330233
1471,3953.6557738
1472,3958.25495121
1473,3959.37539815
1474,3959.75699296
1475,3960.67999955
1476,3962.7663268
1477,3964.49788416
1478,3965.41776502
1479,3970.10779381
1480,3970.65474924
1481,3974.86402726
1482,3977.02576985
1483,3978.54952492
1484,3979.65183433
1485,3982.81721089
1486,3987.06368955
1487,3990.07567446
1488,3991.49309949
1489,3997.35505859
1490,4000.78451421
1491,4000.82615893
1492,4005.03450282
1493,4008.74987755
1494,4009.30735432
1495,4011.50275926
1496,4014.44698146
1497,4015.37503804
1498,4018.12886497
1499,4021.20139861
1500,4021.75145652
1501,4026.65227436
1502,4032.21667972
1503,4032.67427943
1504,4035.82449343
1505,4041.4035765
1506,4042.37406628
1507,4047.16309234
1508,4050.25842262
1509,4050.43928119
1510,4057.36610609
1511,4057.87542606
1512,4060.03113277
1513,4060.96201849
1514,4065.10305928
1515,4066.22112027
1516,4070.89670909
1517,4072.05755626
1518,4072.75779331
1519,4074.60736764
1520,4078.90182034
1521,4080.00057427
1522,4081.94042059
1523,4089.50174673
1524,4091.21672237
1525,4094.00152858
1526,4097.13908506
1527,4101.41253298
1528,4102.51952184
1529,4104.98459775
1530,4110.34588635
1531,4110.79064426
1532,4114.43330584
1533,4116.03374141
1534,4116.71314302
1535,4120.2150164
1536,4123.79385339
1537,4124.20708893
1538,4126.470592
1539,4129.30138303
1540,4133.33010724
1541,4136.81240212
1542,4138.6537335
1543,4141.95916867
1544,4145.08538541
1545,4145.65684065
1546,4147.81159023
1547,4148.7175512
1548,4150.16704801
1549,4152.41896718
1550,4153.76146671
1551,4159.46791869
1552,4160.84237659
1553,4163.49456534
1554,4165.25091241
1555,4169.4471089
1556,4170.32939966
1557,4174.21444314
1558,4177.14376601
1559,4178.33896759
1560,4183.97960162
1561,4185.61601669
1562,4190.35305338
1563,4190.76593396
1564,4195.73835277
1565,4199.37518427
1566,4200.71088093
1567,4202.61519381
1568,4208.31564799
1569,4209.38938862
1570,4211.70537493
1571,4213.49561785
1572,4213.51800789
1573,4218.3896263
1574,4219.27859129
1575,4221.27150174
1576,4224.76345752
1577,4228.22110247
1578,4231.82058805
1579,4233.07488826
1580,4235.67338429
1581,4235.9489106
1582,4241.22826892
1583,4246.16263062
1584,4249.6904827
1585,4250.36746407
1586,4253.75746769
1587,4257.64917217
1588,4258.65094798
1589,4260.43439161
1590,4263.82837476
1591,4266.07604809
1592,4269.30209796
1593,4269.77480101
1594,4277.34677599
1595,4278.70120356
1596,4282.3936983
1597,4282.68487555
1598,4283.68441861
1599,4285.8871702
1600,4288.97085664
1601,4290.51926762
1602,4292.36018652
1603,4299.22996551
1604,4299.90336394
1605,4301.73997703
1606,4301.80655667
1607,4308.83684824
1608,4309.98108626
1609,4310.20128168
1610,4316.46206001
1611,4318.15160235
1612,4321.66885185
1613,4324.5776416
1614,4325.81694234
1615,4331.40915244
1616,4331.66739524
1617,4335.71301075
1618,4336.37542281
1619,4338.57061944
1620,4344.32705902
1621,4345.76985539
1622,4349.15914596
1623,4349.22739312
1624,4351.15626899
1625,4354.5295034
1626,4357.30788711
1627,4357.65811868
1628,4365.41464815
1629,4367.23032182
1630,4367.90643906
1631,4371.12382794
1632,4375.32128933
1633,4376.4039058
1634,4380.93791017
1635,4381.21392219
1636,4385.03722204
1637,4387.39015505
1638,4390.76259301
1639,4391.06752104
1640,4392.93107066
1641,4395.45575745
1642,4395.63819955
1643,4399.11007456
1644,4403.50232267
1645,4405.19244318
1646,4406.24740701
1647,4410.2947123
1648,4416.80174836
1649,4416.86240447
1650,4421.2200517
1651,4421.93036093
1652,4424.19428223
1653,4424.34297669
1654,4429.66551609
1655,4430.54428153
1656,4433.14719463
1657,4434.42071157
1658,4437.01539208
1659,4439.67629576
1660,4442.41471405
1661,4443.59355197
1662,4448.47129608
1663,4450.70429053
1664,4457.57937383
1665,4458.32284445
1666,4458.95984278
1667,4461.36804574
1668,4464.44999995
1669,4466.74189128
1670,4471.27902455
1671,4472.53598491
1672,4477.76197695
1673,4480.83010063
1674,4481.22325245
1675,4486.91595235
1676,4489.65069306
1677,4489.84059904
1678,4495.4568002
1679,4496.93018562
1680,4498.71789744
1681,4498.97712906
1682,4500.09116583
1683,4503.04509495
1684,4510.33318243
1685,4512.5104151
1686,4512.63032077
1687,4515.4188034
1688,4517.87647326
1689,4521.489499
1690,4522.34822074
1691,4524.79202824
1692,4525.73336659
1693,4531.83665858
1694,4531.84565547
1695,4537.41023622
1696,4542.28561793
1697,4545.73657625
1698,4548.11759355
1699,4548.8198383
1700,4549.65767859
1701,4551.15476825
1702,4555.84836588
1703,4557.9077581
1704,4563.20312051
1705,4564.56587221
1706,4565.45259285
1707,4569.01733994
1708,4570.02181003
1709,4572.99311121
1710,4576.52698392
1711,4579.63794627
1712,4580.46731462
1713,4585.11150278
1714,4585.9193436
1715,4588.44878843
1716,4593.01347944
1717,4593.41287888
1718,4594.67851636
1719,4597.75595354
1720,4603.1293051
1721,4604.83431969
1722,4607.02141178
1723,4610.30173194
1724,4610.48416646
1725,4612.15479034
1726,4616.51945309
1727,4618.90248532
1728,4621.83333869
1729,4623.03714758
1730,4624.67688052
1731,4630.67718527
1732,4637.71535272
1733,4639.06051628
1734,4640.40760362
1735,4641.81301366
1736,4645.07326423
1737,4648.80593701
1738,4650.00167007
1739,4652.48475468
1740,4653.67581881
1741,4659.48385925
1742,4665.03534079
1743,4666.09802982
1744,4669.25275105
1745,4671.36169334
1746,4672.46127387
1747,4676.56217586
1748,4682.69114684
1749,4682.83344426
1750,4683.28059813
1751,4688.14397058
1752,4690.41368465
1753,4694.4580857
1754,4696.4267334
1755,4699.54592926
1756,4700.92407364
1757,4701.69540205
1758,4706.18996229
1759,4707.32367214
1760,4708.85977136
1761,4711.8661855
1762,4711.9615646
1763,4713.65448845
1764,4717.20601411
1765,4722.62245803
1766,4722.7936329
1767,4723.30467873
1768,4724.75147713
1769,4725.85678944
1770,4733.89277898
1771,4735.03217287
1772,4738.27385298
1773,4739.6584218
1774,4743.63984175
1775,4748.49341394
1776,4752.34492872
1777,4759.11682987
1778,4760.15662889
1779,4762.72677869
1780,4763.04933278
1781,4763.43729827
1782,4767.3015636
1783,4772.56273807
1784,4772.73802245
1785,4778.13588114
1786,4781.15201897
1787,4781.1792921
1788,4785.71473059
1789,4788.85596332
1790,4788.96391783
1791,4790.45585721
1792,4793.41680434
1793,4794.54095322
1794,4798.11698812
1795,4799.33720755
1796,4800.97279124
1797,4803.30220151
1798,4809.74842434
1799,4810.33327997
1800,4811.82906395
1801,4813.69225271
1802,4815.02918948
1803,4816.28222859
1804,4817.13574536
1805,4820.81989866
1806,4821.21447319
1807,4832.66561798
1808,4832.93776813
1809,4837.70802528
1810,4841.23014352
1811,4841.88741362
1812,4845.59030744
1813,4852.18893748
1814,4853.06785757
1815,4856.86078513
1816,4859.00900403
1817,4859.84346038
1818,4860.22706704
1819,4864.06455812
1820,4865.85175411
1821,4869.33886141
1822,4869.64693938
1823,4870.92886232
1824,4872.94838572
1825,4876.09625153
1826,4877.01165569
1827,4881.68866428
1828,4883.96163402
1829,4886.09694922
1830,4886.39842906
1831,4887.23224966
1832,4890.75946723
1833,4898.8153286
1834,4900.86578573
1835,4905.24649288
1836,4906.50903404
1837,4909.50927607
1838,4911.33509266
1839,4913.86016547
1840,4916.59081175
1841,4918.27606746
1842,4924.27534897
1843,4926.21229259
1844,4928.88717327
1845,4931.29336122
1846,4933.29609811
1847,4934.18074544
1848,4935.88387318
1849,4937.95791273
1850,4942.08307473
1851,4947.49774447
1852,4949.41701701
1853,4949.90838228
1854,4951.47800647
1855,4958.20146175
1856,4960.75782844
1857,4960.8561479
1858,4965.64664779
1859,4968.67715619
1860,4971.32321689
1861,4971.80273897
1862,4975.94524613
1863,4977.11312539
1864,4980.44460128
1865,4981.15119945
1866,4989.68049123
1867,4990.60602628
1868,4992.3913516
1869,4996.14033823
1870,4997.12221194
1871,5002.63102107
1872,5003.18988995
1873,5006.22337673
1874,5009.73474745
1875,5010.67883641
1876,5013.0429338
1877,5015.7162316
1878,5017.39751881
1879,5019.09995678
1880,5019.97366476
1881,5022.51778234
1882,5025.33504601
1883,5028.48210246
1884,5030.32649105
1885,5034.05584526
1886,5034.23002799
1887,5038.23013444
1888,5038.55579235
1889,5044.38890557
1890,5047.97551817
1891,5050.87066919
1892,5053.36318324
1893,5057.23462281
1894,5059.50817617
1895,5061.53131729
1896,5061.96287333
1897,5066.90924408
1898,5070.55864901
1899,5071.31219804
1900,5074.92559141
1901,5078.37904822
1902,5080.44226745
1903,5083.35247892
1904,5086.18008332
1905,5087.51002964
1906,5087.91011712
1907,5094.07958382
1908,5096.98387908
1909,5097.94485629
1910,5101.88098312
1911,5103.50154636
1912,5105.664556
1913,5106.0610436
1914,5108.42037705
1915,5110.64102734
1916,5120.46817966
1917,5124.60320039
1918,5125.27031434
1919,5127.13635902
1920,5131.95716285
1921,5132.70796144
1922,5135.77809566
1923,5137.62788175
1924,5140.31349806
1925,5145.35658201
1926,5147.3852512
1927,5149.06056577
1928,5149.41421852
1929,5157.58721918
1930,5157.61315082
1931,5158.93293156
1932,5160.86692926
1933,5162.78310705
1934,5165.79011909
1935,5169.50487201
1936,5175.12584638
1937,5176.58108534
1938,5176.84792608
1939,5179.46454828
1940,5184.8331756
1941,5185.50276155
1942,5186.42527288
1943,5190.3793665
1944,5191.16268095
1945,5193.53566068
1946,5196.50523394
1947,5197.69823131
1948,5198.16956232
1949,5204.77733336
1950,5205.30941156
1951,5207.88426246
1952,5213.23439729
1953,5219.43536685
1954,5221.33406789
1955,5222.19821763
1956,5224.40944544
1957,5225.89426679
1958,5230.47789682
1959,5232.34880112
1960,5233.05004886
1961,5236.94654667
1962,5237.82806694
1963,5239.37400365
1964,5241.8893669
1965,5245.15657671
1966,5250.28180689
1967,5250.93641565
1968,5256.47241361
1969,5259.00773722
1970,5260.22739833
1971,5260.95169366
1972,5262.08854745
1973,5267.1068549
1974,5269.47651587
1975,5270.985511
1976,5271.14155375
1977,5275.25559788
1978,5275.95709905
1979,5280.83802609
1980,5285.48408843
1981,5286.4208698
1982,5286.6912827
1983,5289.2425875
1984,5291.90581826
1985,5296.78804949
1986,5297.46542749
1987,5298.74071175
1988,5299.88044027
1989,5307.08450214
1990,5309.11924182
1991,5313.43790518
1992,5317.62291932
1993,5320.28883609
1994,5322.4198022
1995,5325.1375619
1996,5330.53131867
1997,5330.57369877
1998,5330.87889085
1999,5334.3307964
2000,5334.51111445
2001,5340.63331737
2002,5341.28646897
2003,5349.17070713
2004,5351.99615017
2005,5352.64045226
2006,5352.68644132
2007,5355.37193921
2008,5360.43979094
2009,5362.46820168
2010,5363.13931598
2011,5364.76122082
2012,5368.17957262
2013,5370.7125268
2014,5372.91223364
2015,5377.19348507
2016,5378.50488353
2017,5378.77568804
2018,5382.92436913
2019,5383.26446534
2020,5389.26536949
2021,5391.48677635
2022,5395.58565804
2023,5396.53427159
2024,5401.16192163
2025,5403.19208926
2026,5404.69302224
2027,5405.60680345
2028,5409.48252559
2029,5411.41591042
2030,5414.21384658
2031,5415.10565937
2032,5420.02210572
2033,5422.54052792
2034,5424.83416545
2035,5427.45881173
2036,5430.2539068
2037,5434.87512559
2038,5435.4641106
2039,5438.43266626
2040,5438.5734339
2041,5441.87484255
2042,5448.51759202
2043,5448.96583141
2044,5449.41108507
2045,5453.13948123
2046,5454.03817734
2047,5458.72145863
2048,5460.55506923
2049,5465.25979721
2050,5468.31930693
2051,5471.82307096
2052,5472.52160107
2053,5474.69417212
2054,5477.90397439
2055,5478.34239153
2056,5483.45952847
2057,5485.05257037
2058,5486.58140539
2059,5487.17280437
2060,5492.68758091
2061,5494.70982628
2062,5497.25438872
2063,5497.86579379
2064,5503.1802272
2065,5507.19128227
2066,5507.64617013
2067,5512.65835747
2068,5512.86031718
2069,5514.57524682
2070,5516.27965026
2071,5522.93160127
2072,5524.62421492
2073,5525.66857527
2074,5527.53636351
2075,5531.12536339
2076,5534.64788662
2077,5538.87262552
2078,5539.79139793
2079,5541.73846929
2080,5544.80440822
2081,5548.47283112
2082,5550.38190803
2083,5552.11044165
2084,5555.43851728
2085,5557.24090539
2086,5560.83917327
2087,5563.82881272
2088,5566.04905419
2089,5567.1378642
2090,5569.39355336
2091,5570.23020836
2092,5576.51111858
2093,5579.23393522
2094,5582.01688482
2095,5588.10330548
2096,5588.2235983
2097,5591.27668639
2098,5596.98204217
2099,5600.16848796
2100,5600.21972286
2101,5604.47273417
2102,5604.47456707
2103,5607.12894536
2104,5612.72571257
2105,5614.5936744
2106,5615.83200427
2107,5621.81789145
2108,5622.07527415
2109,5623.95825024
2110,5627.55626437
2111,5628.65909184
2112,5631.63199839
2113,5636.3039214
2114,5637.05221944
2115,5640.50876581
2116,5642.67705216
2117,5647.76399834
2118,5650.79060284
2119,5651.85583511
2120,5654.13522334
2121,5655.33379428
2122,5657.08234045
2123,5663.88283962
2124,5665.89185647
2125,5667.80106556
2126,5669.94291679
2127,5670.67098948
2128,5671.26739574
2129,5676.16664825
2130,5677.3689865
2131,5679.98535572
2132,5680.09748172
2133,5683.13690265
2134,5690.40635184
2135,5691.84641883
2136,5693.24502116
2137,5693.39793798
2138,5698.6654367
2139,5701.30097408
2140,5702.371072
2141,5704.15292601
2142,5707.97546122
2143,5708.49347708
2144,5713.08813794
2145,5716.69214408
2146,5720.1412425
2147,5720.3033872
2148,5722.04143158
2149,5722.04324178
2150,5724.54781736
2151,5728.85428582
2152,5732.83385935
2153,5733.84385406
2154,5735.85766977
2155,5736.84990333
2156,5740.54699935
2157,5746.24629038
2158,5750.09537594
2159,5753.16457179
2160,5756.00507935
2161,5756.05183461
2162,5757.32701187
2163,5764.66054282
2164,5766.95926571
2165,5767.78581586
2166,5773.86447992
2167,5776.37647131
2168,5776.62842666
2169,5778.47423645
2170,5781.18233942
2171,5787.00699675
2172,5789.53891879
2173,5789.91785475
2174,5792.91266613
2175,5793.46153416
2176,5795.28816012
2177,5795.65523331
2178,5798.59037355
2179,5800.99498048
2180,5807.69992747
2181,5808.94706439
2182,5814.16726615
2183,5820.86028352
2184,5821.97166893
2185,5822.10107868
2186,5824.03779889
2187,5826.95829446
2188,5829.32225452
2189,5831.50975518
2190,5834.04792965
2191,5836.21736244
2192,5838.49130685
2193,5842.0754825
2194,5842.29493375
2195,5847.87604125
2196,5850.28421059
2197,5853.15964772
2198,5853.92028839
2199,5857.46080449
2200,5858.20228657
2201,5858.36127933
2202,5863.27034692
2203,5864.97022496
2204,5867.02181892
2205,5874.03600302
2206,5876.50573609
2207,5881.09556149
2208,5881.82679863
2209,5883.5686163
2210,5885.53172314
2211,5888.92281652
2212,5889.3905819
2213,5894.88072856
2214,5898.26001754
2215,5901.23472137
2216,5902.53160442
2217,5906.78410376
2218,5906.9240865
2219,5908.76713672
2220,5910.81546862
2221,5916.311516
2222,5918.38826769
2223,5918.71341383
2224,5922.31577792
2225,5925.20434695
2226,5929.53422373
2227,5929.98139021
2228,5935.61518139
2229,5941.13863724
2230,5942.92044838
2231,5944.31980151
2232,5944.45606049
2233,5945.98080233
2234,5951.28788194
2235,5952.6757072
2236,5957.82818589
2237,5958.12353943
2238,5960.79987837
2239,5964.16659959
2240,5964.51309202
2241,5969.77166052
2242,5972.56203519
2243,5974.82817935
2244,5977.08458706
2245,5978.38577944
2246,5980.39167022
2247,5981.65153879
2248,5984.36387147
2249,5990.59959796
2250,5991.13273434
2251,5992.28677747
2252,5996.15362355
2253,5999.77965068
2254,6000.13444563
2255,6002.4621293
2256,6007.06128054
2257,6007.35321421
2258,6011.42818487
2259,6018.14253492
2260,6019.72272622
2261,6022.07082904
2262,6024.43188266
2263,6030.50250284
2264,6034.43484207
2265,6034.55654825
2266,6035.89730553
2267,6035.91831783
2268,6041.73652454
2269,6046.95297211
2270,6047.68675977
2271,6048.59603794
2272,6050.57416324
2273,6053.91045344
2274,6055.45261544
2275,6057.2772667
2276,6060.2967796
2277,6060.40450167
2278,6063.56430956
2279,6066.96865089
2280,6071.96192839
2281,6075.26686848
2282,6075.73690996
2283,6082.97419774
2284,6086.38499162
2285,6089.08351151
2286,6090.87830242
2287,6092.46833713
2288,6092.84581134
2289,6095.92043957
2290,6097.48488633
2291,6099.58466614
2292,6105.85952882
2293,6106.03084818
2294,6107.30882468
2295,6110.64004723
2296,6113.20407653
2297,6114.33860703
2298,6114.35492887
2299,6118.83167579
2300,6124.03113788
2301,6127.03958601
2302,6128.50472374
2303,6129.82042582
2304,6134.18042818
2305,6135.93669623
2306,6137.71737729
2307,6142.31931992
2308,6146.65695697
2309,6147.72074872
2310,6151.98392971
2311,6153.15630133
2312,6156.9710032
2313,6159.46361126
2314,6161.14550404
2315,6163.21500054
2316,6164.21225413
2317,6167.56113417
2318,6169.49106498
2319,6174.80207264
2320,6176.06893663
2321,6176.78772368
2322,6178.870621
2323,6181.60863395
2324,6187.61361698
2325,6188.67880297
2326,6189.46171951
2327,6191.82560759
2328,6194.23793476
2329,6195.51971735
2330,6197.73516002
2331,6198.92638072
2332,6203.6848752
2333,6204.38055195
2334,6204.87656597
2335,6206.87166455
2336,6210.35806619
2337,6216.24788775
2338,6219.75657829
2339,6220.96561907
2340,6222.76067483
2341,6226.50470322
2342,6226.76218594
2343,6229.50954386
2344,6237.1632349
2345,6238.24567686
2346,6238.63178014
2347,6242.35965787
2348,6242.55447837
2349,6244.95507605
2350,6247.35606247
2351,6252.75766778
2352,6253.91848652
2353,6257.16141569
2354,6258.89986009
2355,6263.20651817
2356,6264.037435
2357,6266.80874073
2358,6274.10986941
2359,6279.09941568
2360,6280.46544151
2361,6282.07629584
2362,6284.26840217
2363,6285.87715754
2364,6286.07977858
2365,6290.85770778
2366,6291.99725754
2367,6293.2984699
2368,6294.83086142
2369,6295.9448037
2370,6302.12620356
2371,6303.27023712
2372,6303.97960907
2373,6306.38916829
2374,6307.682444
2375,6317.98265403
2376,6319.50167073
2377,6319.73137224
2378,6324.81311985
2379,6325.05508934
2380,6327.75247419
2381,6333.45129718
2382,6334.45949137
2383,6336.96474841
2384,6341.80542868
2385,6346.68534012
2386,6347.18210887
2387,6348.82740005
2388,6353.50076768
2389,6353.63706541
2390,6355.64888707
2391,6360.34660947
2392,6361.67305632
2393,6364.48042326
2394,6366.96588964
2395,6371.3002938
2396,6373.18785916
2397,6379.35602645
2398,6380.30891387
2399,6381.75351177
2400,6382.06445742
2401,6389.08666045
2402,6392.68883827
2403,6393.70678077
2404,6396.4863494
2405,6397.58693761
2406,6399.19780903
2407,6402.05684698
2408,6404.06769113
2409,6406.2050225
2410,6412.1150389
2411,6412.23464316
2412,6415.84298822
2413,6418.62005663
2414,6421.11740875
2415,6421.21973455
2416,6422.203017
2417,6422.93091605
2418,6431.38535768
2419,6433.54333272
2420,6435.5749522
2421,6437.65306235
2422,6438.81348542
2423,6440.7652767
2424,6444.46504122
2425,6445.9828468
2426,6449.27203772
2427,6451.64813429
2428,6456.13198811
2429,6457.61625261
2430,6464.03006848
2431,6464.7813757
2432,6465.41682487
2433,6469.83220161
2434,6473.58921681
2435,6479.37115701
2436,6479.99427235
2437,6481.11892772
2438,6483.23613826
2439,6487.19681347
2440,6492.07735032
2441,6492.5768678
2442,6495.79045066
2443,6496.1245474
2444,6498.07831569
2445,6499.61328731
2446,6501.65396369
2447,6502.51683586
2448,6508.38479164
2449,6509.40623853
2450,6510.60449478
2451,6517.39105557
2452,6519.9758365
2453,6524.74443987
2454,6526.70129395
2455,6529.64098491
2456,6534.5025767
2457,6537.89374237
2458,6540.25672679
2459,6540.93229793
2460,6543.6170085
2461,6545.24491569
2462,6547.15350159
2463,6549.11467671
2464,6552.47437041
2465,6556.36742808
2466,6556.76016047
2467,6560.21472421
2468,6566.10838668
2469,6569.52323132
2470,6573.37302329
2471,6576.0341309
2472,6578.3466807
2473,6578.9090772
2474,6580.00014167
2475,6584.23627041
2476,6590.60270252
2477,6593.86850784
2478,6598.8702301
2479,6601.53751661
2480,6601.8535905
2481,6605.61407429
2482,6608.02009891
2483,6611.53260567
2484,6614.97030146
2485,6616.94611227
2486,6618.18965626
2487,6630.36235247
2488,6631.06419102
2489,6631.25927464
2490,6632.27180144
2491,6635.05876564
2492,6636.71615552
2493,6638.85273043
2494,6643.06222666
2495,6644.61508634
2496,6648.25329303
2497,6652.02144402
2498,6657.75866399
2499,6660.33599938
2500,6662.259588
2501,6666.59919502
2502,6672.92537213
2503,6673.53514923
2504,6677.28560186
2505,6681.08644023
2506,6686.93050007
2507,6687.04848094
2508,6691.02672184
2509,6692.33467513
2510,6697.94138533
2511,6702.5173712
2512,6707.66224385
2513,6708.1143337
2514,6713.00958085
2515,6713.71629461
2516,6714.88562782
2517,6716.41539931
2518,6720.58338797
2519,6726.05095957
2520,6728.01372138
2521,6733.42121479
2522,6734.894235
2523,6739.75239021
2524,6742.46849195
2525,6744.78989802
2526,6750.03650609
2527,6751.04069722
2528,6754.67556874
2529,6757.27729254
2530,6763.78193345
2531,6765.79561927
2532,6770.11340617
2533,6774.20657049
2534,6775.72736509
2535,6778.09727274
2536,6781.33741284
2537,6782.57375656
2538,6791.74401773
2539,6796.76279307
2540,6798.62197377
2541,6800.57540348
2542,6805.29825042
2543,6813.3014714
2544,6815.4179116
2545,6816.73278958
2546,6819.00356249
2547,6821.89572461
2548,6827.0641714
2549,6829.60517223
2550,6830.4241595
2551,6837.12952863
2552,6842.21556263
2553,6844.72627835
2554,6852.44019701
2555,6855.73527075
2556,6859.63496714
2557,6865.46249547
2558,6868.77377535
2559,6871.63850479
2560,6874.46891395
2561,6879.1433292
2562,6879.35338718
2563,6884.93059723
2564,6890.07090053
2565,6890.53171566
2566,6895.59355335
2567,6896.2409477
2568,6898.51885987
2569,6902.7696416
2570,6903.20304276
2571,6907.76462399
2572,6914.36600871
2573,6917.26250698
2574,6920.02377234
2575,6925.63140323
2576,6928.9480905
2577,6935.02020231
2578,6936.16028325
2579,6942.99338332
2580,6946.00744117
2581,6952.92493366
2582,6954.47816547
2583,6959.87434892
2584,6960.65173544
2585,6962.50147373
2586,6964.31141996
2587,6967.87162579
2588,6970.37254459
2589,6973.00483777
2590,6986.59881462
2591,6989.15934519
2592,6997.09822333
2593,6997.14120065
2594,7002.28988141
2595,7005.16690941
2596,7013.86094152
2597,7017.5616951
2598,7018.53853507
2599,7019.62316274
2600,7023.93849765
2601,7024.19765479
2602,7033.35232225
2603,7035.35238524
2604,7036.05348377
2605,7038.78612961
2606,7049.94242082
2607,7050.98903101
2608,7054.06248501
2609,7058.65074286
2610,7061.83477149
2611,7067.37745493
2612,7072.94478339
2613,7078.41087936
2614,7084.77094004
2615,7085.9372298
2616,7090.56855836
2617,7092.47294623
2618,7096.43690826
2619,7105.95444729
2620,7106.60811458
2621,7110.1276197
2622,7112.96256925
2623,7116.29805709
2624,7117.04618104
2625,7127.72070381
2626,7131.02662994
2627,7131.95777877
2628,7135.81527485
2629,7139.76537213
2630,7147.19323075
2631,7148.69741529
2632,7155.68192147
2633,7156.88236952
2634,7163.98362002
2635,7167.70734884
2636,7171.2754016
2637,7177.89397484
2638,7181.04269432
2639,7181.38463558
2640,7186.84430138
2641,7194.75218887
2642,7198.13755914
2643,7202.30246848
2644,7210.26240303
2645,7212.11124865
2646,7212.99597882
2647,7222.10418581
2648,7225.83109622
2649,7225.93771232
2650,7226.99768765
2651,7235.13595321
2652,7247.14921352
2653,7249.62263751
2654,7254.40950137
2655,7256.8242774
2656,7261.77256525
2657,7265.29283552
2658,7269.92030739
2659,7274.17417713
2660,7279.58921573
2661,7280.11253227
2662,7282.7058999
2663,7291.63113958
2664,7298.80149098
2665,7305.00751289
2666,7306.46053415
2667,7308.6196874
2668,7314.27228315
2669,7314.55399644
2670,7320.14763941
2671,7322.33876659
2672,7324.06629992
2673,7336.17429197
2674,7336.76137308
2675,7345.25712756
2676,7345.89639236
2677,7347.44937158
2678,7359.49257651
2679,7361.71501207
2680,7370.22857498
2681,7372.77278464
2682,7376.96272509
2683,7382.92022493
2684,7398.61429043
2685,7399.98564175
2686,7404.83364142
2687,7406.5844019
2688,7409.23734646
2689,7416.78140917
2690,7418.14412458
2691,7421.28753053
2692,7425.34252377
2693,7427.87335236
2694,7429.81171226
2695,7436.79065272
2696,7442.06266921
2697,7448.04708878
2698,7456.0351775
2699,7457.39563689
2700,7462.50732364
2701,7467.93684627
2702,7474.78093153
2703,7475.68415515
2704,7478.83606074
2705,7490.69402956
2706,7496.92951326
2707,7499.79210826
2708,7502.42963393
2709,7505.59077622
2710,7513.39645415
2711,7520.4345204
2712,7524.26817496
2713,7527.37788605
2714,7531.15582408
2715,7536.64724782
2716,7537.88348115
2717,7544.96935857
2718,7552.57563806
2719,7553.69917895
2720,7558.24647478
2721,7565.69108846
2722,7574.53512295
2723,7581.17248558
2724,7583.99618952
2725,7587.72277728
2726,7596.48653915
2727,7607.56325627
2728,7609.29519154
2729,7614.68172448
2730,7614.94204556
2731,7619.77240071
2732,7624.02270038
2733,7625.75661289
2734,7634.91670173
2735,7643.92303346
2736,7645.54773689
2737,7646.13404728
2738,7656.22753008
2739,7660.54726529
2740,7664.55372455
2741,7670.24830447
2742,7673.48451767
2743,7679.47004791
2744,7680.29730136
2745,7689.58383074
2746,7699.72633995
2747,7704.66381575
2748,7708.97625055
2749,7715.60185345
2750,7721.85621818
2751,7722.75007413
2752,7726.72517522
2753,7733.37836538
2754,7742.39233539
2755,7747.99582688
2756,7749.25215722
2757,7758.68775177
2758,7761.7480998
2759,7766.97529442
2760,7773.26803005
2761,7777.63457255
2762,7787.12105874
2763,7789.42107851
2764,7798.51454585
2765,7801.05182514
2766,7807.09279367
2767,7810.8332792
2768,7817.75214904
2769,7828.52334546
2770,7836.49722078
2771,7840.24302185
2772,7844.60149084
2773,7852.91282322
2774,7856.42647296
2775,7861.94005089
2776,7862.52355624
2777,7869.93745454
2778,7873.27042197
2779,7875.91127971
2780,7881.34394722
2781,7885.35740847
2782,7894.01268419
2783,7899.69628009
2784,7908.39996857
2785,7917.85140183
2786,7919.44555096
2787,7924.41207569
2788,7932.8326383
2789,7933.53693336
2790,7940.62592419
2791,7946.13977997
2792,7964.1795462
2793,7966.35429169
2794,7968.49488887
2795,7971.69575134
2796,7979.00178947
2797,7981.01254595
2798,7993.20813927
2799,7998.54962145
2800,8005.93120381
2801,8011.98535199
2802,8017.19225012
2803,8020.94840868
2804,8023.10780797
2805,8035.46200066
2806,8046.42701422
2807,8048.9433603
2808,8051.642872
2809,8065.90119347
2810,8067.75412664
2811,8070.69580884
2812,8075.93800895
2813,8083.52110145
2814,8085.65200902
2815,8092.33005853
2816,8106.86881224
2817,8111.73785736
2818,8116.34077092
2819,8120.47016142
2820,8127.22662454
2821,8130.30724375
2822,8136.7377735
2823,8138.03105062
2824,8143.75056826
2825,8153.48242129
2826,8163.09182185
2827,8174.34300083
2828,8181.28144896
2829,8182.9446476
2830,8189.31155159
2831,8201.05124309
2832,8202.58316796
2833,8211.63122175
2834,8216.35515754
2835,8225.06718333
2836,8233.85687303
2837,8236.09823962
2838,8244.39746829
2839,8251.27944938
2840,8254.56176904
2841,8262.45704891
2842,8275.476445
2843,8277.60595041
2844,8282.12881357
2845,8286.9764813
2846,8295.98657131
2847,8297.41100613
2848,8306.55765871
2849,8311.44851508
2850,8317.99023791
2851,8333.10337376
2852,8338.30580099
2853,8342.01276685
2854,8350.45115094
2855,8360.56794557
2856,8361.33894883
2857,8367.78985154
2858,8380.65063794
2859,8383.69417633
2860,8401.18621049
2861,8405.4808476
2862,8407.37678809
2863,8409.46197128
2864,8424.97278249
2865,8429.57895753
2866,8429.82404061
2867,8439.89162678
2868,8453.81549045
2869,8454.26841274
2870,8459.64870123
2871,8467.29450369
2872,8471.1415769
2873,8476.28687248
2874,8494.72127285
2875,8506.0368282
2876,8508.06361213
2877,8519.8662366
2878,8520.90220118
2879,8525.16093268
2880,8532.47736798
2881,8535.17312039
2882,8546.27833147
2883,8551.48842393
2884,8561.53099001
2885,8570.26260547
2886,8579.28878623
2887,8584.994494
2888,8594.00994454
2889,8602.20041581
2890,8614.08535224
2891,8628.85332791
2892,8632.67841858
2893,8636.33676362
2894,8651.97227318
2895,8654.55602253
2896,8656.00910185
2897,8658.04232588
2898,8669.89344704
2899,8673.55249548
2900,8679.95673954
2901,8692.18827841
2902,8696.34731538
2903,8701.63390461
2904,8709.72918064
2905,8715.28010785
2906,8731.33925868
2907,8750.21360616
2908,8754.16700086
2909,8757.09128229
2910,8759.97701283
2911,8777.25059139
2912,8779.00195317
2913,8787.94744729
2914,8800.0941238
2915,8808.08054736
2916,8817.23225267
2917,8824.67288251
2918,8842.8556866
2919,8848.18679014
2920,8850.79848175
2921,8858.60650915
2922,8869.43851038
2923,8876.4558824
2924,8879.66888554
2925,8888.5901621
2926,8893.64161568
2927,8895.66165618
2928,8905.72899562
2929,8914.51581888
2930,8915.54606683
2931,8927.91926545
2932,8944.95752203
2933,8967.090091
2934,8973.77268922
2935,8978.4705855
2936,8985.97666964
2937,8992.5845348
2938,9003.02515988
2939,9007.7158331
2940,9025.32775556
2941,9028.87620618
2942,9037.96172508
2943,9040.29928523
2944,9056.92407591
2945,9060.89248436
2946,9070.29034689
2947,9089.89033827
2948,9095.5752951
2949,9100.12337914
2950,9107.71179366
2951,9113.09775248
2952,9120.81380691
2953,9132.81829309
2954,9137.06099781
2955,9139.63554261
2956,9150.54646416
2957,9176.59488199
2958,9182.68113898
2959,9201.60518096
2960,9202.3866101
2961,9219.87048516
2962,9224.70196157
2963,9224.8514584
2964,9244.14626018
2965,9248.4419763
2966,9256.94667347
2967,9274.66184919
2968,9285.17014096
2969,9293.49928316
2970,9295.09158747
2971,9302.39850329
2972,9323.16592705
2973,9331.77881326
2974,9335.72548428
2975,9342.07268231
2976,9350.054378
2977,9365.96743611
2978,9381.30942019
2979,9388.33111186
2980,9393.29800915
2981,9409.25408126
2982,9410.10204138
2983,9432.76173961
2984,9452.26436355
2985,9456.5436419
2986,9459.33275074
2987,9474.09047182
2988,9476.61072326
2989,9491.00420851
2990,9506.35899174
2991,9515.77310108
2992,9527.88834017
2993,9535.36196573
2994,9546.69325602
2995,9547.36432179
2996,9568.39791805
2997,9575.31835607
2998,9586.53986993
2999,9601.17206488
3000,9606.8782536
3001,9621.31588786
3002,9652.20223816
3003,9652.33928967
3004,9661.23220737
3005,9683.24542512
3006,9696.3378432
3007,9698.46268939
3008,9708.24133395
3009,9708.6390511
3010,9713.42838036
3011,9731.78435086
3012,9743.46889853
3013,9746.80948805
3014,9777.42389199
3015,9784.6932951
3016,9793.44733726
3017,9817.24591192
3018,9827.71667202
3019,9835.68696319
3020,9837.56205004
3021,9857.00012058
3022,9886.83448362
3023,9901.965448
3024,9906.29028294
3025,9921.87111472
3026,9934.69965967
3027,9935.71881701
3028,9955.45948827
3029,9958.87022842
3030,9964.57719905
3031,9983.69485928
3032,9985.7968501
3033,10012.0505263
3034,10012.8289325
3035,10029.7594841
3036,10060.9301298
3037,10084.6525268
3038,10086.3335995
3039,10098.1010143
3040,10101.3828063
3041,10127.8573166
3042,10130.728693
3043,10171.6408339
3044,10173.3295906
3045,10179.6356879
3046,10210.4776753
3047,10216.9206467
3048,10217.4059791
3049,10225.0683589
3050,10234.6655397
3051,10245.33406
3052,10289.9399906
3053,10297.7157473
3054,10327.9894967
3055,10333.0185828
3056,10353.6976652
3057,10361.9048231
3058,10363.7694337
3059,10390.756922
3060,10419.6648778
3061,10432.9516999
3062,10437.930954
3063,10462.5758623
3064,10469.6193436
3065,10487.8413824
3066,10495.5023341
3067,10498.679489
3068,10515.6668442
3069,10563.1616841
3070,10569.8984495
3071,10616.9004448
3072,10624.3569132
3073,10626.1397307
3074,10639.0942326
3075,10650.4776645
3076,10680.429594
3077,10687.3686173
3078,10721.0800302
3079,10745.9969598
3080,10768.2325209
3081,10769.7625827
3082,10777.1206316
3083,10788.7357412
3084,10848.7220025
3085,10861.3517455
3086,10889.8589103
3087,10891.0466315
3088,10912.7882659
3089,10924.5082817
3090,10938.6067647
3091,10956.6084576
3092,11010.10208
3093,11022.2514081
3094,11055.0124697
3095,11058.0505378
3096,11076.8236986
3097,11118.6959055
3098,11152.2032459
3099,11153.9013552
3100,11169.8572713
3101,11198.1195641
3102,11237.9828015
3103,11239.535714
3104,11309.5852242
3105,11318.7380241
3106,11342.1084435
3107,11343.289734
3108,11380.6664828
3109,11431.5783455
3110,11431.7564485
3111,11476.4529398
3112,11483.486048
3113,11534.2531564
3114,11595.0009103
3115,11629.706073
3116,11630.5547023
3117,11633.9641715
3118,11713.7887784
3119,11727.1095313
3120,11776.6644953
3121,11796.6028944
3122,11858.3846947
3123,11921.2300492
3124,11925.6761175
3125,11968.2649395
3126,12012.4791249
3127,12074.2509078
3128,12131.7980193
3129,12211.327295
3130,12224.1111589
3131,12296.6409211
3132,12357.0390379
3133,12493.921977
3134,12515.5689748
3135,12650.8183583
3136,12824.490034
