# Domain: gww1 (DST, paper eigenvalues-head run, dense eig full spectrum)
# Resolution M = 35, dofs = 451
# Computation time: 0.0434 s
n,lambda_n
1,2.55993260091
2,3.67561599029
3,5.217683278
4,6.54048745132
5,7.28692734581
6,9.22310211859
7,10.6157328701
8,11.536808086
9,12.3339025034
10,13.1068882327
11,14.3232142681
12,15.954051812
13,16.9201075323
14,17.6802516347
15,19.0977905108
16,20.876445206
17,21.3599666909
18,22.3293004963
19,23.6899783928
20,24.4547006772
21,24.6510121768
22,26.1121080838
23,27.3303005889
24,28.1665110134
25,29.5435856745
26,31.439081324
27,32.0668968974
28,32.2506426316
29,32.9183516684
30,34.1085701396
31,36.2621237431
32,37.1063203379
33,38.7898178833
34,39.0828179599
35,40.8747457967
36,41.0714411719
37,41.3495600364
38,41.8602780335
39,44.1825388597
40,44.7157995644
41,45.7681057097
42,46.566551215
43,47.3963635887
44,49.2903615568
45,49.9086001625
46,50.2768551768
47,51.8618880344
48,52.4217851222
49,53.355677563
50,54.2475443873
51,56.180931114
52,57.0035970086
53,57.981967415
54,59.1797555736
55,61.6641787496
56,61.721713509
57,62.7296258446
58,63.0567670437
59,63.1202566001
60,63.9170680295
61,64.6763886807
62,66.5016695304
63,67.101866609
64,69.4468079073
65,69.7406975015
66,70.5666089672
67,71.3478553427
68,71.5643714926
69,72.3968507277
70,74.9076810611
71,76.1351278784
72,76.5596100497
73,77.0780905552
74,77.5415929696
75,79.5055705733
76,80.4801443541
77,81.5885022456
78,83.3102876068
79,83.5731917581
80,83.7837767697
81,85.885511427
82,85.9818965311
83,87.0476170118
84,89.2355075777
85,89.9288204428
86,90.6527302239
87,90.7138087924
88,91.1797988737
89,92.1174289501
90,93.1946996675
91,94.4652434386
92,95.7211063745
93,97.515001967
94,97.7779767533
95,98.201079284
96,98.6489007993
97,101.121002732
98,101.745906596
99,102.635268293
100,103.009053928
101,104.084063199
102,105.014953694
103,105.559877187
104,106.001277547
105,109.102131628
106,109.198505603
107,110.636380469
108,111.048317282
109,112.222992476
110,112.566553147
111,113.689552955
112,114.255503713
113,115.330516261
114,118.709528776
115,118.888549299
116,119.562258356
117,121.036067468
118,121.528467856
119,122.154027831
120,122.370824837
121,122.573278802
122,125.018307832
123,125.680316503
124,126.53150217
125,127.507176993
126,128.06767144
127,128.464636489
128,129.572437647
129,129.941472459
130,130.504821305
131,131.438628036
132,133.174288041
133,134.399146057
134,135.581920381
135,136.881996832
136,138.380958903
137,138.753793165
138,139.145742509
139,139.343033431
140,140.179972567
141,141.492905078
142,142.077017456
143,144.25315519
144,145.367756199
145,145.838330876
146,147.863617065
147,147.968972231
148,149.373381521
149,150.414065831
150,151.077721562
151,151.210858436
152,152.405939699
153,154.319620875
154,155.493705183
155,156.620386778
156,156.660123484
157,157.301640502
158,159.225182369
159,159.303694602
160,159.522560991
161,160.613804918
162,161.117174892
163,162.010159535
164,163.070584533
165,163.735372673
166,165.249704355
167,165.944969237
168,166.144718368
169,166.635382418
170,169.47404108
171,169.555141762
172,171.484951627
173,171.77305899
174,172.455300974
175,173.138113547
176,175.240976645
177,175.406025311
178,175.856556904
179,177.115017008
180,177.64523057
181,178.259262794
182,178.343677795
183,179.359428178
184,181.026955336
185,181.34282376
186,182.309428688
187,183.637051397
188,184.547556289
189,185.275360047
190,185.718851436
191,187.337852362
192,187.785936726
193,188.944816991
194,190.182197939
195,191.266863157
196,193.127250364
197,194.62275295
198,194.882502673
199,195.222594636
200,195.338511179
201,195.911100223
202,196.777192766
203,198.400513032
204,199.323085829
205,200.982140101
206,201.426669797
207,202.068049261
208,202.557012491
209,204.353178698
210,204.769770386
211,206.292599511
212,206.68624193
213,207.572547768
214,207.873022926
215,208.876495203
216,209.646074413
217,210.142344192
218,211.408899658
219,211.786542086
220,212.665733431
221,213.780463632
222,214.696516715
223,215.821277967
224,216.729278898
225,218.272323435
226,218.810582562
227,219.321239895
228,221.053896563
229,221.600173377
230,222.441035958
231,223.513670663
232,224.392429637
233,225.454542992
234,226.01792605
235,227.724359997
236,227.917047846
237,229.966617164
238,231.070692473
239,232.000692645
240,232.990458338
241,233.566622915
242,234.457227424
243,234.895146697
244,236.381122774
245,237.496421881
246,238.010960636
247,239.102780394
248,240.229557197
249,241.25075219
250,242.489079933
251,242.944439978
252,244.005123353
253,244.442639301
254,245.633130128
255,246.136472599
256,247.021259394
257,248.004687186
258,248.186766894
259,248.617096432
260,249.353419113
261,250.670531582
262,251.449791247
263,252.072325551
264,252.523735448
265,254.112544221
266,255.429091219
267,256.773326834
268,257.28349777
269,258.287862199
270,259.805966589
271,260.851106137
272,261.464548551
273,261.732541039
274,262.133334883
275,262.730809124
276,263.568346092
277,264.198487172
278,266.006334552
279,268.11157673
280,269.873455765
281,270.287449692
282,270.541911246
283,271.543703846
284,272.365047262
285,273.963231492
286,274.547057512
287,275.773698923
288,276.036132971
289,276.628422328
290,277.8128687
291,278.178317642
292,278.808616729
293,279.775260175
294,280.209275494
295,282.23559048
296,282.52769924
297,283.442628564
298,285.475768094
299,286.96396116
300,287.737804871
301,288.212200156
302,289.147467242
303,289.900434212
304,290.757469436
305,291.516839067
306,292.190118624
307,292.75184095
308,294.594587439
309,296.051782483
310,296.410604852
311,297.727019778
312,298.598042652
313,299.529979723
314,299.893149547
315,300.434517596
316,302.137206878
317,303.275070615
318,303.892417051
319,304.040397625
320,305.549296922
321,306.336870685
322,306.907861361
323,307.564151725
324,308.057394674
325,308.988514066
326,309.676251266
327,311.524743756
328,312.43092813
329,313.930316925
330,315.011939371
331,316.276778995
332,316.81524216
333,317.151998376
334,318.701767396
335,319.168702988
336,319.34850841
337,319.669194543
338,320.294009094
339,320.610572854
340,321.477263501
341,324.647428722
342,325.389483245
343,326.132506871
344,327.832005289
345,327.965885611
346,328.882205677
347,330.671938869
348,331.05491803
349,332.252783772
350,333.290163475
351,334.312536662
352,335.150295855
353,337.553799399
354,337.666393219
355,338.623295666
356,338.818724431
357,339.785472398
358,341.053385866
359,342.49066873
360,342.77531714
361,345.030357988
362,345.503193458
363,348.235717172
364,350.35289578
365,350.613633024
366,351.388766933
367,351.984614658
368,355.101700455
369,355.971749699
370,357.496525674
371,357.893240511
372,358.348723875
373,359.227041156
374,363.648227942
375,364.256652482
376,365.264387
377,365.661997136
378,366.807525887
379,367.858642781
380,369.892631084
381,371.342441538
382,372.316950281
383,375.651551953
384,377.476681812
385,378.162574217
386,380.867404121
387,381.901795328
388,382.597243706
389,384.026624189
390,387.989914503
391,389.443673425
392,391.905647125
393,394.046874837
394,395.061421038
395,397.260281917
396,399.400752038
397,400.841721993
398,402.15059846
399,403.063408761
400,403.981516785
401,407.300157742
402,408.867113164
403,411.896976583
404,412.905188769
405,415.490924067
406,417.915582999
407,420.864590338
408,423.457731734
409,425.121545896
410,427.911300223
411,429.909465609
412,432.051231405
413,437.650887953
414,441.495365672
415,441.792183535
416,444.975714855
417,445.917819544
418,446.638249297
419,449.312231777
420,451.105663336
421,453.869626424
422,457.897692778
423,461.87232534
424,469.452277309
425,470.543091703
426,470.81774242
427,477.315121151
428,482.162071925
429,484.284901312
430,489.003207369
431,490.084078335
432,493.839234248
433,496.30106883
434,498.653883563
435,505.26624982
436,513.288501441
437,517.68254013
438,519.168188178
439,530.179134751
440,533.153686808
441,537.081961972
442,540.407532371
443,544.118482621
444,554.13304569
445,566.280741029
446,569.955995076
447,582.644970779
448,588.777704845
449,600.295588346
450,616.526390565
451,634.981707602
