# Domain: H_shaped (DST, paper eigenvalues-head run, dense eig full spectrum)
# Resolution M = 50, dofs = 1888
# Computation time: 1.3072 s
n,lambda_n
1,7.8105621817
2,8.62412707212
3,13.9657595968
4,13.9693481356
5,14.3047479975
6,17.716244592
7,19.7392088022
8,24.8403396862
9,26.4504668787
10,26.4989589933
11,33.0841514426
12,37.1994283853
13,37.2790367308
14,39.3519935488
15,40.8769822119
16,42.2753275892
17,45.2675524008
18,46.2974484902
19,47.4828919302
20,49.3480220054
21,49.3480220055
22,52.0763051222
23,54.9921654983
24,58.7483615459
25,62.7691415948
26,62.7735031639
27,63.1998744235
28,65.518445048
29,67.6439743204
30,72.0978476977
31,77.1520139477
32,78.9568352087
33,79.8423976832
34,79.9375154007
35,85.3540002895
36,86.3399816841
37,88.147249655
38,91.3558226561
39,92.1151393351
40,95.4064835442
41,95.6158539961
42,95.741815654
43,97.8832486943
44,98.6960440109
45,98.6960440109
46,101.057398239
47,106.119444398
48,107.632670161
49,108.291617129
50,111.671756716
51,112.754678384
52,113.075060912
53,118.827526141
54,119.158063173
55,121.091315084
56,121.417739989
57,122.600572529
58,128.304857214
59,128.304857214
60,133.774142533
61,139.506716879
62,139.525820177
63,139.722952651
64,142.426760546
65,142.533049961
66,145.790149188
67,146.565257687
68,150.487784246
69,154.875338544
70,157.055313261
71,157.075951981
72,158.702140684
73,164.167943635
74,164.401457831
75,164.609550942
76,165.580962925
77,166.764615866
78,167.783274819
79,167.783274819
80,169.01462324
81,172.006374534
82,173.146941933
83,174.743344709
84,177.65287922
85,180.666355184
86,180.975888562
87,182.062455249
88,185.262704152
89,190.522433992
90,192.468821533
91,194.756972603
92,195.20118152
93,195.220943743
94,197.392088022
95,197.392088022
96,197.738661571
97,198.147621819
98,205.653979663
99,211.710988148
100,213.309834898
101,213.765602867
102,217.199950338
103,221.956673907
104,222.801212924
105,223.596834964
106,223.627844596
107,224.442368531
108,224.753365692
109,225.075996145
110,232.72429586
111,234.598518942
112,234.75394491
113,244.364762549
114,246.740110027
115,246.740110027
116,247.498439757
117,251.246841913
118,251.791955986
119,252.243601398
120,252.475315189
121,253.88988569
122,254.964446172
123,255.732359944
124,256.609714428
125,256.609714428
126,257.793229551
127,260.68107475
128,261.062824935
129,263.363026519
130,267.720951251
131,267.997954192
132,269.248075196
133,276.339698036
134,277.155746634
135,277.250830137
136,277.336301086
137,282.793968331
138,285.547596237
139,286.218527632
140,286.218527632
141,289.424288292
142,289.930329634
143,290.199911924
144,290.376443143
145,294.730604877
146,295.269550862
147,302.244599853
148,302.273302584
149,305.43758688
150,306.263435549
151,306.474302776
152,314.546768141
153,315.827340835
154,318.762374766
155,318.806560231
156,319.706494826
157,322.878483618
158,323.652135715
159,325.388653225
160,326.842420939
161,327.523100423
162,332.143870865
163,335.566549637
164,335.566549637
165,338.768301381
166,341.836489447
167,346.397707865
168,348.959030682
169,349.722305833
170,353.789497821
171,354.047190646
172,355.468170944
173,357.150108034
174,359.222058763
175,360.896772707
176,361.427252607
177,363.058856908
178,363.348248711
179,364.722705939
180,365.17536284
181,365.17536284
182,365.475971333
183,368.678919787
184,370.302064188
185,372.946543391
186,374.248230276
187,374.388473641
188,374.869013919
189,381.678788442
190,382.127291288
191,385.031357783
192,387.546043378
193,389.138262075
194,390.690578861
195,391.220723059
196,394.784176044
197,394.784176044
198,398.987873
199,404.400961469
200,404.653780445
201,404.653780445
202,404.801670333
203,405.482153533
204,405.741618843
205,405.785038885
206,406.92788729
207,412.630204102
208,415.056911894
209,417.178700293
210,417.21255764
211,423.362907171
212,428.543450004
213,429.680089559
214,432.988182278
215,433.909038364
216,433.989934358
217,435.663768738
218,439.467836033
219,441.961311496
220,442.415449767
221,444.132198049
222,444.132198049
223,446.847633843
224,448.251471267
225,448.409050905
226,451.927250719
227,456.403310621
228,461.631414328
229,462.471579167
230,464.049297599
231,464.684945522
232,470.65162858
233,473.358773461
234,476.657739078
235,476.66354141
236,476.824817714
237,480.124883964
238,480.376873673
239,480.8743913
240,485.647095903
241,486.551267934
242,487.778041269
243,489.876835422
244,490.60120548
245,491.797992514
246,492.895770967
247,493.480220054
248,493.480220054
249,493.480220054
250,494.11791805
251,495.031109484
252,496.006428646
253,500.967594638
254,505.655533157
255,507.564116789
256,512.467339853
257,512.758396117
258,513.219428857
259,513.219428857
260,514.823389299
261,518.369887408
262,519.006217031
263,523.089033258
264,523.089033258
265,523.810109081
266,524.97659011
267,525.580742008
268,526.512344814
269,531.010515113
270,534.236385436
271,534.894064517
272,537.968175464
273,540.238741264
274,540.353974778
275,542.067938349
276,542.357596577
277,543.050557326
278,544.438288728
279,552.328486828
280,555.831722002
281,556.988562508
282,557.38328877
283,559.625220972
284,561.503331618
285,563.748494994
286,567.599098746
287,569.23681446
288,569.397413042
289,570.046146773
290,572.437055263
291,572.437055263
292,575.872165666
293,576.718444364
294,583.324874686
295,586.942657463
296,588.035077492
297,588.511263393
298,589.808451723
299,592.637223267
300,594.784831587
301,596.018101265
302,597.369922678
303,597.813274222
304,602.045868466
305,602.045868466
306,609.59054847
307,613.853083203
308,615.307645359
309,615.400853201
310,615.950796332
311,616.23802196
312,620.018125798
313,622.04945735
314,623.229806175
315,623.809417287
316,627.006459398
317,630.905919318
318,636.600936003
319,637.532419502
320,637.565061555
321,638.022643632
322,639.586503886
323,640.329977539
324,641.524286071
325,641.524286071
326,641.524286071
327,641.524286071
328,641.651454362
329,642.755599278
330,645.364401246
331,649.236983849
332,649.821702627
333,655.289791698
334,656.079285074
335,659.319537659
336,659.661124422
337,661.806191806
338,662.91801857
339,666.233053304
340,666.898487626
341,667.864965114
342,669.993951684
343,671.133099274
344,671.133099274
345,671.602623232
346,671.721328678
347,680.17006578
348,680.601551419
349,682.401420095
350,684.463571255
351,687.101961816
352,688.244295347
353,688.560588103
354,689.254273077
355,693.112324904
356,694.874514238
357,695.141570135
358,698.901316785
359,698.996706904
360,700.772663061
361,705.363866729
362,707.174268932
363,708.918979189
364,709.313213924
365,710.611516878
366,713.913748026
367,720.48112128
368,720.48112128
369,722.820165331
370,723.888974807
371,724.146573259
372,727.394693673
373,730.350725681
374,730.350725681
375,734.459486116
376,734.716482933
377,736.02922334
378,736.586021172
379,741.692237358
380,744.281816138
381,745.206842621
382,748.808710389
383,749.316967278
384,750.703439041
385,750.862847772
386,751.561746272
387,757.810932393
388,758.938277542
389,766.436683229
390,768.029799754
391,769.013870444
392,770.699666831
393,774.076416655
394,774.665635001
395,775.217424738
396,775.754465447
397,778.572938019
398,780.296155379
399,781.089093437
400,784.56806184
401,787.670733646
402,789.568352087
403,789.568352087
404,790.375608759
405,796.10683272
406,799.270170938
407,802.524337179
408,802.757941214
409,803.546620639
410,804.086896977
411,806.086033601
412,806.896862304
413,808.519825913
414,809.307560889
415,809.307560889
416,812.574789013
417,812.899294358
418,814.14142176
419,814.477427474
420,815.595531358
421,817.288139589
422,824.534594836
423,827.408025588
424,827.592903478
425,827.599876809
426,828.060158919
427,829.278041496
428,829.938054767
429,833.383105939
430,833.475519451
431,837.098057147
432,838.916374093
433,838.916374093
434,838.916374093
435,838.916374093
436,840.208195564
437,840.335572304
438,842.222780294
439,850.496272631
440,852.906392006
441,854.264709315
442,854.713657298
443,856.086697291
444,862.046948298
445,864.27078842
446,864.680995664
447,868.101649282
448,869.406958293
449,870.01761729
450,872.126082896
451,872.570722424
452,875.404365193
453,878.394791697
454,878.394791697
455,880.711908073
456,883.112460146
457,883.910311875
458,888.264396098
459,888.264396098
460,890.94081953
461,890.983220943
462,893.804602077
463,895.949597215
464,896.894691184
465,898.909277327
466,898.942921381
467,900.515808192
468,901.434495748
469,906.141772588
470,910.048609853
471,913.180189099
472,913.194475874
473,917.838911881
474,922.201702857
475,922.706904676
476,923.639119844
477,928.602854381
478,931.846122577
479,932.115668346
480,932.155083748
481,933.99655481
482,934.702116288
483,936.539005077
484,937.484472381
485,937.783752168
486,944.043451463
487,946.844945134
488,948.578021911
489,948.773236622
490,953.991556875
491,954.049044982
492,957.000300245
493,957.351626906
494,957.351626906
495,959.638725306
496,961.069354686
497,961.541026344
498,961.933728772
499,967.221231307
500,971.83251438
501,979.757306656
502,982.919830363
503,983.946600728
504,984.966875804
505,985.400551549
506,986.960440109
507,986.960440109
508,990.941581784
509,992.257802024
510,993.408937832
511,993.780258046
512,993.909987856
513,994.44229168
514,995.874243685
515,996.83004451
516,996.83004451
517,1000.96087474
518,1002.06902666
519,1003.19289969
520,1003.84742186
521,1005.74492359
522,1008.29398317
523,1009.98798557
524,1011.32022109
525,1012.21795253
526,1013.20092069
527,1013.55791157
528,1016.67130054
529,1019.68860996
530,1020.44154321
531,1022.85106451
532,1024.29460229
533,1024.59573649
534,1025.94982128
535,1026.43885771
536,1026.43885771
537,1027.55292584
538,1033.87852849
539,1038.83047264
540,1040.10791859
541,1043.3379699
542,1043.69148247
543,1045.07887789
544,1046.17806652
545,1046.17806652
546,1047.83922587
547,1054.6105904
548,1054.77079673
549,1055.90744408
550,1057.920208
551,1062.11763804
552,1063.51200988
553,1064.05310869
554,1064.53389011
555,1065.44550938
556,1068.74375519
557,1070.02741755
558,1071.71439366
559,1075.78687972
560,1075.78687972
561,1076.6698006
562,1078.99258309
563,1079.04476063
564,1080.22749341
565,1087.67230823
566,1088.63942478
567,1088.91596443
568,1092.5128666
569,1092.91598757
570,1093.55083371
571,1095.10872188
572,1097.46034617
573,1100.63842551
574,1101.72392248
575,1102.38845234
576,1102.92106061
577,1109.31019373
578,1114.43665315
579,1115.26529732
580,1115.26529732
581,1115.28080635
582,1122.9512591
583,1124.12123263
584,1125.08663378
585,1129.69649196
586,1131.04016388
587,1132.53118546
588,1132.87729332
589,1135.03769733
590,1138.2054214
591,1139.82962577
592,1140.52661081
593,1141.41646559
594,1144.87411053
595,1144.87411053
596,1145.61585387
597,1154.74371493
598,1154.74371493
599,1155.27428391
600,1156.72063738
601,1157.243986
602,1159.84563473
603,1161.037515
604,1161.89526892
605,1165.3601208
606,1166.48396528
607,1168.40649278
608,1168.9030692
609,1172.32450799
610,1173.68602878
611,1174.56035947
612,1184.60585986
613,1184.77669286
614,1192.05179676
615,1195.31232249
616,1195.67369682
617,1196.5069635
618,1197.58513845
619,1198.0406758
620,1199.97184897
621,1200.99230516
622,1203.26280925
623,1204.08357354
624,1204.09173693
625,1204.09173693
626,1204.27558188
627,1204.60392342
628,1205.45506255
629,1206.42808599
630,1209.50681112
631,1211.07476308
632,1212.34012468
633,1213.08087909
634,1213.94669812
635,1217.81807037
636,1221.52608592
637,1221.65413076
638,1222.00562635
639,1222.55665751
640,1224.05938214
641,1224.21792528
642,1228.70723487
643,1228.80513049
644,1230.1356583
645,1230.95970076
646,1233.70055014
647,1233.70055014
648,1233.70055014
649,1233.70055014
650,1243.6288393
651,1244.92802524
652,1245.7572286
653,1248.90912964
654,1249.10402798
655,1251.64096447
656,1253.19468574
657,1256.9635966
658,1259.47721188
659,1262.56818523
660,1263.30936334
661,1267.45161002
662,1268.6973931
663,1271.21975492
664,1272.58390068
665,1276.17738424
666,1277.52152356
667,1277.87838892
668,1277.95683586
669,1278.4659768
670,1280.35556978
671,1283.04857214
672,1283.04857214
673,1283.04857214
674,1283.04857214
675,1284.81810551
676,1286.25413982
677,1291.27577213
678,1291.83260541
679,1294.52908185
680,1297.61842762
681,1299.35659991
682,1302.8664124
683,1304.66514907
684,1305.28930137
685,1306.63208161
686,1306.64467797
687,1308.81338521
688,1311.67569766
689,1312.92468576
690,1315.37037121
691,1316.60714952
692,1321.50914081
693,1323.92691186
694,1330.20796642
695,1330.48859488
696,1337.29672162
697,1339.17833337
698,1339.28116652
699,1341.54142704
700,1342.26619855
701,1342.26619855
702,1345.59173287
703,1352.13580295
704,1352.13580295
705,1352.15124215
706,1353.14405088
707,1353.17674033
708,1353.38286751
709,1353.4832847
710,1353.95495752
711,1357.92203199
712,1361.44153816
713,1361.64616125
714,1361.77053444
715,1366.90122776
716,1367.71136392
717,1371.07704956
718,1372.75299501
719,1377.09871726
720,1378.97742304
721,1381.31062221
722,1382.58707331
723,1382.60945874
724,1383.32137872
725,1385.85468679
726,1390.9009321
727,1393.40814607
728,1397.11836278
729,1400.27731791
730,1400.4958781
731,1407.61085301
732,1408.05823047
733,1409.98541693
734,1413.23084101
735,1413.39223245
736,1417.02459273
737,1417.418834
738,1418.64779196
739,1419.30165752
740,1424.34419308
741,1425.25805595
742,1425.63346939
743,1428.42834014
744,1429.36305849
745,1430.57723472
746,1431.09263816
747,1431.09263816
748,1431.09263816
749,1431.09263816
750,1431.12939115
751,1431.39616053
752,1432.31557918
753,1434.88331003
754,1436.91435977
755,1437.25712232
756,1438.0622136
757,1440.96224256
758,1440.96224256
759,1444.44936086
760,1446.55744065
761,1448.45968129
762,1449.58044352
763,1454.44825602
764,1456.64490313
765,1456.73320443
766,1458.36808896
767,1460.70145136
768,1460.70145136
769,1464.97938487
770,1467.31113631
771,1470.03404911
772,1470.57105576
773,1470.57105576
774,1471.40912861
775,1471.44268902
776,1474.49541007
777,1479.03848611
778,1481.4609804
779,1484.14346063
780,1484.19824859
781,1485.13478045
782,1487.88867095
783,1488.89097287
784,1492.4086452
785,1493.07800703
786,1494.57803472
787,1498.06077952
788,1501.36268429
789,1503.17872779
790,1507.01009934
791,1507.55380394
792,1510.04947337
793,1510.04947337
794,1510.41332954
795,1510.78212497
796,1510.93931321
797,1510.99936
798,1512.51540707
799,1513.43145926
800,1515.57566486
801,1520.09335961
802,1520.19792249
803,1522.59510266
804,1530.18820691
805,1532.0842937
806,1532.77019004
807,1535.68865347
808,1535.78103006
809,1537.24388981
810,1537.54040163
811,1540.11139815
812,1540.32263863
813,1541.96505303
814,1542.98337305
815,1549.52789097
816,1549.52789097
817,1552.16499767
818,1553.33440952
819,1554.26802616
820,1556.48670059
821,1557.34248958
822,1564.05572182
823,1570.55338345
824,1573.20579979
825,1573.23521833
826,1573.63886212
827,1579.13670417
828,1579.13670417
829,1583.00244199
830,1584.69835781
831,1585.56836674
832,1585.65248453
833,1585.7543829
834,1586.7354688
835,1589.32127024
836,1589.63813369
837,1591.75438184
838,1592.30901799
839,1593.26958941
840,1596.73387502
841,1598.87591298
842,1600.80264086
843,1606.17184793
844,1606.60451844
845,1610.79210547
846,1611.13777699
847,1611.90846968
848,1616.16162321
849,1616.51733416
850,1618.61512178
851,1618.61512178
852,1622.27770557
853,1622.83499546
854,1622.87676468
855,1629.19094019
856,1629.79861757
857,1632.3049136
858,1638.26498131
859,1639.08319387
860,1639.67652718
861,1639.90315899
862,1648.91491363
863,1649.41658479
864,1652.36102444
865,1654.01198716
866,1655.89780952
867,1657.27758352
868,1660.49207019
869,1663.28843782
870,1663.53611504
871,1667.96314378
872,1667.96314378
873,1671.17378219
874,1671.78153305
875,1672.15598287
876,1673.91859396
877,1675.04653205
878,1675.0848151
879,1676.63406109
880,1677.20141815
881,1677.83274819
882,1677.83274819
883,1677.83274819
884,1677.83274819
885,1679.23847191
886,1679.69319597
887,1682.64648918
888,1683.53323897
889,1685.4868303
890,1689.99559279
891,1692.47135386
892,1693.3512699
893,1693.53676024
894,1693.5447276
895,1694.74633328
896,1697.93977149
897,1700.7035961
898,1701.41168121
899,1704.80957562
900,1705.03859955
901,1707.44156139
902,1707.44156139
903,1708.20331604
904,1708.56024551
905,1712.87483337
906,1717.40920503
907,1719.37564776
908,1722.40685485
909,1722.6874334
910,1723.36543869
911,1725.77793932
912,1729.96468326
913,1732.17516371
914,1734.96370756
915,1735.16967122
916,1738.17354816
917,1740.05912161
918,1742.58552294
919,1744.12168128
920,1744.60825109
921,1746.53434939
922,1746.75461374
923,1747.6101044
924,1751.34506381
925,1751.91502413
926,1753.50705412
927,1754.33656939
928,1755.68605156
929,1756.28881361
930,1756.78958339
931,1756.78958339
932,1763.54690875
933,1764.17682031
934,1764.36419254
935,1766.97843066
936,1769.19969585
937,1769.75042082
938,1776.5287922
939,1776.5287922
940,1779.17135802
941,1781.47235571
942,1782.75130542
943,1783.14866923
944,1784.76011899
945,1785.72090557
946,1786.3983966
947,1786.3983966
948,1788.23819137
949,1792.73184788
950,1793.50905121
951,1797.0395596
952,1803.31824381
953,1805.89114044
954,1807.13161982
955,1809.35574481
956,1814.93740065
957,1815.00093966
958,1816.30260979
959,1821.62662149
960,1825.8768142
961,1825.8768142
962,1825.8768142
963,1825.8768142
964,1825.92617902
965,1826.9222045
966,1827.51838914
967,1831.76738436
968,1836.0896318
969,1839.30735268
970,1840.97105147
971,1841.60242148
972,1842.30720185
973,1842.6691873
974,1844.41535639
975,1845.78537734
976,1849.06070243
977,1851.13331107
978,1851.8031014
979,1853.3552515
980,1853.47265868
981,1854.15465932
982,1856.78958433
983,1857.80443423
984,1864.42829568
985,1867.06402047
986,1868.19428785
987,1869.50360362
988,1870.56209924
989,1875.16457821
990,1876.87419884
991,1881.06154554
992,1881.08923697
993,1883.99422108
994,1885.89280437
995,1889.1228206
996,1893.16296945
997,1893.27989407
998,1896.07397942
999,1900.20682179
1000,1902.1811996
1001,1904.83364941
1002,1904.83364941
1003,1906.20660634
1004,1908.10868701
1005,1909.28111078
1006,1909.91402007
1007,1914.70325381
1008,1914.70325381
1009,1918.06802737
1010,1919.63419763
1011,1921.14384515
1012,1921.45061861
1013,1922.4987485
1014,1926.88355507
1015,1931.436858
1016,1931.52073755
1017,1932.94117778
1018,1934.46365079
1019,1937.76242581
1020,1938.3488921
1021,1940.43675347
1022,1941.15926679
1023,1942.36779093
1024,1943.10712372
1025,1943.34730245
1026,1944.31206701
1027,1944.31206701
1028,1944.45437804
1029,1944.61298112
1030,1945.65250628
1031,1950.3744322
1032,1951.41945704
1033,1955.14818772
1034,1957.47585393
1035,1958.36798252
1036,1958.92626357
1037,1959.44455363
1038,1962.25561299
1039,1964.38723068
1040,1966.71522737
1041,1967.4404624
1042,1969.72144946
1043,1969.86629187
1044,1973.92088022
1045,1973.92088022
1046,1973.92088022
1047,1978.28837141
1048,1980.60779988
1049,1981.77286685
1050,1983.86116068
1051,1984.42323757
1052,1985.37657823
1053,1989.22950403
1054,1990.05738339
1055,1992.96025421
1056,1993.66008902
1057,1993.66008902
1058,1995.64826262
1059,1996.26675231
1060,2001.57420798
1061,2002.60041449
1062,2003.1019141
1063,2005.99378936
1064,2007.24682568
1065,2011.3024409
1066,2011.41777453
1067,2012.16750449
1068,2015.09730325
1069,2016.086404
1070,2016.71798002
1071,2017.91456003
1072,2017.95750611
1073,2023.26890222
1074,2023.26890222
1075,2023.26890222
1076,2023.26890222
1077,2033.44308681
1078,2034.57527735
1079,2035.93618491
1080,2037.34049389
1081,2037.55160858
1082,2042.80170277
1083,2043.91477284
1084,2046.59864602
1085,2047.09619578
1086,2049.57249177
1087,2050.7542958
1088,2052.8139956
1089,2052.87771543
1090,2052.87771543
1091,2058.21987899
1092,2059.84238918
1093,2062.12216409
1094,2062.98294884
1095,2065.48291188
1096,2066.39819048
1097,2066.55797985
1098,2067.40471881
1099,2068.73228243
1100,2069.46962814
1101,2071.25261475
1102,2075.09119282
1103,2079.22285181
1104,2082.35584832
1105,2087.09273128
1106,2088.61515948
1107,2092.35613303
1108,2092.35613303
1109,2093.42834729
1110,2093.79153215
1111,2094.1695146
1112,2097.75437373
1113,2099.32402248
1114,2103.05413624
1115,2103.91260788
1116,2106.56989105
1117,2108.0831305
1118,2108.36885745
1119,2110.90914132
1120,2115.78126028
1121,2117.64603573
1122,2120.75808003
1123,2122.08430793
1124,2123.78785551
1125,2124.44057069
1126,2125.72500088
1127,2126.34074474
1128,2127.60327778
1129,2132.34903096
1130,2132.48686004
1131,2133.7643254
1132,2133.76551001
1133,2135.64455162
1134,2138.62723678
1135,2139.37514477
1136,2147.64187389
1137,2148.22476761
1138,2151.57375944
1139,2151.57375944
1140,2152.01786451
1141,2154.11787721
1142,2156.97208508
1143,2160.40710869
1144,2161.88290839
1145,2163.01395239
1146,2166.09206453
1147,2169.5262172
1148,2170.4974769
1149,2173.78740803
1150,2177.72139448
1151,2181.18257264
1152,2181.18257264
1153,2181.18257264
1154,2181.18257264
1155,2182.0086516
1156,2182.60295786
1157,2186.47304974
1158,2186.71005169
1159,2188.17106271
1160,2191.66555153
1161,2194.08065436
1162,2197.13327683
1163,2201.88633523
1164,2209.83829239
1165,2211.01058947
1166,2212.66571125
1167,2213.57279282
1168,2214.77446594
1169,2215.5913608
1170,2217.7383758
1171,2218.76796713
1172,2219.05976467
1173,2220.66099025
1174,2220.66099025
1175,2221.45556989
1176,2225.1606573
1177,2226.30625623
1178,2227.76798608
1179,2227.77554665
1180,2229.11887345
1181,2229.59605214
1182,2230.53059465
1183,2230.53059465
1184,2231.15570272
1185,2234.73269731
1186,2237.56995773
1187,2240.65349456
1188,2242.70896965
1189,2243.10136035
1190,2243.39303633
1191,2245.10704471
1192,2246.11096145
1193,2248.01061474
1194,2248.60329847
1195,2250.35492924
1196,2252.51379547
1197,2252.67337032
1198,2254.25005564
1199,2257.57515652
1200,2259.33490751
1201,2260.13940785
1202,2260.13940785
1203,2262.98503415
1204,2267.11041619
1205,2268.29777288
1206,2269.29754539
1207,2271.74979464
1208,2272.04044264
1209,2274.11345591
1210,2277.20989015
1211,2279.65619678
1212,2283.68656304
1213,2284.05194844
1214,2286.23775956
1215,2287.00655412
1216,2288.12031027
1217,2289.74822105
1218,2289.74822105
1219,2291.49312118
1220,2293.60614919
1221,2293.6897786
1222,2299.61782545
1223,2299.61782545
1224,2300.40879786
1225,2301.79662993
1226,2302.88087564
1227,2303.3589343
1228,2309.24483838
1229,2309.48742985
1230,2309.48742985
1231,2311.01028557
1232,2316.74551381
1233,2317.72299261
1234,2320.63960611
1235,2322.49664132
1236,2325.32866619
1237,2327.56213739
1238,2327.74953868
1239,2328.60593865
1240,2330.17950892
1241,2330.34675973
1242,2332.85119004
1243,2334.71116888
1244,2337.13800403
1245,2338.82766375
1246,2339.73896851
1247,2341.14599572
1248,2344.50730892
1249,2346.82019185
1250,2351.04962465
1251,2354.10614869
1252,2354.37185549
1253,2356.70287654
1254,2360.03495268
1255,2360.66412838
1256,2362.11438268
1257,2362.62988871
1258,2363.36843508
1259,2368.6730276
1260,2370.34109754
1261,2370.53580463
1262,2373.78166357
1263,2376.30295763
1264,2378.57466066
1265,2378.57466066
1266,2378.80939939
1267,2380.91130215
1268,2381.50637066
1269,2382.43913335
1270,2384.93759361
1271,2386.63795816
1272,2387.31183717
1273,2388.44426506
1274,2397.28476123
1275,2400.72703952
1276,2402.09331542
1277,2404.14513819
1278,2407.00286104
1279,2408.18347387
1280,2408.18347387
1281,2408.52778528
1282,2409.42954198
1283,2409.5242821
1284,2410.92166051
1285,2417.63595553
1286,2418.05307827
1287,2418.05307827
1288,2420.39100742
1289,2423.61136379
1290,2425.77437773
1291,2431.5442882
1292,2431.66213209
1293,2432.0061146
1294,2432.61897648
1295,2434.22171383
1296,2439.05224815
1297,2443.86168602
1298,2443.91693498
1299,2445.52507324
1300,2453.20192154
1301,2457.90838421
1302,2458.21989704
1303,2461.01985875
1304,2461.93239585
1305,2462.77939317
1306,2462.89857328
1307,2465.44562807
1308,2467.40110027
1309,2467.40110027
1310,2467.40110027
1311,2467.40110027
1312,2471.27305715
1313,2471.5818925
1314,2471.85171722
1315,2474.98523687
1316,2476.67377083
1317,2477.13147435
1318,2477.46938187
1319,2484.98887411
1320,2485.04990503
1321,2485.78948256
1322,2486.58361203
1323,2489.57023404
1324,2491.99375183
1325,2499.41387068
1326,2500.25541101
1327,2504.20206167
1328,2505.18096994
1329,2505.27467961
1330,2508.18784509
1331,2509.69484982
1332,2509.83171788
1333,2511.15712377
1334,2518.14489759
1335,2518.21435752
1336,2520.92259068
1337,2522.08586202
1338,2527.26988684
1339,2528.14735869
1340,2530.1478377
1341,2531.6778593
1342,2531.89089115
1343,2533.28024495
1344,2533.46569438
1345,2535.13432909
1346,2535.23432476
1347,2536.48833108
1348,2536.48833108
1349,2537.56637569
1350,2542.4308113
1351,2544.21554056
1352,2544.47335957
1353,2548.55805854
1354,2549.42786235
1355,2549.70934464
1356,2550.72728572
1357,2551.92905845
1358,2553.97342423
1359,2556.18839319
1360,2558.06069625
1361,2558.32370521
1362,2559.52536766
1363,2561.4390481
1364,2566.09714428
1365,2566.09714428
1366,2566.09714428
1367,2566.09714428
1368,2566.52669905
1369,2567.02728334
1370,2567.21393303
1371,2569.50831752
1372,2571.4556451
1373,2574.06456863
1374,2575.96674868
1375,2575.96674868
1376,2576.66058163
1377,2580.38618437
1378,2582.22005226
1379,2584.45041149
1380,2586.56868282
1381,2588.94779398
1382,2590.61206615
1383,2592.90111212
1384,2593.11643884
1385,2595.66783943
1386,2596.79520318
1387,2600.62485116
1388,2603.36648145
1389,2604.43480523
1390,2606.45221273
1391,2607.84959151
1392,2608.84977439
1393,2611.52303306
1394,2611.53127371
1395,2615.44516629
1396,2615.44516629
1397,2615.44516629
1398,2615.44516629
1399,2617.91267918
1400,2622.86392988
1401,2627.24193668
1402,2634.40658063
1403,2634.53695345
1404,2634.7058348
1405,2638.57767552
1406,2640.00053699
1407,2642.90808669
1408,2643.04259264
1409,2644.82469769
1410,2645.05893922
1411,2647.28752398
1412,2647.69335519
1413,2650.15108142
1414,2654.05501927
1415,2654.33276003
1416,2654.92358389
1417,2654.92358389
1418,2658.54368815
1419,2659.91960529
1420,2662.037367
1421,2662.22967757
1422,2662.9197485
1423,2666.17046035
1424,2670.33819834
1425,2671.81707704
1426,2672.29651364
1427,2672.91345143
1428,2674.08653871
1429,2676.22218608
1430,2680.08450647
1431,2681.35272702
1432,2681.59712868
1433,2682.02611228
1434,2684.5323971
1435,2684.5323971
1436,2686.61893538
1437,2689.07063708
1438,2690.46388732
1439,2692.49664174
1440,2694.52612408
1441,2696.88757354
1442,2704.2716059
1443,2704.2716059
1444,2707.75126111
1445,2708.83257
1446,2710.40331845
1447,2714.85524023
1448,2716.84713758
1449,2716.93729858
1450,2720.1666424
1451,2720.80745712
1452,2724.52800527
1453,2731.22464523
1454,2732.19411876
1455,2733.84042171
1456,2733.8804191
1457,2733.8804191
1458,2734.70531057
1459,2739.26105717
1460,2741.72071554
1461,2743.40209352
1462,2743.71409476
1463,2746.34965847
1464,2747.2525415
1465,2750.0719008
1466,2751.61988599
1467,2751.80152527
1468,2751.88436941
1469,2753.42563086
1470,2755.72303052
1471,2758.88504783
1472,2764.94377634
1473,2767.37260326
1474,2773.35883671
1475,2773.35883671
1476,2773.77929213
1477,2775.82627576
1478,2777.02674185
1479,2778.2210244
1480,2778.28058676
1481,2780.62392711
1482,2780.65728082
1483,2781.22689493
1484,2786.85193626
1485,2787.64198237
1486,2788.1543637
1487,2789.25386967
1488,2790.31162451
1489,2796.11089607
1490,2796.46260929
1491,2796.87955196
1492,2797.54930721
1493,2803.61346535
1494,2809.41154804
1495,2809.5600406
1496,2811.18124773
1497,2813.89892611
1498,2814.9962756
1499,2815.6502042
1500,2818.19500025
1501,2818.70704561
1502,2818.78920617
1503,2825.30621964
1504,2825.70443759
1505,2829.55788587
1506,2830.96384075
1507,2834.81347305
1508,2840.35703382
1509,2842.44606751
1510,2844.46408786
1511,2845.10300163
1512,2848.00375732
1513,2848.35350579
1514,2852.31567191
1515,2852.31567191
1516,2855.40775039
1517,2862.18527632
1518,2862.18527632
1519,2862.87089441
1520,2867.2072309
1521,2870.4214541
1522,2871.33242919
1523,2877.7915659
1524,2881.7101536
1525,2881.92448512
1526,2881.92448512
1527,2882.00186395
1528,2885.83907075
1529,2888.05631005
1530,2891.1448904
1531,2891.34631472
1532,2891.91088434
1533,2892.73903294
1534,2898.03081377
1535,2901.67591925
1536,2901.89346215
1537,2915.35439716
1538,2915.68263749
1539,2917.89929891
1540,2919.76265945
1541,2921.32096697
1542,2921.40290272
1543,2921.40290272
1544,2922.53740283
1545,2924.13748843
1546,2924.80025686
1547,2927.17039871
1548,2927.26831248
1549,2935.21055847
1550,2943.65425167
1551,2944.55775719
1552,2944.87309013
1553,2945.25992832
1554,2946.78761195
1555,2958.7426677
1556,2960.20971413
1557,2960.58913737
1558,2965.28367186
1559,2965.7802198
1560,2966.55091489
1561,2969.45201374
1562,2977.67357046
1563,2981.28747486
1564,2985.15920563
1565,2987.07453271
1566,2991.20051988
1567,2991.6348252
1568,2994.03012914
1569,2994.46168102
1570,2994.46865415
1571,2999.32835277
1572,3001.26771419
1573,3004.70076032
1574,3005.92266598
1575,3010.22934233
1576,3010.22934233
1577,3017.84290078
1578,3019.41158077
1579,3020.09894673
1580,3020.09894673
1581,3021.11483649
1582,3028.40294302
1583,3032.49708213
1584,3034.669281
1585,3036.29358822
1586,3038.56879972
1587,3044.21830322
1588,3047.91020949
1589,3048.06422181
1590,3050.65683552
1591,3053.67446847
1592,3063.49366826
1593,3064.48458731
1594,3068.9111919
1595,3070.70947352
1596,3078.39096028
1597,3080.01185226
1598,3080.59504591
1599,3083.20559817
1600,3089.18617754
1601,3089.18617754
1602,3093.80963013
1603,3099.6422
1604,3104.12614157
1605,3107.61282072
1606,3110.27985494
1607,3110.97252393
1608,3113.97048365
1609,3116.05462174
1610,3116.41213834
1611,3119.33220494
1612,3121.14351166
1613,3122.66220545
1614,3128.66459515
1615,3128.66459515
1616,3130.92502985
1617,3134.29231871
1618,3138.31322768
1619,3142.77417076
1620,3149.27767118
1621,3153.28439785
1622,3158.27340835
1623,3158.27340835
1624,3158.36401925
1625,3163.30628009
1626,3164.43080457
1627,3167.29061634
1628,3168.67343672
1629,3182.5113404
1630,3190.73692362
1631,3195.72273233
1632,3198.04295407
1633,3202.54649426
1634,3202.71253348
1635,3204.48795747
1636,3207.62143035
1637,3207.62143035
1638,3212.45805326
1639,3213.42565302
1640,3214.00535468
1641,3217.76256406
1642,3219.54055567
1643,3227.93209471
1644,3233.88180058
1645,3240.08616646
1646,3240.12524372
1647,3245.92160297
1648,3249.51412868
1649,3249.66905791
1650,3253.87907716
1651,3256.88496837
1652,3259.9966186
1653,3262.19825343
1654,3266.98939875
1655,3273.37715144
1656,3275.50000002
1657,3279.87185068
1658,3283.39593384
1659,3286.26426554
1660,3293.62050882
1661,3294.89351009
1662,3302.86528139
1663,3304.13168695
1664,3308.29273075
1665,3311.62400035
1666,3312.41010565
1667,3323.5108083
1668,3326.05668317
1669,3326.05668317
1670,3327.75693379
1671,3335.92628757
1672,3337.41235523
1673,3346.20070851
1674,3346.38403477
1675,3347.95604625
1676,3355.66549637
1677,3355.66549637
1678,3359.73279858
1679,3363.71397557
1680,3371.68412313
1681,3373.09100964
1682,3377.4748645
1683,3378.83680539
1684,3392.5508908
1685,3403.1614383
1686,3409.25384618
1687,3409.26963083
1688,3413.12555792
1689,3413.6736131
1690,3414.88312278
1691,3414.88312278
1692,3419.05765155
1693,3424.35004617
1694,3428.6434417
1695,3430.64179188
1696,3432.56031843
1697,3432.79527006
1698,3441.71566542
1699,3443.96967567
1700,3453.79687847
1701,3457.35243725
1702,3458.3551282
1703,3469.38477887
1704,3474.5500617
1705,3476.43603449
1706,3487.27928852
1707,3491.54289242
1708,3494.00473084
1709,3502.65469787
1710,3509.07859554
1711,3513.57916679
1712,3513.57916679
1713,3516.4265509
1714,3522.72898086
1715,3524.23345562
1716,3527.54756446
1717,3533.73904242
1718,3536.6962621
1719,3536.73159653
1720,3537.14828191
1721,3547.48321584
1722,3551.79752599
1723,3568.5557022
1724,3571.25757866
1725,3574.86037046
1726,3585.81935944
1727,3586.0280099
1728,3588.1832504
1729,3591.24179998
1730,3602.4056064
1731,3602.4056064
1732,3606.55968382
1733,3618.52878811
1734,3618.96957953
1735,3625.14445811
1736,3627.85565949
1737,3628.18571361
1738,3641.884024
1739,3641.884024
1740,3643.72670301
1741,3648.90042222
1742,3654.84337368
1743,3656.16742337
1744,3671.32371501
1745,3674.04364506
1746,3684.26562165
1747,3687.46889701
1748,3688.19152476
1749,3713.94147793
1750,3718.04978156
1751,3720.84085921
1752,3720.84085921
1753,3723.85163435
1754,3724.30400163
1755,3724.67664971
1756,3729.6262534
1757,3731.90884522
1758,3733.13568105
1759,3749.68169685
1760,3757.33699108
1761,3764.37658277
1762,3770.05533179
1763,3774.29445196
1764,3783.74197403
1765,3790.94060218
1766,3798.08007519
1767,3806.63366637
1768,3807.464006
1769,3816.55690068
1770,3829.60128306
1771,3830.62889047
1772,3831.60379336
1773,3833.09467044
1774,3837.4144607
1775,3847.5383767
1776,3852.51936981
1777,3866.60847793
1778,3868.88492523
1779,3870.47430874
1780,3887.25114895
1781,3888.62413403
1782,3888.62413403
1783,3896.27975155
1784,3912.6309835
1785,3920.21445756
1786,3937.53719624
1787,3939.28103846
1788,3945.66748936
1789,3947.47406905
1790,3947.84176044
1791,3947.84176044
1792,3956.83172117
1793,3964.86684764
1794,3969.20808933
1795,3985.52043467
1796,3991.05664955
1797,3995.24759327
1798,4008.98965644
1799,4014.1040622
1800,4024.75020032
1801,4029.92578207
1802,4034.11703851
1803,4050.14405282
1804,4052.87113856
1805,4060.03677663
1806,4067.4543675
1807,4075.94717553
1808,4077.31012288
1809,4084.94198512
1810,4091.09142085
1811,4105.14344491
1812,4118.97829203
1813,4125.52781097
1814,4136.05424154
1815,4141.49051949
1816,4155.10345286
1817,4155.10345286
1818,4170.75661495
1819,4171.75121444
1820,4186.23917627
1821,4194.58187046
1822,4194.58187046
1823,4202.14217527
1824,4203.28106478
1825,4228.84050112
1826,4241.44297734
1827,4246.62155913
1828,4248.94819542
1829,4278.43075627
1830,4280.83040415
1831,4283.49605572
1832,4285.13114143
1833,4303.67207426
1834,4310.99087485
1835,4321.24298956
1836,4325.70155635
1837,4334.01329687
1838,4346.43730225
1839,4364.92191645
1840,4372.24914657
1841,4399.92926546
1842,4406.40197892
1843,4411.19878724
1844,4423.49194488
1845,4435.92916206
1846,4441.32198049
1847,4443.79619978
1848,4461.06118929
1849,4461.06118929
1850,4488.91630589
1851,4497.7401485
1852,4521.7820463
1853,4535.24426977
1854,4542.78833147
1855,4570.24472078
1856,4571.58037921
1857,4574.96685653
1858,4582.75202526
1859,4599.1659798
1860,4612.51294054
1861,4620.61167831
1862,4664.98159315
1863,4674.67527105
1864,4700.50751445
1865,4704.43293551
1866,4711.36426092
1867,4728.07854227
1868,4747.27971692
1869,4747.27971692
1870,4789.8416105
1871,4805.48165134
1872,4844.25444496
1873,4848.78726266
1874,4869.31906092
1875,4873.46334318
1876,4901.91131999
1877,4907.79802396
1878,4981.45672368
1879,4989.12087766
1880,5014.18669202
1881,5024.12459502
1882,5053.23745336
1883,5111.76996032
1884,5170.0972735
1885,5175.88571259
1886,5193.56534584
1887,5313.89610917
1888,5351.50419619
