# Domain: L_shaped (FEM, paper eigenvalues-head run, dense eig full spectrum)
# Resolution Hmax = 0.06, dofs = 3663
# Computation time: 5.4864 s
n,lambda_n
1,9.64674719332
2,15.1973715436
3,19.739286198
4,29.5217787623
5,31.9300529441
6,41.4881057001
7,44.9498798106
8,49.3492455777
9,49.34925998
10,56.7257591918
11,65.3799024125
12,71.0782989203
13,71.5764506711
14,78.961837496
15,89.3597034146
16,92.315255569
17,97.3909222081
18,98.7056917268
19,98.7058826748
20,101.639818777
21,112.389137501
22,115.537630551
23,128.325946279
24,128.326231336
25,130.140879202
26,130.292292795
27,142.514950789
28,151.155234797
29,154.593381149
30,162.241057101
31,164.762459998
32,164.898832471
33,167.830061015
34,167.830404056
35,177.709141875
36,179.793103734
37,184.126604053
38,197.467474206
39,197.469902798
40,201.567424807
41,207.496255786
42,208.863620794
43,209.568661429
44,223.329633559
45,223.747430845
46,236.329839913
47,238.551066522
48,246.887545059
49,246.889100639
50,250.9784157
51,253.041115672
52,256.773873383
53,256.778019069
54,265.968035138
55,269.630421558
56,270.422837755
57,281.57667406
58,286.444862826
59,286.448694195
60,289.333259264
61,293.856116236
62,307.060604893
63,307.218243215
64,310.656324643
65,314.102136491
66,316.135060709
67,335.918118972
68,335.926880488
69,335.94200436
70,336.186546378
71,346.536681291
72,351.863454826
73,360.213563474
74,360.968257252
75,365.639420881
76,365.647759289
77,370.045518829
78,372.758254892
79,376.68195954
80,383.459093101
81,390.439057447
82,391.080058181
83,395.367703037
84,395.380580791
85,405.289789609
86,405.295618622
87,416.400399342
88,420.351398277
89,427.446693248
90,427.817406704
91,433.69768198
92,444.654425348
93,444.964532345
94,444.974317078
95,455.005545182
96,455.020351712
97,455.080711177
98,465.417205921
99,479.880584835
100,480.736659532
101,486.959628817
102,491.316004917
103,494.602842436
104,494.626518317
105,494.636083572
106,500.548793836
107,503.510936431
108,513.915394973
109,514.477911232
110,514.531144238
111,514.874484735
112,524.424201985
113,524.449390123
114,531.843916754
115,538.193904788
116,546.629592628
117,547.783344586
118,560.995724792
119,565.53841449
120,566.694194861
121,567.165353854
122,574.187937702
123,574.209665932
124,577.583478306
125,579.996112956
126,593.564474266
127,593.940198008
128,604.089663751
129,604.097982611
130,607.629201582
131,611.710585857
132,632.888574154
133,636.610996621
134,639.361629372
135,643.924860582
136,643.958290945
137,643.990984853
138,644.031423795
139,644.347264478
140,645.085095239
141,651.51744185
142,656.81515396
143,663.413736861
144,666.372605824
145,673.900746433
146,673.940629403
147,677.292547074
148,688.740002509
149,689.751283495
150,694.999123929
151,702.176779446
152,713.916581969
153,718.241043103
154,718.966032814
155,723.893211066
156,723.925198815
157,726.00209247
158,726.07231189
159,733.85378974
160,733.984921673
161,750.990601488
162,751.616777793
163,757.340051847
164,757.539399432
165,763.183722976
166,768.118830327
167,785.3867802
168,794.028067079
169,794.084968106
170,794.532456351
171,799.896629249
172,801.987408822
173,805.945058609
174,811.638111078
175,812.619532252
176,812.728126351
177,814.106200178
178,814.16914449
179,830.035585341
180,831.85793621
181,838.733786253
182,842.692363825
183,844.172124293
184,844.237757152
185,844.246647746
186,844.312400692
187,861.550090337
188,866.312539852
189,881.144393057
190,881.293623953
191,884.489251923
192,884.517966068
193,887.036351073
194,894.514186303
195,894.56275207
196,898.45995441
197,906.464000735
198,906.605357511
199,910.164540555
200,925.900741661
201,926.615300354
202,930.344055335
203,936.25146265
204,936.4128811
205,944.550837821
206,945.806758611
207,965.115031437
208,965.219869675
209,967.966599149
210,969.927537599
211,975.281720719
212,981.304806083
213,982.126284472
214,995.315465529
215,995.726760249
216,1001.1982476
217,1002.67820022
218,1005.42320661
219,1005.63732852
220,1008.39191438
221,1012.70699439
222,1019.29115244
223,1023.01283472
224,1027.94982122
225,1035.77368434
226,1036.05063034
227,1036.72904512
228,1047.94922862
229,1049.17837847
230,1056.20916982
231,1056.34880905
232,1060.86512129
233,1065.3774984
234,1069.60172383
235,1073.14416686
236,1081.2725338
237,1086.47324989
238,1086.60621355
239,1087.13375285
240,1108.51509931
241,1108.7002611
242,1111.83239286
243,1112.14206396
244,1117.79954734
245,1123.76675989
246,1127.31186513
247,1127.46133017
248,1138.75380887
249,1140.06350124
250,1151.40557734
251,1152.42148846
252,1157.7606299
253,1158.03574154
254,1168.08888971
255,1168.17801896
256,1177.04151004
257,1183.87466781
258,1184.37940723
259,1188.35626854
260,1195.41071802
261,1207.2273875
262,1208.35616956
263,1214.83541433
264,1215.60524049
265,1218.95878481
266,1219.21159265
267,1226.14356704
268,1231.27491532
269,1233.1551663
270,1241.24956734
271,1241.92811538
272,1249.36088056
273,1249.60927336
274,1249.70672303
275,1250.00241119
276,1257.49507568
277,1258.26553874
278,1262.3050477
279,1266.61262203
280,1280.59261903
281,1280.86277206
282,1281.88905788
283,1300.6992352
284,1300.91169622
285,1301.07337603
286,1301.69295291
287,1304.83908083
288,1308.88241468
289,1328.18325038
290,1331.37019804
291,1334.20230216
292,1335.25939231
293,1340.76373294
294,1349.52140507
295,1356.28303628
296,1358.89178529
297,1362.61932462
298,1363.14116068
299,1364.21760698
300,1364.56661615
301,1372.50632017
302,1372.90878098
303,1373.08037653
304,1386.2569971
305,1399.25388828
306,1405.59175288
307,1408.50409969
308,1408.72032075
309,1418.94508439
310,1421.23865232
311,1433.40727986
312,1435.51692584
313,1449.41623122
314,1452.71184363
315,1455.47542267
316,1455.5275239
317,1455.74445226
318,1455.91254635
319,1464.15818442
320,1465.69377269
321,1466.39101819
322,1468.55045234
323,1473.30002762
324,1473.53365468
325,1486.42020049
326,1486.73787509
327,1487.00027785
328,1487.61840683
329,1497.02071856
330,1497.32198522
331,1510.88861514
332,1515.13266868
333,1516.7827316
334,1520.93581679
335,1521.7437247
336,1530.71942692
337,1538.22594201
338,1538.33863189
339,1543.52309866
340,1561.31572175
341,1563.52018822
342,1573.41961984
343,1579.88081938
344,1580.13839352
345,1580.34299584
346,1582.11579021
347,1583.36778918
348,1583.41566913
349,1589.09883316
350,1589.46605076
351,1605.51541752
352,1609.6978114
353,1611.65575929
354,1612.09066492
355,1612.5429423
356,1613.27054198
357,1632.98293541
358,1647.31021219
359,1647.78943155
360,1650.88924482
361,1652.57457622
362,1653.89948446
363,1655.14746779
364,1665.52336019
365,1671.07155374
366,1696.59626447
367,1698.03116586
368,1701.00502289
369,1705.25696659
370,1705.55099819
371,1707.99675438
372,1711.98890906
373,1712.63539795
374,1715.62311989
375,1716.04640899
376,1716.74471377
377,1717.06091407
378,1725.33189612
379,1726.4495905
380,1735.03599443
381,1739.81278736
382,1742.23370881
383,1746.97517197
384,1747.88000645
385,1748.8395688
386,1764.34428905
387,1766.49154324
388,1768.41262682
389,1773.32279548
390,1775.39365688
391,1778.9956265
392,1799.21220785
393,1800.07904502
394,1800.55699361
395,1801.4376704
396,1821.19799618
397,1821.99808822
398,1822.3744003
399,1826.75564542
400,1832.86659362
401,1833.19958705
402,1834.89796335
403,1836.98671161
404,1847.67986383
405,1849.17919024
406,1854.28324742
407,1855.14182605
408,1874.19259056
409,1874.91099788
410,1875.69856593
411,1876.14098265
412,1884.86746904
413,1885.86641719
414,1888.7342381
415,1893.99423985
416,1900.31717035
417,1908.67947559
418,1913.01892556
419,1918.9497856
420,1929.77434459
421,1937.21962421
422,1937.64103068
423,1952.58220402
424,1955.96220799
425,1959.59857549
426,1960.16633735
427,1961.83174825
428,1970.19392166
429,1971.01471838
430,1971.52168991
431,1974.06937199
432,1991.87065006
433,1995.97964662
434,1996.79271644
435,2001.24521361
436,2001.45389195
437,2002.93381573
438,2006.13371337
439,2008.03157634
440,2022.32038706
441,2024.85444662
442,2030.8175242
443,2031.5481139
444,2033.36551542
445,2034.90979318
446,2035.70987791
447,2042.22697178
448,2047.32890551
449,2053.82368576
450,2058.49503492
451,2059.59711141
452,2065.36764013
453,2086.45045988
454,2087.13946923
455,2088.17060528
456,2088.81980803
457,2092.06801352
458,2093.28000091
459,2104.78775628
460,2105.82079513
461,2111.03956729
462,2118.81824774
463,2119.30117061
464,2121.5853149
465,2131.38418211
466,2133.56038816
467,2145.18323068
468,2151.6952899
469,2154.32615312
470,2156.0281011
471,2162.59549624
472,2164.22711677
473,2164.6450205
474,2169.19164345
475,2184.53699856
476,2185.98807978
477,2187.07524899
478,2190.36527616
479,2201.48697371
480,2203.14475064
481,2218.44160111
482,2220.15677596
483,2226.28789765
484,2228.43069659
485,2233.62131799
486,2234.28988282
487,2240.84942053
488,2243.33055152
489,2254.33507078
490,2255.60435451
491,2260.40148122
492,2261.91359306
493,2262.8505976
494,2263.39214125
495,2302.08413703
496,2302.61439999
497,2305.51010747
498,2306.35327575
499,2309.33372832
500,2309.81341281
501,2311.38186998
502,2313.33016528
503,2314.90149327
504,2317.20760274
505,2321.0332377
506,2330.31864116
507,2337.73714006
508,2339.13252593
509,2339.73274116
510,2346.80479695
511,2348.41484067
512,2348.89111534
513,2365.65702741
514,2367.29697873
515,2369.9315496
516,2379.33840463
517,2379.97568896
518,2381.36525276
519,2382.65352881
520,2391.26160514
521,2392.64734612
522,2400.57869572
523,2402.30825686
524,2404.23973117
525,2410.79049513
526,2412.06035781
527,2417.105351
528,2418.95993976
529,2435.4431233
530,2447.50842467
531,2448.5651213
532,2451.73282468
533,2454.29332128
534,2455.63358562
535,2476.18950026
536,2478.10295521
537,2481.11739725
538,2481.94343017
539,2489.57141744
540,2490.90339364
541,2495.62301404
542,2507.53487462
543,2509.85965422
544,2511.10752246
545,2516.00054051
546,2518.1064306
547,2521.33847055
548,2523.17042209
549,2524.35907865
550,2536.69848728
551,2539.99700404
552,2546.19362168
553,2548.49765808
554,2565.98234493
555,2567.26537219
556,2574.51932379
557,2577.94682814
558,2578.41403107
559,2578.63210311
560,2582.90157251
561,2586.21511664
562,2601.24642743
563,2610.16924779
564,2612.97602972
565,2622.19068215
566,2625.66707128
567,2630.15136793
568,2643.06231281
569,2644.87962375
570,2651.13304743
571,2651.81523157
572,2654.6595306
573,2655.97183185
574,2664.79002188
575,2666.20906829
576,2675.3404607
577,2676.93844596
578,2682.74865795
579,2685.184194
580,2687.57177138
581,2688.84671666
582,2689.9510185
583,2693.00468988
584,2694.01175657
585,2695.85282423
586,2702.44995726
587,2705.43484533
588,2717.49523816
589,2724.40486628
590,2726.19101852
591,2728.76937133
592,2741.17342364
593,2741.94847177
594,2744.51152732
595,2745.2450979
596,2748.70530414
597,2749.37560443
598,2771.584856
599,2776.09703382
600,2783.85751139
601,2785.91595637
602,2788.71093516
603,2792.12213742
604,2793.41688251
605,2795.43670375
606,2819.25637779
607,2823.15339192
608,2832.31502777
609,2833.23360899
610,2834.70986531
611,2836.102632
612,2842.651057
613,2843.88764579
614,2847.48852419
615,2850.3955312
616,2855.84252524
617,2858.33401863
618,2867.60938345
619,2871.92555983
620,2872.74578434
621,2875.961349
622,2879.0734891
623,2884.3107162
624,2887.44272811
625,2894.68858637
626,2915.03959359
627,2919.20776003
628,2921.80948477
629,2923.22653162
630,2927.1611607
631,2929.23180783
632,2933.84940233
633,2938.57889952
634,2944.28606255
635,2948.91330301
636,2973.63630566
637,2974.88288245
638,2984.48060527
639,2990.84027622
640,2996.25141548
641,3003.1727343
642,3006.01314119
643,3006.70850535
644,3009.03795744
645,3011.95934878
646,3012.84814836
647,3016.44314364
648,3018.02077964
649,3023.35420043
650,3025.61092198
651,3027.94020354
652,3033.66004713
653,3039.15402858
654,3040.2979388
655,3043.54634823
656,3046.10120654
657,3052.18505572
658,3055.23070762
659,3060.53232774
660,3064.73734141
661,3077.10744338
662,3078.84714985
663,3087.67535259
664,3093.77631161
665,3098.04156238
666,3099.01422888
667,3102.76242653
668,3104.66687668
669,3106.62294449
670,3106.93595218
671,3112.31832605
672,3114.77276357
673,3121.39233508
674,3128.39072581
675,3141.15447071
676,3153.81393607
677,3161.95058541
678,3163.36146031
679,3177.81082361
680,3186.96876895
681,3188.3507433
682,3190.64413136
683,3194.17859621
684,3197.85147408
685,3203.37653515
686,3204.68578571
687,3206.10457888
688,3211.84903096
689,3214.56525872
690,3216.07494357
691,3220.46849771
692,3225.26412809
693,3226.36051126
694,3227.13825879
695,3242.60047446
696,3245.18706556
697,3250.97584508
698,3256.42286135
699,3258.85815811
700,3263.85199862
701,3278.74598438
702,3283.42456277
703,3285.67315535
704,3292.21094828
705,3295.3544511
706,3298.20436373
707,3303.84145194
708,3306.73047568
709,3310.08528619
710,3316.12150057
711,3331.11540934
712,3334.38736602
713,3344.32288544
714,3345.57603847
715,3350.8730686
716,3354.72816509
717,3366.1889404
718,3369.92229916
719,3373.97913678
720,3376.68057932
721,3383.97629251
722,3385.74365959
723,3391.4266029
724,3391.82196325
725,3395.90022124
726,3396.61257559
727,3406.71727381
728,3407.95377371
729,3412.20321015
730,3416.0433476
731,3419.82565676
732,3424.06190895
733,3429.13063761
734,3431.99468791
735,3432.81633375
736,3435.31676252
737,3446.15066409
738,3448.65824454
739,3454.36810509
740,3465.82111402
741,3466.69698067
742,3471.4505713
743,3477.80485846
744,3481.86648149
745,3483.25855846
746,3488.10509095
747,3494.16586753
748,3499.66977762
749,3500.14614531
750,3505.06363323
751,3509.07407614
752,3511.29982628
753,3519.81864748
754,3523.92957476
755,3524.65048996
756,3526.69893785
757,3536.50590472
758,3539.18082388
759,3551.4518115
760,3556.32882129
761,3557.14911036
762,3562.30667644
763,3564.99186662
764,3571.79596732
765,3576.16210081
766,3577.26254696
767,3580.74690492
768,3585.26862042
769,3591.60812026
770,3595.57794194
771,3596.31482456
772,3603.38231859
773,3607.38606743
774,3611.01660451
775,3612.59671894
776,3625.89403923
777,3628.93034501
778,3635.63685932
779,3638.40439053
780,3642.83270768
781,3645.31565121
782,3648.91399206
783,3652.03758348
784,3661.83487917
785,3665.01409625
786,3668.68721553
787,3670.68664977
788,3674.63447213
789,3680.27732233
790,3681.88086338
791,3683.21319088
792,3689.88743373
793,3694.15142426
794,3702.15896881
795,3703.21135347
796,3704.54554441
797,3709.32708789
798,3716.69762562
799,3717.34052225
800,3729.60200874
801,3741.12795591
802,3749.05912964
803,3750.15124305
804,3752.97118971
805,3758.58765666
806,3765.15264511
807,3766.76483966
808,3774.34377519
809,3775.56058026
810,3779.39334049
811,3785.15834806
812,3789.52497334
813,3792.15544326
814,3797.46417968
815,3801.13452021
816,3806.43776343
817,3815.59713398
818,3826.66995626
819,3827.66974075
820,3832.82262612
821,3839.21989066
822,3845.18360045
823,3853.01454096
824,3856.94590416
825,3862.5117627
826,3863.56826276
827,3871.41648684
828,3876.84565823
829,3884.69036494
830,3890.73032836
831,3899.50272883
832,3905.6761812
833,3919.39028246
834,3923.42230818
835,3931.31988143
836,3937.79070685
837,3942.2025724
838,3950.22708785
839,3963.18581122
840,3966.17126324
841,3977.08427941
842,3982.40374972
843,3986.07286521
844,3994.67800252
845,3998.59749309
846,4006.22131748
847,4009.12833622
848,4020.77915334
849,4026.69151564
850,4040.09159232
851,4046.02373431
852,4052.3872064
853,4056.4883316
854,4062.57165304
855,4065.49031036
856,4072.18289729
857,4080.22964705
858,4084.20960884
859,4094.54813676
860,4101.20061827
861,4107.42018547
862,4116.66785898
863,4119.18505959
864,4124.06956651
865,4134.70379304
866,4146.96000907
867,4149.04316809
868,4153.18967857
869,4162.04227097
870,4164.92705737
871,4173.01572015
872,4192.01278702
873,4198.80505133
874,4207.24252779
875,4223.79310091
876,4240.25022543
877,4243.25259099
878,4243.89328369
879,4255.99137034
880,4264.0484831
881,4272.71385927
882,4279.09654878
883,4290.99066707
884,4291.41684618
885,4308.01555578
886,4324.7047205
887,4327.10511229
888,4331.2352007
889,4337.54396631
890,4340.69854374
891,4347.2256496
892,4351.26831969
893,4361.92825094
894,4365.56866949
895,4367.79817712
896,4379.5764712
897,4382.29507111
898,4386.57201056
899,4389.98330899
900,4398.47222808
901,4404.04365672
902,4406.82292002
903,4419.72222
904,4428.09786052
905,4436.426938
906,4443.23417707
907,4447.55176854
908,4453.93521518
909,4462.58238423
910,4464.44002583
911,4469.41081655
912,4481.4796671
913,4484.20177828
914,4487.90503802
915,4495.06753554
916,4501.1667431
917,4505.32489735
918,4511.29274011
919,4514.69048805
920,4520.33270174
921,4524.31055222
922,4529.16108882
923,4530.35295385
924,4537.09692196
925,4544.16407864
926,4546.51737728
927,4551.21726549
928,4555.10003283
929,4565.04946553
930,4569.17653092
931,4583.78592601
932,4585.12211003
933,4589.29522596
934,4592.62693539
935,4597.93998303
936,4598.7141719
937,4605.10776775
938,4615.31729171
939,4622.76742253
940,4629.14445556
941,4633.57170285
942,4634.74600507
943,4647.04959035
944,4655.2535669
945,4663.85138701
946,4673.38491267
947,4675.67834698
948,4680.41318862
949,4683.75337854
950,4688.6270465
951,4698.21749807
952,4704.98804404
953,4707.86692863
954,4718.33009683
955,4719.51308072
956,4729.12956784
957,4739.76233279
958,4742.07437621
959,4745.65309168
960,4754.55697424
961,4755.2214722
962,4758.24877462
963,4768.57549044
964,4773.7596464
965,4776.27587919
966,4781.40364076
967,4783.71996602
968,4791.76764649
969,4797.73444725
970,4801.1607857
971,4806.8143126
972,4808.87121754
973,4813.15223333
974,4831.21506672
975,4833.18753108
976,4844.82476388
977,4856.3168543
978,4864.46355252
979,4869.83489936
980,4872.16716225
981,4877.53271723
982,4884.29439211
983,4896.48610281
984,4897.74654858
985,4908.75957761
986,4915.15368787
987,4918.5895553
988,4919.74556363
989,4934.06849961
990,4937.94873249
991,4945.06522221
992,4953.21692127
993,4959.42306514
994,4962.66637045
995,4965.39584955
996,4972.35084794
997,4980.30365724
998,4982.48668614
999,4984.81065089
1000,4987.76616319
1001,4990.71088167
1002,4996.40366198
1003,4998.85409522
1004,5006.30471897
1005,5008.97246265
1006,5019.77060402
1007,5022.77490685
1008,5025.27622054
1009,5035.06113725
1010,5044.56870983
1011,5053.06191439
1012,5060.70474833
1013,5067.55095783
1014,5069.75803209
1015,5073.87087809
1016,5075.2000839
1017,5077.43295869
1018,5080.34139938
1019,5094.90606998
1020,5099.97267055
1021,5108.00275912
1022,5114.10245814
1023,5117.59115777
1024,5121.40240141
1025,5123.29591226
1026,5125.36019422
1027,5129.3227885
1028,5133.63994418
1029,5153.68252284
1030,5158.62709782
1031,5164.99504677
1032,5167.25547903
1033,5175.32656714
1034,5181.77899206
1035,5188.94440385
1036,5197.29862822
1037,5200.85995807
1038,5204.39944196
1039,5206.95943095
1040,5215.53027017
1041,5219.41939638
1042,5230.09686478
1043,5235.79597971
1044,5243.18316587
1045,5246.28598749
1046,5254.79246912
1047,5258.05810456
1048,5260.48159104
1049,5271.47715061
1050,5272.43329316
1051,5277.62455304
1052,5282.58251491
1053,5293.41061989
1054,5294.19620349
1055,5297.13628584
1056,5307.20473976
1057,5308.50036505
1058,5314.29638833
1059,5321.72696464
1060,5324.36483161
1061,5332.50826797
1062,5344.63898082
1063,5346.22441803
1064,5350.86807051
1065,5354.02414439
1066,5358.93828003
1067,5367.3980826
1068,5370.68381049
1069,5381.23896033
1070,5387.51982823
1071,5390.84372544
1072,5392.10329817
1073,5400.25816224
1074,5414.10201244
1075,5425.27979842
1076,5439.31383658
1077,5444.14329513
1078,5449.85059561
1079,5453.08806455
1080,5465.1258424
1081,5468.72101555
1082,5475.43023995
1083,5483.05655876
1084,5490.8953421
1085,5499.19690484
1086,5501.14712091
1087,5515.94935817
1088,5520.44737931
1089,5523.61947408
1090,5528.7180973
1091,5532.02630802
1092,5538.5533568
1093,5546.31109923
1094,5555.39304023
1095,5558.12794963
1096,5559.9962025
1097,5569.58092911
1098,5572.96882167
1099,5578.15821554
1100,5580.44865142
1101,5585.16287434
1102,5588.9610328
1103,5590.16389605
1104,5596.27926553
1105,5604.96088201
1106,5608.20755204
1107,5614.9582212
1108,5620.95247972
1109,5625.247877
1110,5633.66310789
1111,5635.40654611
1112,5650.26842678
1113,5656.94746137
1114,5663.97673095
1115,5670.30743513
1116,5671.33414156
1117,5676.11047791
1118,5677.64864086
1119,5688.22839905
1120,5692.43474631
1121,5698.62174557
1122,5701.28259746
1123,5708.24452161
1124,5712.57748422
1125,5723.19209851
1126,5726.96120278
1127,5735.81546739
1128,5742.2078617
1129,5747.04668478
1130,5750.96278709
1131,5755.08418568
1132,5765.83646187
1133,5770.02317712
1134,5783.99360106
1135,5794.21282088
1136,5794.55664695
1137,5797.14138587
1138,5801.15266412
1139,5802.42276929
1140,5805.56562535
1141,5818.88535953
1142,5829.24247832
1143,5833.97343105
1144,5836.01076849
1145,5846.34649247
1146,5849.2136683
1147,5858.61109413
1148,5862.23127351
1149,5867.22339158
1150,5874.27460282
1151,5876.27870729
1152,5880.85571817
1153,5886.58191767
1154,5887.77866058
1155,5888.87008878
1156,5895.42507686
1157,5906.84795927
1158,5909.39741253
1159,5917.80841594
1160,5924.96006842
1161,5930.95680743
1162,5936.40212642
1163,5941.45357522
1164,5948.62236465
1165,5964.05708941
1166,5966.20779069
1167,5978.45158677
1168,5983.05794935
1169,5991.14069526
1170,5991.96211699
1171,5997.09468217
1172,6010.20110318
1173,6037.71511081
1174,6041.16597812
1175,6046.27330001
1176,6053.78765768
1177,6055.65768288
1178,6059.17661672
1179,6063.96886482
1180,6066.34046803
1181,6074.93634505
1182,6076.65513147
1183,6081.8485023
1184,6087.34907707
1185,6103.55728437
1186,6107.44372542
1187,6111.62466855
1188,6125.1842822
1189,6127.89245459
1190,6136.16366032
1191,6152.20981166
1192,6156.35346614
1193,6162.52444208
1194,6171.1308476
1195,6172.42634928
1196,6174.1028342
1197,6182.4803598
1198,6185.74639439
1199,6187.70284884
1200,6191.5470614
1201,6201.72018874
1202,6210.55642791
1203,6216.88690136
1204,6223.22268276
1205,6230.52287971
1206,6237.3599493
1207,6243.63938709
1208,6244.43586539
1209,6253.09775067
1210,6255.03927604
1211,6263.06053794
1212,6269.97976382
1213,6276.99747925
1214,6277.82004495
1215,6289.66434016
1216,6292.82238005
1217,6304.96678768
1218,6312.62278334
1219,6323.36541488
1220,6329.96690161
1221,6337.20538529
1222,6340.82542135
1223,6345.25707092
1224,6355.29025274
1225,6359.32799386
1226,6365.61960079
1227,6369.60391727
1228,6374.29297085
1229,6380.47197036
1230,6383.84663639
1231,6395.35822363
1232,6396.31841542
1233,6400.58107493
1234,6405.31992762
1235,6412.82913964
1236,6415.87179865
1237,6422.85735513
1238,6425.64604262
1239,6430.11164673
1240,6437.08569298
1241,6440.49327385
1242,6455.6484275
1243,6458.38430771
1244,6472.30577639
1245,6478.12528061
1246,6482.17504508
1247,6483.63072983
1248,6489.48468575
1249,6497.48704589
1250,6498.62006955
1251,6504.63591898
1252,6511.72886689
1253,6518.9958296
1254,6523.34763445
1255,6535.96089727
1256,6543.80068578
1257,6549.86874063
1258,6555.40985475
1259,6561.91605823
1260,6565.71175283
1261,6574.53786231
1262,6580.75461075
1263,6585.05149156
1264,6593.03326925
1265,6610.10668658
1266,6613.50029407
1267,6616.12999432
1268,6624.34884623
1269,6627.61381051
1270,6639.94405984
1271,6650.59764196
1272,6656.80761563
1273,6660.46384278
1274,6668.78192265
1275,6676.13894738
1276,6692.09389067
1277,6697.25513039
1278,6700.68107007
1279,6706.39363869
1280,6712.55412254
1281,6717.80226862
1282,6720.75028612
1283,6730.46332307
1284,6736.4412017
1285,6740.64688123
1286,6745.99553712
1287,6751.3430662
1288,6756.91627503
1289,6766.93236875
1290,6769.67132824
1291,6777.31734747
1292,6795.24213523
1293,6808.94243813
1294,6810.24667713
1295,6819.38956065
1296,6823.46327768
1297,6833.24099721
1298,6840.80800401
1299,6847.30043778
1300,6854.90169117
1301,6859.71265649
1302,6867.70159341
1303,6878.88858106
1304,6882.7395252
1305,6886.56743612
1306,6893.38593634
1307,6901.59809826
1308,6908.05280191
1309,6912.52071957
1310,6922.57846165
1311,6925.66233679
1312,6930.14460113
1313,6936.6898873
1314,6953.06068889
1315,6958.16307102
1316,6962.98184948
1317,6966.51337769
1318,6978.07043466
1319,6985.51683905
1320,6987.97375223
1321,6995.79112288
1322,6997.72094778
1323,7008.25781384
1324,7011.05317485
1325,7017.76270807
1326,7027.16691689
1327,7038.36745151
1328,7042.00228027
1329,7047.13437447
1330,7051.25380769
1331,7059.84167189
1332,7066.41433102
1333,7074.55646366
1334,7079.01899589
1335,7081.3476933
1336,7089.10525598
1337,7093.8967259
1338,7096.3083043
1339,7107.51811264
1340,7109.58151928
1341,7113.99392451
1342,7123.16717708
1343,7133.05743517
1344,7135.90098073
1345,7142.15163754
1346,7147.05336742
1347,7153.84333488
1348,7160.12801371
1349,7165.27649907
1350,7175.27074197
1351,7190.6791732
1352,7196.54733821
1353,7203.23853656
1354,7208.14264245
1355,7217.36061816
1356,7222.80050926
1357,7227.25493413
1358,7230.58837448
1359,7237.34369327
1360,7238.19012587
1361,7247.44309475
1362,7255.67301083
1363,7258.13547551
1364,7268.20821963
1365,7277.38393124
1366,7283.55548806
1367,7287.31115931
1368,7289.79935108
1369,7296.39947415
1370,7303.14640621
1371,7315.36425943
1372,7321.21947182
1373,7328.35033178
1374,7344.42568497
1375,7361.52797815
1376,7365.39419354
1377,7371.17942991
1378,7381.50557781
1379,7386.90292653
1380,7392.27491703
1381,7396.85954215
1382,7400.49023266
1383,7411.01495186
1384,7414.08029455
1385,7427.37116084
1386,7429.9890405
1387,7435.70168493
1388,7441.21161557
1389,7451.06278413
1390,7455.88775431
1391,7460.31591724
1392,7466.66268231
1393,7474.23712433
1394,7481.04032579
1395,7491.68210354
1396,7503.85459429
1397,7505.9209974
1398,7515.56980236
1399,7522.69818905
1400,7526.20911117
1401,7531.55486714
1402,7540.43512417
1403,7552.32916823
1404,7557.0891903
1405,7562.81728449
1406,7565.14683372
1407,7574.30483613
1408,7585.59280862
1409,7592.41818255
1410,7610.13034065
1411,7617.68912767
1412,7628.094814
1413,7632.59021483
1414,7637.56239585
1415,7655.53726211
1416,7667.62905187
1417,7674.61388815
1418,7679.91439976
1419,7687.84626899
1420,7693.34227359
1421,7696.61402568
1422,7705.89729584
1423,7710.0736735
1424,7713.97925741
1425,7718.43300218
1426,7724.32427783
1427,7730.32355337
1428,7738.47113008
1429,7741.95940549
1430,7745.61733616
1431,7750.16586839
1432,7758.74554667
1433,7759.59741369
1434,7764.30247858
1435,7786.08449985
1436,7789.54626834
1437,7799.10594507
1438,7806.10746421
1439,7809.50459156
1440,7815.65512361
1441,7826.82115217
1442,7830.16474908
1443,7837.64676333
1444,7844.8363335
1445,7847.46438788
1446,7868.59274605
1447,7870.5835687
1448,7879.27486823
1449,7885.44933492
1450,7897.82642259
1451,7900.69766353
1452,7902.3412044
1453,7908.44971712
1454,7913.91915681
1455,7918.50204878
1456,7926.66698072
1457,7932.28437727
1458,7933.89447819
1459,7946.44189063
1460,7955.9770502
1461,7967.09319272
1462,7968.38585662
1463,7976.68313202
1464,7978.93701351
1465,7982.30677737
1466,7999.10566661
1467,8001.10524577
1468,8032.64834267
1469,8039.97368741
1470,8052.55271031
1471,8055.25996653
1472,8059.87054082
1473,8066.66244226
1474,8069.31327097
1475,8073.25215614
1476,8078.43513416
1477,8083.11275263
1478,8095.74321433
1479,8100.08692908
1480,8107.98973812
1481,8111.54378819
1482,8115.13349394
1483,8121.63707824
1484,8122.82277358
1485,8129.61988798
1486,8141.77252422
1487,8142.4885382
1488,8152.17505369
1489,8155.66988942
1490,8163.0620949
1491,8167.33994281
1492,8173.6701859
1493,8187.70003806
1494,8199.23140771
1495,8201.66377546
1496,8209.94307599
1497,8216.58685611
1498,8231.29234627
1499,8239.15078541
1500,8242.27955687
1501,8249.95084408
1502,8254.50590216
1503,8257.63518111
1504,8263.33227198
1505,8269.58631957
1506,8275.80764676
1507,8281.034857
1508,8302.19139904
1509,8307.1192394
1510,8317.71054711
1511,8323.61130901
1512,8331.87961251
1513,8332.95147847
1514,8346.75043499
1515,8364.86194311
1516,8373.95427537
1517,8378.90876036
1518,8381.89136906
1519,8386.54211969
1520,8389.91422714
1521,8402.11565
1522,8416.59302845
1523,8429.74217486
1524,8447.35266351
1525,8452.26368777
1526,8456.50338319
1527,8469.42904374
1528,8471.63428083
1529,8478.3999776
1530,8480.57112784
1531,8490.70751292
1532,8499.99970528
1533,8501.51754283
1534,8510.5693458
1535,8521.57022149
1536,8528.16352702
1537,8530.10326531
1538,8535.69657845
1539,8541.01977619
1540,8552.87440418
1541,8567.49681583
1542,8568.43354929
1543,8574.46242024
1544,8579.97648565
1545,8591.02715026
1546,8603.10047355
1547,8610.66684933
1548,8617.21530938
1549,8618.11796561
1550,8633.75563182
1551,8638.43147203
1552,8639.86346586
1553,8650.86765994
1554,8662.76796224
1555,8669.1619592
1556,8680.80012591
1557,8685.19041547
1558,8689.77036942
1559,8694.53861544
1560,8708.92260232
1561,8711.53196935
1562,8716.64655437
1563,8720.59577554
1564,8737.01777675
1565,8744.28522475
1566,8750.26028526
1567,8760.11286625
1568,8762.4541652
1569,8773.49611074
1570,8782.85276828
1571,8794.39214899
1572,8807.93579652
1573,8811.67396924
1574,8817.87968897
1575,8818.95500765
1576,8832.52246987
1577,8837.15074243
1578,8839.37932107
1579,8840.62206529
1580,8850.38828456
1581,8857.5522144
1582,8870.89408285
1583,8883.12159031
1584,8889.10246701
1585,8893.47796877
1586,8905.8171215
1587,8909.74574568
1588,8918.29333737
1589,8927.16923846
1590,8932.75312314
1591,8937.54591197
1592,8948.69869856
1593,8951.91121338
1594,8957.53409401
1595,8964.05247291
1596,8971.99963007
1597,8980.76352198
1598,8987.12161803
1599,8988.93313606
1600,8997.74556006
1601,9002.63671259
1602,9008.98069922
1603,9015.46753013
1604,9020.94832574
1605,9027.34668485
1606,9037.92171526
1607,9046.84373438
1608,9048.59621211
1609,9055.42532764
1610,9059.53217388
1611,9070.79027814
1612,9072.69626544
1613,9085.38975694
1614,9086.48300842
1615,9101.09397983
1616,9102.95357741
1617,9106.46254141
1618,9122.94382688
1619,9124.32048268
1620,9128.26602328
1621,9137.45250342
1622,9149.95229661
1623,9152.41261443
1624,9161.54230038
1625,9174.57274489
1626,9187.09505184
1627,9193.88398435
1628,9211.75176105
1629,9215.89825878
1630,9235.86587415
1631,9242.96472397
1632,9251.89884501
1633,9260.61268921
1634,9272.00344722
1635,9278.21555883
1636,9294.2588658
1637,9296.18878638
1638,9309.95675711
1639,9315.94990374
1640,9323.16479945
1641,9326.02849609
1642,9332.0801625
1643,9344.59221155
1644,9356.66527781
1645,9364.99619936
1646,9374.0256312
1647,9384.87254802
1648,9388.98678688
1649,9400.11875344
1650,9404.46753597
1651,9409.76042257
1652,9422.96325562
1653,9427.03054998
1654,9429.18468009
1655,9443.72253204
1656,9450.75622912
1657,9457.04371848
1658,9459.3462265
1659,9459.72226935
1660,9466.43458622
1661,9469.83638387
1662,9485.78578756
1663,9489.59400639
1664,9500.7122738
1665,9520.20888798
1666,9525.70221507
1667,9526.03880749
1668,9538.13201452
1669,9543.2788241
1670,9553.70412554
1671,9556.77150364
1672,9562.22408371
1673,9582.81358024
1674,9583.81814043
1675,9592.49926591
1676,9599.40313771
1677,9619.3170009
1678,9636.36081625
1679,9640.63059729
1680,9648.27659666
1681,9654.91158409
1682,9659.5189594
1683,9665.02089718
1684,9685.04708001
1685,9696.69077084
1686,9710.47034998
1687,9716.1577533
1688,9722.86978477
1689,9730.35419956
1690,9731.04116837
1691,9738.51946297
1692,9741.86358603
1693,9754.87874909
1694,9766.65804726
1695,9774.09251793
1696,9777.20995136
1697,9785.96672908
1698,9791.71745437
1699,9803.26944923
1700,9805.78923072
1701,9812.4680767
1702,9826.50985955
1703,9829.988381
1704,9839.18001148
1705,9840.90862514
1706,9848.12468521
1707,9849.96476116
1708,9866.2306466
1709,9869.3052245
1710,9874.81742271
1711,9880.18183498
1712,9885.57649334
1713,9888.3940337
1714,9889.36840028
1715,9905.55629732
1716,9915.0725447
1717,9921.62317455
1718,9925.22535258
1719,9929.42159762
1720,9934.46830055
1721,9943.42667387
1722,9948.87415253
1723,9955.09796439
1724,9958.23808031
1725,9963.17676052
1726,9976.05150161
1727,9981.49049968
1728,9986.78409704
1729,9995.44796212
1730,9999.60385759
1731,10004.7871157
1732,10010.7337121
1733,10017.8873783
1734,10032.5777398
1735,10046.4162356
1736,10052.4636078
1737,10061.4410924
1738,10068.9100089
1739,10087.9118072
1740,10094.1379227
1741,10107.788609
1742,10119.6637637
1743,10134.4198949
1744,10141.6501462
1745,10149.1261099
1746,10156.3029897
1747,10161.1741825
1748,10166.2753613
1749,10173.6604589
1750,10182.3908486
1751,10184.9074636
1752,10198.9298413
1753,10206.8789689
1754,10209.9969936
1755,10218.074982
1756,10233.1012178
1757,10243.2283283
1758,10247.7751558
1759,10259.4426244
1760,10274.2611561
1761,10280.5539069
1762,10292.0459931
1763,10295.664934
1764,10304.5355688
1765,10307.2654862
1766,10326.5497891
1767,10337.0347501
1768,10344.8007075
1769,10346.4737008
1770,10357.6222927
1771,10360.2483507
1772,10373.6475806
1773,10382.0051051
1774,10386.554019
1775,10395.7768023
1776,10407.5103871
1777,10413.3913071
1778,10422.6693126
1779,10433.4209022
1780,10438.4737704
1781,10449.0364991
1782,10456.6365124
1783,10461.483611
1784,10466.3130813
1785,10473.9287977
1786,10498.083331
1787,10499.3954088
1788,10503.4381812
1789,10516.4161679
1790,10518.6417808
1791,10530.4288712
1792,10534.6975174
1793,10545.896025
1794,10555.2078738
1795,10562.7757103
1796,10569.0719672
1797,10580.5869553
1798,10593.7160263
1799,10605.2038767
1800,10618.0916172
1801,10627.6925217
1802,10637.8903009
1803,10643.1837378
1804,10658.6228844
1805,10662.0050272
1806,10670.2040664
1807,10682.7387149
1808,10691.0017794
1809,10705.1818863
1810,10705.6115581
1811,10711.99141
1812,10719.5987689
1813,10721.9669209
1814,10734.6230066
1815,10737.6998401
1816,10746.2266463
1817,10760.5960586
1818,10762.4978418
1819,10771.9423192
1820,10777.9726637
1821,10789.5479162
1822,10793.0625286
1823,10796.1850052
1824,10807.8055674
1825,10818.6975545
1826,10828.752225
1827,10839.4141487
1828,10842.3461493
1829,10856.9212027
1830,10862.751597
1831,10870.2218107
1832,10877.0617454
1833,10886.9108942
1834,10896.5528594
1835,10897.824696
1836,10900.1714145
1837,10906.7601585
1838,10912.6307982
1839,10922.5048153
1840,10927.1235591
1841,10933.5071351
1842,10935.1318711
1843,10941.5976824
1844,10953.9699739
1845,10960.9029248
1846,10962.4067806
1847,10969.3526967
1848,10972.750421
1849,10983.3977389
1850,10988.0434014
1851,11009.0812057
1852,11012.2795136
1853,11016.5611858
1854,11018.3967246
1855,11024.3008904
1856,11029.4272715
1857,11043.0999986
1858,11053.3760563
1859,11055.9487866
1860,11067.0363366
1861,11071.8468314
1862,11080.1395181
1863,11092.0463308
1864,11099.0306273
1865,11109.6659681
1866,11121.7045566
1867,11133.2385023
1868,11138.5797393
1869,11147.7610664
1870,11171.3549125
1871,11185.1626883
1872,11193.2077118
1873,11199.1323576
1874,11203.6493338
1875,11206.1743704
1876,11215.6836552
1877,11226.8561558
1878,11235.1394202
1879,11237.3037731
1880,11246.293833
1881,11258.3746327
1882,11265.8347286
1883,11272.1022263
1884,11283.343825
1885,11294.7346014
1886,11307.2182256
1887,11311.2582864
1888,11317.9288347
1889,11329.7072044
1890,11343.5139201
1891,11353.7694626
1892,11360.6753228
1893,11375.9043782
1894,11377.1352639
1895,11390.0948918
1896,11397.1523881
1897,11409.0879721
1898,11415.963358
1899,11423.1859772
1900,11432.7470926
1901,11443.6096083
1902,11465.3824903
1903,11470.4112939
1904,11473.2460521
1905,11476.6386949
1906,11481.7680176
1907,11499.4459419
1908,11502.5815867
1909,11505.2083259
1910,11525.9544111
1911,11527.3837581
1912,11532.2135842
1913,11540.5532628
1914,11546.461395
1915,11556.8110189
1916,11566.8200223
1917,11569.4948187
1918,11580.4950239
1919,11584.4756444
1920,11597.6102092
1921,11617.3037711
1922,11621.1802162
1923,11630.0062537
1924,11639.5397892
1925,11651.1463844
1926,11662.9861163
1927,11669.6187933
1928,11676.2190759
1929,11681.6318639
1930,11702.44222
1931,11705.6547067
1932,11708.8014627
1933,11720.5694962
1934,11730.1811156
1935,11743.5522917
1936,11750.3399723
1937,11754.8392942
1938,11761.9969718
1939,11778.0857371
1940,11786.0949033
1941,11798.4716245
1942,11810.4894617
1943,11815.0147375
1944,11819.4751505
1945,11838.0281259
1946,11845.2684169
1947,11849.0565415
1948,11861.3764936
1949,11863.316983
1950,11875.2301659
1951,11879.1463558
1952,11888.8077853
1953,11891.551297
1954,11900.9479458
1955,11910.7512349
1956,11919.1494381
1957,11929.6845527
1958,11940.2192493
1959,11946.9170138
1960,11954.6363912
1961,11958.7568511
1962,11979.7501663
1963,11981.3987189
1964,11991.4455012
1965,12002.3207505
1966,12009.0586102
1967,12014.1146255
1968,12023.682327
1969,12031.2600702
1970,12034.2755336
1971,12040.9958256
1972,12049.8068653
1973,12054.7800415
1974,12068.5912984
1975,12074.0220848
1976,12077.395907
1977,12080.3706189
1978,12084.3480362
1979,12087.3986747
1980,12097.447515
1981,12100.9851818
1982,12108.155367
1983,12114.6083455
1984,12121.7012279
1985,12128.3636951
1986,12130.9605107
1987,12144.8599117
1988,12151.7244206
1989,12154.3250778
1990,12164.0580178
1991,12177.7115241
1992,12185.8457727
1993,12195.7130236
1994,12198.7475367
1995,12210.5018293
1996,12215.2320716
1997,12229.5541426
1998,12238.0413024
1999,12249.4215572
2000,12252.9414073
2001,12271.1821529
2002,12279.6049882
2003,12282.636517
2004,12297.5287796
2005,12302.4839264
2006,12311.2462246
2007,12321.450412
2008,12326.2483339
2009,12341.3141512
2010,12351.846653
2011,12359.5660276
2012,12366.5958031
2013,12372.6822368
2014,12387.3478516
2015,12396.1159969
2016,12401.4403266
2017,12415.6043561
2018,12422.3862448
2019,12432.7794005
2020,12438.0599994
2021,12440.5941506
2022,12450.2605278
2023,12455.013621
2024,12476.8198968
2025,12482.7273676
2026,12490.7714848
2027,12501.3259151
2028,12509.0938428
2029,12510.0951434
2030,12522.8153032
2031,12524.9870995
2032,12535.3242539
2033,12542.2256061
2034,12549.3500504
2035,12563.4722386
2036,12571.8227178
2037,12585.8131085
2038,12589.2912315
2039,12606.1419543
2040,12610.2944716
2041,12620.285049
2042,12628.2528912
2043,12642.4309102
2044,12652.7147051
2045,12655.9962144
2046,12664.9269859
2047,12673.5698277
2048,12678.6155226
2049,12691.9296904
2050,12708.9877776
2051,12713.6298075
2052,12716.3087498
2053,12722.3313129
2054,12730.9438153
2055,12737.8685054
2056,12752.1228147
2057,12764.9371468
2058,12769.1021636
2059,12774.865408
2060,12783.5963103
2061,12796.8308847
2062,12800.645421
2063,12821.0925153
2064,12829.2670676
2065,12838.80318
2066,12840.9246488
2067,12847.9831979
2068,12859.483678
2069,12873.3614878
2070,12876.0850122
2071,12881.2366902
2072,12897.9136785
2073,12900.8494102
2074,12905.9637838
2075,12917.2227792
2076,12918.1468654
2077,12937.1128801
2078,12939.8835693
2079,12947.3376305
2080,12967.0930586
2081,12971.1046119
2082,12976.4461352
2083,12980.4692601
2084,12988.2879523
2085,13000.1188513
2086,13006.3681028
2087,13010.4710973
2088,13014.2564162
2089,13028.8541439
2090,13041.6333276
2091,13051.3370186
2092,13059.4611163
2093,13061.3354252
2094,13071.7094714
2095,13087.5166228
2096,13090.8814512
2097,13103.4412106
2098,13119.8437666
2099,13123.7638356
2100,13135.1340229
2101,13137.004851
2102,13145.4390804
2103,13148.2719305
2104,13161.271854
2105,13166.5649244
2106,13180.3987065
2107,13186.9673834
2108,13195.9046839
2109,13201.7665502
2110,13205.7144067
2111,13215.2552247
2112,13223.9776707
2113,13232.6724591
2114,13235.7646841
2115,13245.5260151
2116,13252.5809637
2117,13274.3751862
2118,13275.1890007
2119,13285.7122807
2120,13293.208287
2121,13298.2476586
2122,13302.6916666
2123,13307.2856564
2124,13312.6327852
2125,13315.6789076
2126,13332.2767756
2127,13338.6228783
2128,13352.272167
2129,13353.5589246
2130,13360.8634961
2131,13363.1810557
2132,13370.0027527
2133,13375.6621639
2134,13386.859717
2135,13393.2324644
2136,13400.5370778
2137,13407.7354382
2138,13410.5340261
2139,13415.227272
2140,13428.8670281
2141,13436.8459306
2142,13445.8042086
2143,13452.0402716
2144,13453.3133524
2145,13467.7532002
2146,13471.0982495
2147,13481.3643526
2148,13484.7489344
2149,13495.6985882
2150,13500.5187044
2151,13506.3722682
2152,13521.0286059
2153,13527.5351298
2154,13539.2696395
2155,13551.8928341
2156,13561.7779022
2157,13569.5831692
2158,13573.1537992
2159,13585.0928439
2160,13594.9363286
2161,13603.7810607
2162,13608.6151157
2163,13619.1963363
2164,13640.0263549
2165,13643.688883
2166,13650.0176652
2167,13671.1763205
2168,13678.0193239
2169,13683.0173859
2170,13691.3650242
2171,13704.3348736
2172,13706.7102695
2173,13711.1815232
2174,13714.587591
2175,13728.0104304
2176,13734.8702101
2177,13742.2208341
2178,13746.6555952
2179,13753.0892516
2180,13762.5149626
2181,13768.4341723
2182,13786.8497259
2183,13791.6786748
2184,13800.5246176
2185,13806.3296435
2186,13814.8598425
2187,13819.263547
2188,13829.8643453
2189,13839.6410629
2190,13846.2718846
2191,13854.0316982
2192,13863.9333704
2193,13873.5229303
2194,13887.1549318
2195,13891.2127158
2196,13894.1713579
2197,13905.3813988
2198,13908.5120557
2199,13924.7899669
2200,13933.5446062
2201,13938.0474058
2202,13943.4408711
2203,13960.6059745
2204,13966.9434271
2205,13976.8545414
2206,13980.7153699
2207,13988.7680753
2208,13996.4652269
2209,14005.783411
2210,14015.242973
2211,14022.3881593
2212,14026.1475702
2213,14030.9806183
2214,14032.4776948
2215,14050.657365
2216,14058.4738969
2217,14069.2274817
2218,14073.4848289
2219,14079.0026918
2220,14083.9476836
2221,14089.0887517
2222,14101.7258003
2223,14105.0231167
2224,14107.2031462
2225,14114.273999
2226,14126.3322237
2227,14137.8742244
2228,14145.9176727
2229,14154.228815
2230,14162.581131
2231,14169.6256312
2232,14173.5956393
2233,14185.8145714
2234,14189.8550208
2235,14192.5055298
2236,14205.9346157
2237,14213.2604227
2238,14229.2147065
2239,14231.3986633
2240,14234.2553873
2241,14235.5505957
2242,14246.4571389
2243,14265.4691768
2244,14269.4792041
2245,14274.434537
2246,14285.0281676
2247,14292.3376579
2248,14302.3485601
2249,14306.8447649
2250,14309.8847612
2251,14320.2144606
2252,14323.3294426
2253,14331.1003282
2254,14339.1434704
2255,14341.3168099
2256,14348.6314893
2257,14356.1820188
2258,14364.4584179
2259,14366.7762303
2260,14369.6495784
2261,14386.3152257
2262,14388.996193
2263,14396.4864986
2264,14404.5024321
2265,14415.5366919
2266,14425.3517496
2267,14427.3832882
2268,14435.7985125
2269,14442.5326746
2270,14450.701242
2271,14457.7681234
2272,14462.7702968
2273,14480.9097875
2274,14486.2234923
2275,14492.3075435
2276,14501.2285099
2277,14508.9600412
2278,14512.5299322
2279,14527.1913451
2280,14533.753546
2281,14541.7713729
2282,14549.5856414
2283,14557.7420022
2284,14567.9685088
2285,14580.277143
2286,14588.8574438
2287,14598.6735654
2288,14604.3216248
2289,14608.4385815
2290,14614.6516594
2291,14616.8669487
2292,14630.3406752
2293,14638.9056515
2294,14645.7845502
2295,14662.6261527
2296,14669.0556656
2297,14670.0395306
2298,14676.9836019
2299,14678.7359981
2300,14683.0719198
2301,14689.1993057
2302,14700.1776087
2303,14701.9922904
2304,14714.2330431
2305,14718.7562764
2306,14724.8777319
2307,14728.3772003
2308,14739.7286827
2309,14751.4866776
2310,14757.3833604
2311,14767.1536616
2312,14776.417429
2313,14779.1588116
2314,14790.2297723
2315,14799.0060536
2316,14804.7863517
2317,14818.6131066
2318,14833.954882
2319,14836.6870397
2320,14857.4508621
2321,14861.7649753
2322,14871.7271791
2323,14876.9706959
2324,14891.0561639
2325,14902.6429466
2326,14908.5026985
2327,14919.0112985
2328,14930.5279809
2329,14943.5477631
2330,14953.3136704
2331,14964.9836185
2332,14971.3300109
2333,14984.5204558
2334,14987.8295535
2335,15002.7748906
2336,15011.5537856
2337,15018.0848506
2338,15034.4212865
2339,15042.2202072
2340,15056.7530311
2341,15075.7750864
2342,15080.6447208
2343,15092.8055063
2344,15112.1338368
2345,15122.8932632
2346,15131.8517086
2347,15145.9764575
2348,15155.2230997
2349,15160.0121258
2350,15173.3313755
2351,15188.8560718
2352,15193.9439698
2353,15219.6325219
2354,15229.5407673
2355,15236.2320424
2356,15244.8157886
2357,15250.0543147
2358,15262.9139804
2359,15267.2230661
2360,15277.7081226
2361,15292.4976364
2362,15310.606271
2363,15317.6291633
2364,15324.150617
2365,15327.1602657
2366,15339.7164817
2367,15342.8942786
2368,15354.0981178
2369,15360.0028906
2370,15366.6004474
2371,15379.5063912
2372,15388.3751067
2373,15401.0915772
2374,15409.6204423
2375,15410.7466979
2376,15430.454197
2377,15442.5974816
2378,15450.2160754
2379,15466.1196641
2380,15478.2682825
2381,15484.7772887
2382,15487.3928743
2383,15495.2958277
2384,15506.1775349
2385,15521.1820794
2386,15523.8573327
2387,15534.9611535
2388,15541.8300043
2389,15548.0445978
2390,15559.1887735
2391,15574.6247849
2392,15580.4097521
2393,15597.7455952
2394,15603.6125866
2395,15625.256532
2396,15628.0626514
2397,15643.0744816
2398,15648.5382898
2399,15655.7874266
2400,15671.2614634
2401,15679.4424194
2402,15697.4303705
2403,15700.9060488
2404,15709.907479
2405,15719.4920301
2406,15731.3522481
2407,15742.4913041
2408,15753.7759663
2409,15759.4147347
2410,15774.5530784
2411,15777.2733018
2412,15802.1605172
2413,15807.199441
2414,15829.3817682
2415,15838.734761
2416,15850.924345
2417,15859.3353562
2418,15877.0669791
2419,15891.0913293
2420,15897.328201
2421,15919.7602061
2422,15931.6553225
2423,15940.859372
2424,15951.2253794
2425,15963.6716412
2426,15968.4608219
2427,15981.9508838
2428,16002.8374778
2429,16012.6887816
2430,16015.6702706
2431,16019.3167134
2432,16027.1804093
2433,16045.7691082
2434,16059.5979284
2435,16065.3756381
2436,16071.3009017
2437,16080.1836452
2438,16089.4595347
2439,16102.6753002
2440,16109.8434337
2441,16123.9564999
2442,16127.0958701
2443,16135.6102426
2444,16143.8722207
2445,16166.7274237
2446,16181.1731668
2447,16190.9667302
2448,16195.6211566
2449,16206.486228
2450,16216.7672056
2451,16232.4069839
2452,16254.3198291
2453,16270.7089731
2454,16276.3734868
2455,16283.2660989
2456,16302.5338558
2457,16311.3615064
2458,16320.2226894
2459,16330.0513761
2460,16348.6207347
2461,16358.1394004
2462,16367.3167433
2463,16383.4439952
2464,16406.8076725
2465,16418.5688271
2466,16436.0272678
2467,16446.8110209
2468,16464.4148801
2469,16473.1420763
2470,16476.6937921
2471,16489.8425023
2472,16494.9516749
2473,16508.0369033
2474,16522.7258356
2475,16534.6096838
2476,16558.4451259
2477,16576.6372481
2478,16599.0290857
2479,16609.7108729
2480,16617.2018665
2481,16620.1560646
2482,16626.0491912
2483,16653.849974
2484,16661.9841499
2485,16684.7708225
2486,16694.2095427
2487,16714.833149
2488,16729.2759639
2489,16738.0224192
2490,16742.444693
2491,16756.5853163
2492,16763.4349031
2493,16775.8782166
2494,16792.288465
2495,16795.3583046
2496,16816.4469137
2497,16822.0958833
2498,16833.5057284
2499,16843.7968941
2500,16864.2610948
2501,16869.6423049
2502,16884.6457953
2503,16901.1048382
2504,16906.8337754
2505,16920.757092
2506,16933.7733808
2507,16934.8938031
2508,16949.2752259
2509,16969.6359906
2510,16980.5731843
2511,16997.1637757
2512,17009.2414807
2513,17019.5294601
2514,17046.7718256
2515,17060.3305889
2516,17067.837669
2517,17085.6494766
2518,17108.1913701
2519,17123.6131603
2520,17150.0002426
2521,17157.1710147
2522,17171.6268327
2523,17182.6810145
2524,17188.3824006
2525,17237.489687
2526,17241.0309989
2527,17262.0714375
2528,17290.1602254
2529,17299.0622982
2530,17302.1417796
2531,17312.174194
2532,17335.1430227
2533,17349.2774
2534,17360.3561459
2535,17375.2816368
2536,17385.7312757
2537,17396.967029
2538,17403.6824768
2539,17416.0798324
2540,17420.9534576
2541,17449.3729398
2542,17461.2188613
2543,17473.7880436
2544,17495.7068593
2545,17498.9700794
2546,17512.0340573
2547,17519.6613078
2548,17543.2175645
2549,17561.8509384
2550,17589.3416268
2551,17598.6718989
2552,17610.732186
2553,17635.2980754
2554,17644.7360505
2555,17647.6840002
2556,17670.1290362
2557,17683.6193018
2558,17696.1366299
2559,17706.2287532
2560,17730.1862979
2561,17736.4674964
2562,17775.3589688
2563,17789.3356063
2564,17805.9692069
2565,17813.0358228
2566,17814.2607534
2567,17827.7272496
2568,17853.7192727
2569,17866.8651729
2570,17870.2522869
2571,17890.3787797
2572,17904.6845382
2573,17931.0687214
2574,17950.2915022
2575,17968.2194232
2576,17979.4601535
2577,18005.5141305
2578,18007.7563203
2579,18027.8980601
2580,18043.5270284
2581,18050.53934
2582,18058.0539222
2583,18069.5980063
2584,18093.2352983
2585,18116.1769742
2586,18126.2806888
2587,18153.2853787
2588,18173.4505442
2589,18188.9487194
2590,18220.1668289
2591,18231.7083731
2592,18255.5173209
2593,18272.543364
2594,18294.586003
2595,18302.2010046
2596,18319.7650008
2597,18327.2498018
2598,18341.6635957
2599,18351.0833964
2600,18392.9326905
2601,18399.8449899
2602,18426.430996
2603,18433.2727481
2604,18450.1721087
2605,18457.3546764
2606,18479.3294715
2607,18498.5064769
2608,18529.3633129
2609,18529.644724
2610,18557.4274498
2611,18578.3033389
2612,18600.7747292
2613,18631.0974318
2614,18645.6379764
2615,18654.8743351
2616,18666.9197079
2617,18686.4109758
2618,18692.3530049
2619,18704.2824747
2620,18743.5036841
2621,18753.0708789
2622,18766.1029533
2623,18773.3984407
2624,18780.0208516
2625,18800.4534089
2626,18813.4266986
2627,18838.3717124
2628,18847.665669
2629,18890.1424878
2630,18899.024648
2631,18906.8539291
2632,18922.2259693
2633,18938.0289211
2634,18954.8788001
2635,18961.1314826
2636,18985.7353646
2637,18996.5281551
2638,19001.5286312
2639,19020.504517
2640,19031.0255218
2641,19062.0040689
2642,19077.9657129
2643,19096.2018617
2644,19110.0120031
2645,19110.6870444
2646,19137.9043934
2647,19168.3066574
2648,19178.0012973
2649,19181.7662564
2650,19211.4853191
2651,19238.3042731
2652,19241.9055061
2653,19260.7583708
2654,19277.3002593
2655,19301.384415
2656,19324.4020532
2657,19346.4714232
2658,19351.0482389
2659,19356.9478836
2660,19374.1064286
2661,19408.5814184
2662,19423.8280854
2663,19442.5517246
2664,19464.1726284
2665,19477.0835238
2666,19490.1178141
2667,19504.1379599
2668,19523.3629284
2669,19545.4344996
2670,19562.4986511
2671,19586.1805005
2672,19595.0487996
2673,19599.5283344
2674,19615.638997
2675,19626.0592559
2676,19637.1449936
2677,19660.5496465
2678,19685.7954384
2679,19704.9632524
2680,19707.3988393
2681,19722.322609
2682,19744.6191479
2683,19762.4598607
2684,19788.6484465
2685,19807.8655017
2686,19817.9360963
2687,19852.1620599
2688,19884.735683
2689,19904.4526826
2690,19920.2667748
2691,19923.4901074
2692,19932.2425665
2693,19950.4859254
2694,19968.1421926
2695,19982.3164519
2696,19992.5208695
2697,20019.3439016
2698,20054.4487099
2699,20068.9194881
2700,20081.5782031
2701,20085.1130657
2702,20115.885722
2703,20146.7692736
2704,20170.1715322
2705,20174.511263
2706,20188.708191
2707,20218.7404239
2708,20234.4088295
2709,20257.0821994
2710,20281.2785418
2711,20324.7516055
2712,20341.9326569
2713,20343.1636469
2714,20365.2067244
2715,20389.6318148
2716,20398.4684297
2717,20417.2263685
2718,20430.3470328
2719,20452.6015397
2720,20470.6654099
2721,20485.6575679
2722,20515.8735674
2723,20538.2304972
2724,20538.7819361
2725,20582.8769592
2726,20598.248109
2727,20607.7934549
2728,20624.5618008
2729,20647.001183
2730,20657.0430926
2731,20671.2960332
2732,20682.0257376
2733,20700.5448318
2734,20722.9669491
2735,20740.7619676
2736,20757.9981329
2737,20774.5080836
2738,20782.3264659
2739,20794.0026442
2740,20805.990591
2741,20829.8086388
2742,20833.6719571
2743,20858.1048856
2744,20875.6267538
2745,20882.1570612
2746,20893.3605422
2747,20901.831206
2748,20909.048906
2749,20928.5714613
2750,20940.3134016
2751,20968.8271711
2752,20980.6343146
2753,21000.894997
2754,21014.1985914
2755,21015.320989
2756,21025.9132967
2757,21036.391725
2758,21050.7966469
2759,21064.4563379
2760,21077.8505181
2761,21086.7302309
2762,21112.0784183
2763,21131.5391315
2764,21152.045759
2765,21157.1871638
2766,21165.4052167
2767,21172.5585033
2768,21196.8454772
2769,21209.9977592
2770,21228.162279
2771,21230.6282313
2772,21245.4882925
2773,21253.1619235
2774,21277.7955204
2775,21288.7950356
2776,21308.2076143
2777,21317.0041801
2778,21322.8303776
2779,21342.65751
2780,21360.9835246
2781,21367.5393598
2782,21372.5980982
2783,21395.1732465
2784,21401.3920934
2785,21411.8731363
2786,21416.5943043
2787,21426.2281039
2788,21432.7717445
2789,21437.8411181
2790,21449.9357785
2791,21456.4475864
2792,21464.4669799
2793,21490.4339124
2794,21499.8347728
2795,21501.1754795
2796,21522.1772967
2797,21530.4377692
2798,21551.4858468
2799,21561.5109581
2800,21563.5431609
2801,21587.883532
2802,21590.5197091
2803,21601.7162807
2804,21608.0545638
2805,21616.3483658
2806,21625.3203083
2807,21642.1397599
2808,21658.0054982
2809,21667.553649
2810,21673.6557984
2811,21681.8450297
2812,21693.6474835
2813,21699.0297301
2814,21703.3870691
2815,21715.3101368
2816,21726.7468937
2817,21728.9516556
2818,21734.4116224
2819,21737.7910734
2820,21747.726191
2821,21753.3289556
2822,21761.1050928
2823,21763.2390254
2824,21767.5824591
2825,21775.1142651
2826,21776.3099734
2827,21783.8991492
2828,21792.0088496
2829,21801.6541217
2830,21807.668611
2831,21813.3228186
2832,21818.9832204
2833,21825.5670044
2834,21831.7583919
2835,21836.8089544
2836,21843.1321052
2837,21848.020641
2838,21850.3012823
2839,21852.4254557
2840,21859.0491177
2841,21861.7716172
2842,21864.5855825
2843,21866.5645351
2844,21872.4319927
2845,21879.7156726
2846,21881.4667321
2847,21888.8378985
2848,21890.7253811
2849,21891.1999693
2850,21902.8760715
2851,21906.6494744
2852,21915.83636
2853,21916.9175354
2854,21920.2767437
2855,21929.9657658
2856,21933.4436854
2857,21942.5443275
2858,21943.5356927
2859,21948.1389447
2860,21950.815553
2861,21958.3509409
2862,21964.8497026
2863,21970.0138926
2864,21972.7151465
2865,21978.1354691
2866,21980.0544449
2867,21993.0530055
2868,21996.45454
2869,22001.3720616
2870,22008.4774888
2871,22016.5897878
2872,22023.3640956
2873,22026.8179662
2874,22034.1772077
2875,22035.7648652
2876,22040.6605731
2877,22050.869432
2878,22055.0520526
2879,22055.6737736
2880,22069.5743531
2881,22084.9422814
2882,22090.8721502
2883,22091.843233
2884,22100.954355
2885,22108.6120373
2886,22112.1124828
2887,22120.9315553
2888,22127.5206035
2889,22132.6194707
2890,22137.5259837
2891,22140.0858701
2892,22147.7047607
2893,22152.114066
2894,22165.9313433
2895,22169.0136515
2896,22175.8504878
2897,22180.3048177
2898,22181.6220856
2899,22194.6257405
2900,22199.7501103
2901,22200.9295995
2902,22204.7852996
2903,22215.7295875
2904,22217.9220665
2905,22226.0210618
2906,22228.6547321
2907,22238.5474414
2908,22245.0260198
2909,22250.2874212
2910,22257.2052868
2911,22268.5558126
2912,22277.3129017
2913,22288.2229903
2914,22293.1487222
2915,22295.3695766
2916,22300.8747898
2917,22307.9836898
2918,22311.1490422
2919,22314.8155315
2920,22323.2004566
2921,22326.1042502
2922,22332.1411332
2923,22334.0956481
2924,22340.8804371
2925,22346.4609605
2926,22358.8087661
2927,22360.1442315
2928,22365.4388688
2929,22366.7928424
2930,22372.8534225
2931,22378.5196248
2932,22386.2367953
2933,22396.1934525
2934,22397.7565842
2935,22407.4261626
2936,22408.7909216
2937,22410.206109
2938,22421.1825908
2939,22426.36715
2940,22433.1336216
2941,22438.1406701
2942,22446.1259857
2943,22456.6685878
2944,22461.0961963
2945,22465.5327109
2946,22472.4205335
2947,22475.0028713
2948,22489.3039479
2949,22490.6173081
2950,22503.850091
2951,22510.8517095
2952,22514.7397197
2953,22519.5112695
2954,22524.8754085
2955,22525.9141213
2956,22535.0025062
2957,22540.4259574
2958,22542.9798184
2959,22548.5205685
2960,22558.4090177
2961,22563.5252022
2962,22572.2485958
2963,22588.6851964
2964,22591.3743441
2965,22598.4995239
2966,22609.1787182
2967,22611.6048695
2968,22622.0890916
2969,22634.1742839
2970,22636.8800083
2971,22644.2542451
2972,22653.574272
2973,22657.2713154
2974,22669.3883775
2975,22672.562476
2976,22676.2079108
2977,22683.1756284
2978,22689.3337975
2979,22699.4344857
2980,22705.2480719
2981,22714.0186946
2982,22719.7234919
2983,22724.3482076
2984,22728.394369
2985,22737.5535799
2986,22742.4602575
2987,22745.3739023
2988,22749.5763894
2989,22753.9871705
2990,22757.4530903
2991,22762.074031
2992,22778.8300051
2993,22782.0221515
2994,22792.8713688
2995,22797.9781647
2996,22805.4315549
2997,22812.7297048
2998,22816.6897114
2999,22821.1055968
3000,22838.4360435
3001,22838.6287105
3002,22852.2803788
3003,22857.9381416
3004,22862.6649643
3005,22869.9175725
3006,22873.5071237
3007,22877.6929087
3008,22885.0116423
3009,22892.7755029
3010,22903.1397808
3011,22907.7896376
3012,22915.9677699
3013,22920.3873309
3014,22927.6722528
3015,22935.4190365
3016,22943.0686864
3017,22945.3278048
3018,22953.6570815
3019,22958.8169455
3020,22964.0205785
3021,22973.584612
3022,22981.9700637
3023,22987.0031398
3024,22995.5072361
3025,22997.2655819
3026,23009.1690476
3027,23020.8326168
3028,23026.6948675
3029,23029.090596
3030,23033.6248364
3031,23042.1070526
3032,23045.1945463
3033,23050.8569643
3034,23060.8574455
3035,23074.1030678
3036,23079.2800305
3037,23081.5888423
3038,23092.9806138
3039,23104.9736219
3040,23110.3281466
3041,23113.0011277
3042,23126.7025309
3043,23128.9864541
3044,23129.3529121
3045,23141.0849831
3046,23144.9013894
3047,23150.8438505
3048,23154.0174279
3049,23162.4613661
3050,23170.3594192
3051,23172.1478592
3052,23183.8048003
3053,23193.4880652
3054,23206.3349057
3055,23208.1712364
3056,23215.8591026
3057,23227.2724056
3058,23237.4429505
3059,23248.4504
3060,23254.1972128
3061,23258.5119371
3062,23259.3552052
3063,23268.4632958
3064,23270.1180495
3065,23276.5337048
3066,23281.3094581
3067,23289.4414931
3068,23301.9183708
3069,23307.4689918
3070,23311.3776052
3071,23317.5413137
3072,23327.359993
3073,23333.3499645
3074,23343.9337999
3075,23346.2025175
3076,23362.4199078
3077,23368.6133563
3078,23377.5198546
3079,23384.9463035
3080,23390.9476769
3081,23394.9449838
3082,23400.2618952
3083,23413.2215586
3084,23422.6224675
3085,23425.1183622
3086,23430.4253278
3087,23435.1061475
3088,23451.0804299
3089,23467.3309314
3090,23477.985807
3091,23485.1526748
3092,23495.7437112
3093,23504.1669116
3094,23516.1695426
3095,23519.2603373
3096,23527.6704656
3097,23534.8996162
3098,23553.5467539
3099,23566.4649461
3100,23569.8516308
3101,23575.4547374
3102,23585.1779592
3103,23588.3247502
3104,23594.4381835
3105,23605.4806629
3106,23608.3889672
3107,23613.0981955
3108,23627.3105844
3109,23633.0814966
3110,23641.1520037
3111,23644.017801
3112,23648.5868393
3113,23660.6806752
3114,23671.5980253
3115,23686.6783658
3116,23697.6621043
3117,23719.3557868
3118,23721.5943953
3119,23733.4725407
3120,23738.2784762
3121,23750.1707741
3122,23755.8366434
3123,23762.4635016
3124,23764.3411893
3125,23773.6486578
3126,23778.7979617
3127,23792.656592
3128,23798.3650077
3129,23811.8843579
3130,23817.512099
3131,23820.6568524
3132,23834.224791
3133,23837.0342342
3134,23854.1925647
3135,23860.2061114
3136,23864.264437
3137,23873.3157771
3138,23897.1396732
3139,23899.8382777
3140,23909.575395
3141,23916.1493463
3142,23927.6880694
3143,23928.8533299
3144,23936.3925694
3145,23946.3778641
3146,23947.5654195
3147,23968.3442783
3148,23975.4517397
3149,23979.5689962
3150,23982.2343225
3151,23997.3336325
3152,24005.6747685
3153,24021.6955546
3154,24027.2709665
3155,24030.9963805
3156,24044.8661437
3157,24059.2318525
3158,24060.3737573
3159,24067.1326094
3160,24087.276463
3161,24092.1948978
3162,24104.1536775
3163,24106.8969835
3164,24117.9936889
3165,24128.7219901
3166,24135.2292574
3167,24149.4721551
3168,24156.1292023
3169,24167.9477674
3170,24183.178064
3171,24192.2409092
3172,24199.7782571
3173,24204.2288551
3174,24208.0299636
3175,24215.8178245
3176,24229.9549877
3177,24231.5007011
3178,24251.810156
3179,24263.7099821
3180,24275.8792291
3181,24281.7536537
3182,24285.4795843
3183,24301.7702154
3184,24303.3556138
3185,24305.6971927
3186,24328.6506993
3187,24343.7425234
3188,24361.5208282
3189,24365.3902561
3190,24373.2814776
3191,24380.1437175
3192,24396.9274291
3193,24399.2944845
3194,24406.9136157
3195,24428.4066437
3196,24436.7852602
3197,24447.1222493
3198,24456.2238964
3199,24462.550156
3200,24476.5637261
3201,24490.2354902
3202,24506.1692549
3203,24511.0849507
3204,24514.1287059
3205,24521.3330647
3206,24535.9082959
3207,24542.7252814
3208,24554.9786873
3209,24557.5950471
3210,24570.5912243
3211,24589.8091414
3212,24593.9469479
3213,24605.4671227
3214,24610.8578359
3215,24619.3529257
3216,24631.7286924
3217,24658.8960882
3218,24667.5914005
3219,24678.2565703
3220,24693.931029
3221,24698.8910348
3222,24713.0172651
3223,24715.2957708
3224,24723.8715137
3225,24743.5878306
3226,24746.6221042
3227,24751.1586154
3228,24771.4596714
3229,24783.3613921
3230,24794.0233259
3231,24810.0485277
3232,24814.94091
3233,24827.0783659
3234,24846.0853377
3235,24855.0148807
3236,24856.5309171
3237,24868.8393061
3238,24877.9684772
3239,24890.1326731
3240,24914.4497161
3241,24918.9407441
3242,24931.6177943
3243,24940.0769041
3244,24956.4437018
3245,24972.3000491
3246,24975.0792993
3247,24981.1918116
3248,25008.3567451
3249,25014.3274887
3250,25033.0530912
3251,25054.4661657
3252,25061.97128
3253,25073.7249549
3254,25082.2201668
3255,25094.7262507
3256,25106.4345644
3257,25115.7687488
3258,25127.2403814
3259,25136.9239514
3260,25154.7405084
3261,25161.9207153
3262,25169.4704993
3263,25181.8537758
3264,25198.6042834
3265,25204.4073856
3266,25227.084976
3267,25236.343433
3268,25244.4371259
3269,25259.3488171
3270,25269.4858031
3271,25277.02512
3272,25287.24659
3273,25315.5234042
3274,25319.3773841
3275,25327.3946935
3276,25331.0416357
3277,25344.438239
3278,25363.3620471
3279,25372.7548921
3280,25382.4760895
3281,25405.9362443
3282,25412.2058463
3283,25414.8777497
3284,25429.2823817
3285,25458.7471767
3286,25461.5142127
3287,25471.4410748
3288,25482.1240562
3289,25489.2228651
3290,25494.8147239
3291,25527.5468943
3292,25535.324246
3293,25546.260859
3294,25557.4288178
3295,25575.1219505
3296,25588.3867252
3297,25608.5039777
3298,25618.9394311
3299,25625.9762876
3300,25643.6353585
3301,25654.9495831
3302,25665.5632105
3303,25671.8294291
3304,25684.7046165
3305,25704.9530584
3306,25707.8780223
3307,25723.3237211
3308,25732.2646071
3309,25745.852182
3310,25751.2495743
3311,25781.3016981
3312,25785.974422
3313,25796.173223
3314,25802.7944731
3315,25824.9776139
3316,25830.4105194
3317,25864.5708236
3318,25870.8908639
3319,25877.5439256
3320,25889.4150842
3321,25904.9744316
3322,25918.165728
3323,25925.7246146
3324,25944.0129296
3325,25953.4113286
3326,25975.5839412
3327,25979.8294314
3328,25996.4405082
3329,26014.3647407
3330,26025.3147726
3331,26030.0806955
3332,26058.7659358
3333,26071.6412611
3334,26083.3792484
3335,26093.7309163
3336,26107.6642134
3337,26119.0790657
3338,26136.6592807
3339,26149.6835725
3340,26156.7282073
3341,26184.1364192
3342,26190.4130145
3343,26193.9606522
3344,26224.3657677
3345,26227.8616376
3346,26232.0153805
3347,26248.9739049
3348,26265.0018912
3349,26291.2281363
3350,26304.2402703
3351,26325.8088697
3352,26334.7091575
3353,26346.6881266
3354,26348.9209045
3355,26358.6859555
3356,26374.774022
3357,26388.5114323
3358,26402.996914
3359,26433.7743672
3360,26448.8183224
3361,26461.7230012
3362,26482.4008276
3363,26491.2404322
3364,26517.3391927
3365,26527.5486992
3366,26545.461487
3367,26567.4979285
3368,26599.6743577
3369,26610.1107545
3370,26621.366839
3371,26629.1909833
3372,26639.384319
3373,26659.9603211
3374,26673.9130706
3375,26684.4017025
3376,26685.1798049
3377,26695.8024051
3378,26737.951116
3379,26754.8243078
3380,26762.3089336
3381,26797.1912258
3382,26800.1604962
3383,26803.9359491
3384,26818.6822834
3385,26832.5116782
3386,26841.0641218
3387,26859.5197561
3388,26875.3794381
3389,26898.78663
3390,26914.8587029
3391,26940.1586061
3392,26949.7867706
3393,26970.5200089
3394,26974.2203821
3395,26997.715178
3396,27012.4261731
3397,27021.1930693
3398,27032.9436048
3399,27047.2226413
3400,27067.9513345
3401,27081.6553488
3402,27096.8449958
3403,27106.6008659
3404,27117.2022097
3405,27136.7067927
3406,27146.0881185
3407,27156.5027566
3408,27182.5839004
3409,27200.0121791
3410,27212.6135601
3411,27233.3678863
3412,27245.4467244
3413,27249.112741
3414,27275.9604378
3415,27298.4896882
3416,27299.7465805
3417,27337.174105
3418,27352.4398677
3419,27374.8099781
3420,27380.4926834
3421,27395.0127776
3422,27410.8593185
3423,27439.1815478
3424,27453.7058859
3425,27481.6619825
3426,27491.8526823
3427,27502.6097718
3428,27517.3316502
3429,27534.9641935
3430,27536.4540965
3431,27565.729911
3432,27571.4380093
3433,27585.6176309
3434,27603.7077284
3435,27611.8856928
3436,27624.7053984
3437,27632.0069706
3438,27662.8822419
3439,27666.3138736
3440,27712.3373202
3441,27726.9962573
3442,27744.1425772
3443,27772.3384986
3444,27788.6699852
3445,27827.6464999
3446,27835.1604834
3447,27852.4484952
3448,27862.3056153
3449,27890.4548718
3450,27901.0920584
3451,27915.0244743
3452,27940.6657206
3453,27954.8523092
3454,27970.2618362
3455,27986.8690598
3456,28016.1498874
3457,28021.1074754
3458,28030.5585223
3459,28045.0806071
3460,28085.0873008
3461,28107.2637206
3462,28125.8810773
3463,28145.1873325
3464,28159.3283272
3465,28180.7070877
3466,28190.1797241
3467,28197.2153278
3468,28234.1926459
3469,28243.9650319
3470,28264.6684825
3471,28286.4054234
3472,28301.8898327
3473,28322.691616
3474,28335.0788763
3475,28351.3755617
3476,28372.0274132
3477,28401.9327677
3478,28434.9533716
3479,28451.8049516
3480,28484.6645942
3481,28503.8343722
3482,28514.001445
3483,28527.0588744
3484,28558.2951006
3485,28566.1351164
3486,28592.601899
3487,28599.0251622
3488,28611.3346755
3489,28645.3479156
3490,28664.3173655
3491,28690.6508197
3492,28720.0218231
3493,28728.001103
3494,28764.6986645
3495,28778.6071796
3496,28796.82366
3497,28810.0221011
3498,28814.851645
3499,28822.1165086
3500,28857.1741639
3501,28902.5822818
3502,28917.5795354
3503,28929.3319158
3504,28961.6802978
3505,28981.0137948
3506,28997.8823121
3507,29006.3281587
3508,29022.9941396
3509,29032.41948
3510,29075.0095041
3511,29110.3240283
3512,29114.2320565
3513,29143.1784202
3514,29167.3362518
3515,29176.1018117
3516,29184.7295242
3517,29213.6246179
3518,29260.0083794
3519,29265.3901489
3520,29288.99485
3521,29326.1847375
3522,29338.4668403
3523,29362.2013061
3524,29390.1474118
3525,29393.2695227
3526,29440.6305651
3527,29460.5865581
3528,29482.8245084
3529,29505.9291621
3530,29520.1279934
3531,29555.2695147
3532,29571.8807006
3533,29604.5393243
3534,29650.6568036
3535,29653.6622112
3536,29660.3909105
3537,29690.5369721
3538,29710.0547237
3539,29721.8110035
3540,29726.0223211
3541,29758.902897
3542,29781.0538756
3543,29797.1215017
3544,29839.387347
3545,29845.6551934
3546,29853.0413889
3547,29892.3661122
3548,29899.3616684
3549,29915.22125
3550,29974.7581007
3551,29991.3674142
3552,30014.1602377
3553,30046.044471
3554,30074.9513393
3555,30075.5603374
3556,30119.4974646
3557,30170.1656946
3558,30211.5779808
3559,30218.397083
3560,30243.3794643
3561,30260.9085673
3562,30300.6022427
3563,30315.1492598
3564,30340.7470368
3565,30363.7080095
3566,30387.91558
3567,30421.4173654
3568,30452.7387927
3569,30482.0341497
3570,30504.5652219
3571,30521.7189031
3572,30534.5733182
3573,30565.2015784
3574,30578.4614866
3575,30625.8090712
3576,30645.0762021
3577,30695.7590185
3578,30726.5001912
3579,30734.0223491
3580,30765.9117241
3581,30779.3945345
3582,30821.2147933
3583,30839.4739445
3584,30862.2652201
3585,30886.9690809
3586,30916.4131338
3587,30933.548864
3588,30976.7728698
3589,31001.6339074
3590,31017.504945
3591,31053.6934348
3592,31063.316523
3593,31127.0390843
3594,31129.1227546
3595,31157.6910096
3596,31190.5763311
3597,31209.0160757
3598,31277.6453866
3599,31310.5611172
3600,31349.7072395
3601,31370.6490115
3602,31399.0180997
3603,31421.7880459
3604,31456.244979
3605,31495.2902244
3606,31499.7726709
3607,31522.4825684
3608,31544.1635056
3609,31645.9724952
3610,31657.3386428
3611,31709.0841487
3612,31725.7105774
3613,31744.7626061
3614,31791.7055184
3615,31805.6555622
3616,31854.5299042
3617,31881.8369909
3618,31905.8356688
3619,31936.1339734
3620,31993.5451302
3621,32011.8115973
3622,32041.1156779
3623,32082.9613382
3624,32123.9581055
3625,32175.7728724
3626,32214.6426718
3627,32217.3105885
3628,32254.2085247
3629,32269.5327696
3630,32310.3997397
3631,32332.9806699
3632,32349.1985528
3633,32355.9146957
3634,32392.033837
3635,32453.8943943
3636,32506.2626033
3637,32545.2342249
3638,32588.1185586
3639,32651.8171775
3640,32660.6534828
3641,32717.9710261
3642,32741.9377248
3643,32909.0572813
3644,32975.5552003
3645,33004.417853
3646,33048.5733492
3647,33084.5393842
3648,33150.8601531
3649,33212.6841244
3650,33244.6929278
3651,33290.8095997
3652,33574.7441436
3653,33624.9562715
3654,33632.8014408
3655,33641.5155846
3656,35191.9565291
3657,35246.2979949
3658,35348.3340892
3659,35383.4024856
3660,35531.0694849
3661,35892.484422
3662,36878.4769657
3663,38506.4451712
