# Domain: gww2 (DST, dense eig full spectrum)
# Reference for the DOF requirement of the first 1000 eigenvalues
# Resolution M = 227, dofs = 19875
n,lambda_n
1,2.53986832341
2,3.65739884578
3,5.17932271999
4,6.53827679729
5,7.25162884392
6,9.21090789751
7,10.5991013069
8,11.541921106
9,12.3369938175
10,13.0592097001
11,14.315721086
12,15.8795352905
13,16.9416348519
14,17.6672986479
15,18.9920645983
16,20.8840530867
17,21.2591978215
18,22.2424711139
19,23.7117693562
20,24.4795552406
21,24.6739278282
22,26.085973276
23,27.3091473177
24,28.1782625789
25,29.5718609997
26,31.4863009043
27,32.0761817901
28,32.2240366005
29,32.9091277738
30,34.1376341394
31,36.2657509967
32,37.1043449513
33,38.7968568921
34,38.9543266097
35,40.8393072141
36,40.9678790151
37,41.4501699519
38,41.9455258453
39,44.1507193947
40,44.4814952148
41,45.8496602914
42,46.69961439
43,47.4457709893
44,49.3478344346
45,49.9340892331
46,50.2880657821
47,52.0295293496
48,52.5383766077
49,53.3963959424
50,54.1994816099
51,56.2785033746
52,57.0601947356
53,58.1455008542
54,59.1537402119
55,61.6849636013
56,61.7305942961
57,62.8550696779
58,63.2030183076
59,63.2910354267
60,64.1516773951
61,64.7957039034
62,66.471342488
63,67.1870766303
64,69.4919785405
65,70.0650010487
66,70.6708003091
67,71.5540561149
68,71.5835183843
69,72.3881393363
70,75.0264754023
71,76.5098314669
72,76.8761218181
73,77.2683887424
74,77.3922570541
75,79.7003847663
76,80.7089050715
77,81.6962165029
78,83.8227585566
79,83.8523539603
80,83.8913029165
81,85.754911863
82,86.0329855325
83,87.4685190189
84,89.028812316
85,90.4813490094
86,90.9441374865
87,91.2905578204
88,91.2924119536
89,92.2486485454
90,93.3638952844
91,94.7693210718
92,96.2910442189
93,97.9436633032
94,98.5907736888
95,98.6947044528
96,98.9163701865
97,101.163339105
98,101.959642041
99,102.92557936
100,103.414685557
101,104.671190602
102,105.611225462
103,106.504520368
104,106.630682071
105,109.421564649
106,109.964619579
107,110.889648366
108,111.032094848
109,112.892476572
110,113.033765438
111,114.172315131
112,114.774986349
113,116.168844878
114,118.534714311
115,119.608051776
116,119.743683507
117,121.653812511
118,122.623442782
119,122.959836033
120,123.125296322
121,123.367036863
122,124.981630185
123,126.014969253
124,127.160270577
125,128.304332425
126,128.705132215
127,129.019901913
128,130.769601321
129,131.236084082
130,131.448399502
131,131.932513046
132,133.499443939
133,134.933732332
134,136.668813938
135,138.004210204
136,139.650517976
137,139.776987207
138,140.666314008
139,140.801016957
140,141.259248174
141,142.915999629
142,143.107162335
143,144.982623418
144,146.971656455
145,147.497100851
146,149.354726917
147,149.846254566
148,150.421350625
149,150.51130805
150,151.873793725
151,151.917022871
152,153.417125062
153,155.455959005
154,157.002901476
155,158.15601714
156,159.354125954
157,159.803501024
158,159.848420143
159,160.375856348
160,160.379638731
161,161.340378199
162,162.629306353
163,163.808820634
164,164.829004694
165,165.792172965
166,166.466846463
167,167.778535537
168,168.189698582
169,169.814780916
170,170.022165435
171,170.992463115
172,172.529363986
173,173.795463696
174,175.262216238
175,176.172346666
176,177.323842814
177,178.52095683
178,179.453759723
179,180.116291729
180,180.122856344
181,180.508732787
182,181.523910416
183,182.586921979
184,183.605568679
185,185.05498984
186,185.85043808
187,186.321997317
188,187.264201376
189,188.205700464
190,188.88298193
191,191.086948225
192,191.329467681
193,193.892226202
194,195.132691031
195,195.919125026
196,196.370289117
197,197.389046193
198,197.803475386
199,198.98038157
200,200.406608133
201,201.067495988
202,201.571592752
203,202.318249313
204,202.349876574
205,203.149461243
206,205.567633514
207,206.710490666
208,207.283988503
209,208.569134326
210,209.441276708
211,209.721272959
212,209.728870151
213,210.546380886
214,212.029910673
215,212.310399503
216,213.304837113
217,213.817164629
218,216.466235798
219,218.664671127
220,219.503169927
221,219.596685237
222,219.727728618
223,220.847852618
224,221.604668467
225,222.059240611
226,223.552149056
227,224.590773894
228,225.006194162
229,226.376146507
230,227.57559429
231,228.077321568
232,229.177502546
233,229.702460812
234,231.517907001
235,232.51231014
236,234.014545859
237,234.644246605
238,235.346324519
239,236.553749597
240,237.608428697
241,239.228056384
242,239.332308144
243,239.3958575
244,242.209799729
245,243.113813024
246,244.193600819
247,245.055468955
248,245.533940894
249,246.739070001
250,247.83790639
251,248.13966386
252,248.316393103
253,249.194467573
254,249.412855619
255,250.235274506
256,251.755679425
257,252.374894302
258,253.104266362
259,255.061560659
260,255.325400184
261,256.597495477
262,256.979857713
263,258.807777676
264,260.797873228
265,261.346081387
266,261.540350008
267,261.840999934
268,262.508762708
269,263.453991295
270,263.998292521
271,265.672628353
272,266.391165479
273,267.674958465
274,268.935714948
275,269.479515262
276,271.193500721
277,272.847886097
278,273.672717938
279,273.869984762
280,274.374654442
281,276.154687537
282,277.173429563
283,278.351162103
284,278.81602501
285,279.160929112
286,279.937556217
287,281.197225419
288,281.396053572
289,282.328287701
290,284.590588362
291,285.127953259
292,286.209138856
293,287.369749518
294,288.683232206
295,288.975816003
296,289.879093495
297,290.435987585
298,291.614543519
299,293.4233492
300,294.055026787
301,294.639614951
302,295.428166788
303,297.559765538
304,298.488653568
305,298.881250465
306,299.675821451
307,300.565342348
308,301.0038614
309,302.331537864
310,303.355087258
311,304.299621831
312,304.90441764
313,306.05082451
314,306.71937977
315,307.720884698
316,308.406905404
317,308.417636377
318,308.917858109
319,309.745291377
320,311.017003604
321,313.242358717
322,314.352733658
323,314.836356897
324,316.166886408
325,317.711800277
326,318.413519129
327,319.212042639
328,320.526284832
329,320.745390371
330,320.760775755
331,320.975246229
332,322.134061354
333,323.299361258
334,325.092414116
335,326.475705481
336,327.876478434
337,328.259741506
338,328.519654615
339,329.46821635
340,330.867515419
341,331.326146279
342,333.561773624
343,334.94759794
344,335.146544579
345,335.561070817
346,336.203723368
347,337.137683095
348,338.019207932
349,338.391284007
350,339.192669313
351,339.819634917
352,341.623961448
353,343.010695943
354,344.407566527
355,344.469896807
356,345.938483964
357,346.81875542
358,348.671492753
359,350.237584043
360,350.875427629
361,352.123332462
362,353.303311279
363,354.280406775
364,355.485028428
365,356.525056176
366,357.453156847
367,357.746113628
368,357.772772292
369,358.196062967
370,359.599902449
371,360.228210931
372,360.821065551
373,361.072141135
374,361.905011287
375,363.074915514
376,363.443150281
377,364.804217966
378,365.149143225
379,367.010537124
380,367.639274751
381,368.771097014
382,369.910441291
383,370.592780278
384,371.292414765
385,372.126507941
386,372.586096184
387,373.045447234
388,375.375760763
389,376.753319433
390,377.487938632
391,378.324349218
392,378.707330813
393,379.83260645
394,381.174495153
395,381.591267868
396,384.20771679
397,385.561846663
398,386.732241909
399,387.208232455
400,387.372269605
401,387.794343299
402,388.397054603
403,389.566918593
404,390.10555831
405,390.551361892
406,391.584999948
407,393.06609897
408,393.667705495
409,394.762135083
410,394.797918972
411,397.317753119
412,398.884651711
413,400.441602801
414,401.131242764
415,401.865698471
416,402.686599078
417,403.574631955
418,404.008801253
419,404.65203672
420,405.362727254
421,406.644574748
422,407.627925321
423,408.437430682
424,409.688571015
425,410.459356195
426,411.574527577
427,413.332566164
428,414.148186767
429,415.057407779
430,416.971712232
431,417.40754978
432,418.47341325
433,418.923637508
434,419.420475576
435,419.451199689
436,420.568812564
437,420.718379389
438,422.073471911
439,423.241338434
440,423.805187277
441,424.818598224
442,424.853455041
443,425.742073065
444,426.823706068
445,427.10490478
446,428.13725415
447,428.86400013
448,431.3348706
449,431.50146712
450,433.319647476
451,435.04589651
452,435.907834047
453,436.963797815
454,437.853936232
455,438.854315128
456,439.162894417
457,439.51716505
458,440.5963221
459,441.617985595
460,443.150405604
461,444.116442205
462,445.754007453
463,446.449653638
464,446.599111456
465,447.890629602
466,448.824011268
467,449.727729044
468,450.339333417
469,451.040907884
470,451.417017757
471,452.396270389
472,452.967048391
473,456.437370409
474,456.46480661
475,456.506890024
476,456.767446942
477,457.807806301
478,458.021795963
479,458.837379991
480,459.489168804
481,460.750983624
482,461.786447744
483,464.00479603
484,464.763186002
485,466.966822117
486,467.792526573
487,468.526518928
488,469.242688503
489,470.79401117
490,471.782856066
491,472.34316256
492,474.232013505
493,474.385686843
494,475.78287938
495,476.167299547
496,476.196377415
497,478.072546463
498,478.214536614
499,478.647732597
500,480.730830894
501,481.363719658
502,483.527222882
503,484.060250525
504,485.431774562
505,486.008616492
506,486.037554983
507,486.901215189
508,487.568281623
509,488.064497827
510,488.518830396
511,489.98645074
512,490.982877997
513,492.657771206
514,493.430550311
515,493.67648606
516,494.986382644
517,496.939405569
518,497.323497035
519,497.875215789
520,498.351414064
521,498.412853772
522,499.073999985
523,500.999115314
524,501.592949573
525,502.654017243
526,503.396756005
527,505.769174059
528,505.793133383
529,505.850554789
530,506.260417265
531,507.488108838
532,508.53924383
533,509.751614722
534,510.320272766
535,512.292451244
536,513.210718126
537,513.464048773
538,515.74775435
539,516.880468605
540,517.899272373
541,518.170111318
542,519.846151063
543,520.675995097
544,520.986276003
545,521.203866913
546,521.719919088
547,522.538118899
548,523.006421978
549,523.04771457
550,524.742447784
551,526.524515404
552,527.946117288
553,528.828044907
554,529.152252115
555,531.017582285
556,533.651630155
557,534.042036565
558,534.115230795
559,536.312172224
560,537.267488771
561,537.873787559
562,538.320567077
563,539.116530036
564,539.756572805
565,540.08137399
566,540.853481398
567,542.681063845
568,543.73794806
569,545.255778314
570,545.295041887
571,545.67103444
572,547.219639347
573,548.119372339
574,548.614278009
575,550.756183883
576,552.393614553
577,552.762499556
578,554.222024246
579,554.936757403
580,555.159832688
581,556.37143614
582,556.954020252
583,557.446219014
584,557.566607645
585,558.398101677
586,558.680954766
587,560.344024269
588,561.270553424
589,561.820083869
590,562.732144515
591,563.399893603
592,564.096022613
593,564.968466257
594,566.531015875
595,568.247812691
596,568.873516565
597,571.641120166
598,572.25419089
599,572.402110476
600,573.318796327
601,573.816263993
602,574.889365918
603,575.2178896
604,575.787098105
605,575.965842555
606,576.640689581
607,577.307980623
608,577.521095089
609,578.981883456
610,580.607308581
611,582.259144698
612,583.231280384
613,583.995320766
614,585.213749826
615,586.653401422
616,586.848780859
617,587.42576574
618,589.694185494
619,591.717175575
620,592.380810173
621,594.583901044
622,594.65929422
623,595.080556953
624,595.330451508
625,596.268702889
626,597.647807935
627,598.46018783
628,598.979860035
629,599.225369551
630,600.564661727
631,600.892206224
632,602.000691641
633,602.043215902
634,603.341151749
635,604.483594962
636,604.872441924
637,606.122742836
638,607.248452755
639,608.063546387
640,610.12481014
641,611.43963906
642,611.72927391
643,613.272301456
644,613.475529516
645,613.768507794
646,614.365581918
647,616.795385855
648,616.839636069
649,617.44331239
650,619.584097665
651,620.437850288
652,620.855349682
653,621.457173153
654,621.972089333
655,622.719148746
656,626.061172123
657,627.229671262
658,627.552954181
659,627.895331915
660,629.993765796
661,630.627466796
662,631.844846627
663,632.526853967
664,633.514923054
665,633.925143077
666,634.041613743
667,634.520813262
668,635.263735134
669,637.095036146
670,638.411960375
671,639.727492988
672,640.361871804
673,641.322827299
674,641.438199583
675,641.500369401
676,642.06527762
677,643.330747362
678,643.775014426
679,643.942627379
680,644.395080229
681,646.27020871
682,649.360777226
683,649.965389148
684,650.403659243
685,651.548024662
686,653.701821466
687,653.771768419
688,653.777377197
689,653.86056319
690,655.215195201
691,655.775875484
692,656.86758563
693,657.141056166
694,659.027516911
695,659.668184505
696,661.17253044
697,661.961727568
698,663.724324199
699,663.998946623
700,664.531969449
701,665.421674571
702,666.147599654
703,668.038210926
704,669.583691154
705,671.048086125
706,671.054292193
707,671.554816638
708,671.638124979
709,673.887401323
710,673.973059223
711,674.972295209
712,676.025120806
713,676.957358861
714,678.260492429
715,679.022602385
716,679.976170706
717,680.619540227
718,681.441375387
719,682.966813608
720,683.451834756
721,684.043475674
722,685.782358335
723,686.114066865
724,686.284994408
725,687.106110783
726,688.16066043
727,689.451680591
728,691.532036594
729,692.178820054
730,693.26577771
731,693.524682172
732,694.294359868
733,694.411399906
734,694.549936736
735,695.638263925
736,699.28623197
737,700.580862744
738,701.08953881
739,701.60502719
740,703.684096457
741,705.492079057
742,705.77340762
743,707.329420221
744,708.344153814
745,709.666917504
746,710.550321801
747,712.096633272
748,713.042958966
749,713.293197655
750,713.468951691
751,713.946640219
752,714.770958543
753,715.040837257
754,715.197736577
755,715.431351507
756,715.543109846
757,715.570344046
758,717.446288834
759,719.443351398
760,720.089490109
761,720.414016045
762,721.484123264
763,722.384153299
764,722.836785701
765,724.01349349
766,726.060813623
767,726.764003751
768,727.642872626
769,728.523682472
770,730.009866069
771,730.337931368
772,730.56273572
773,731.793349671
774,732.314560301
775,732.76982227
776,734.819402234
777,735.176743626
778,735.91897092
779,736.359790044
780,737.177552021
781,739.481708175
782,740.682064471
783,741.732011531
784,742.384068707
785,743.236181984
786,743.5568178
787,744.269566987
788,745.50806823
789,747.033260936
790,749.449004029
791,750.659694782
792,751.889657946
793,752.453784654
794,752.497642707
795,752.669648226
796,754.897409883
797,754.995994012
798,755.435432225
799,756.151055987
800,757.301814811
801,757.722250903
802,757.734219776
803,758.394136724
804,760.085660162
805,760.511804641
806,763.072071946
807,763.715126399
808,764.885739338
809,765.904970859
810,766.870098167
811,767.320709622
812,768.168810366
813,769.475284232
814,772.193089672
815,772.295673512
816,772.995898696
817,773.789999814
818,774.667074038
819,775.21618818
820,775.437087152
821,776.683161545
822,778.018308731
823,778.9752023
824,779.471877215
825,780.663046247
826,781.605425221
827,781.935497012
828,782.158326877
829,783.554620754
830,785.461053143
831,786.955589816
832,787.925071941
833,789.286208546
834,789.516920102
835,790.362416673
836,791.282423977
837,792.386385542
838,793.590925324
839,793.871565622
840,794.683236502
841,797.10692746
842,798.115868138
843,799.952001805
844,800.775747787
845,801.411811746
846,801.767454274
847,801.815811283
848,801.883494967
849,802.114764303
850,802.842420297
851,804.809724512
852,805.427066791
853,805.778725679
854,806.064512797
855,806.573065898
856,807.428404408
857,808.983773822
858,809.172529168
859,809.303856711
860,811.94513349
861,812.224489866
862,813.820671295
863,815.394575994
864,815.814870523
865,816.535597124
866,817.540190489
867,819.062901467
868,821.086258163
869,821.203774916
870,821.496353138
871,821.553434126
872,823.91841593
873,825.169314728
874,825.608452613
875,826.600419952
876,829.264102647
877,830.025383193
878,830.322011457
879,831.112189388
880,831.471244023
881,832.075910305
882,832.612257533
883,833.900749277
884,834.26524324
885,835.754557665
886,836.477946593
887,837.517365643
888,838.325510276
889,838.783742556
890,838.91258535
891,840.154395266
892,842.037540815
893,842.990181751
894,844.755449768
895,845.43284421
896,846.062735475
897,846.594055952
898,847.018453589
899,847.423001972
900,849.543573674
901,850.745990131
902,851.172544601
903,852.195800863
904,852.397115064
905,853.705579425
906,854.34078122
907,855.050699746
908,855.418135138
909,857.091874363
910,858.268230236
911,859.126756294
912,859.941145541
913,860.997915378
914,861.318630646
915,863.805120216
916,864.367492461
917,865.143714385
918,865.650164933
919,867.135197194
920,869.492660876
921,869.550652416
922,869.996965358
923,870.921325468
924,872.08934829
925,872.829232607
926,873.684097956
927,874.290698895
928,876.756485096
929,877.432583296
930,878.052829798
931,878.360521304
932,879.625147425
933,880.274822362
934,881.095308193
935,881.543136095
936,882.585183553
937,885.460542959
938,887.004968398
939,887.376989729
940,887.823047354
941,888.14745397
942,889.001904331
943,890.922569188
944,891.129429865
945,891.98822413
946,892.254097889
947,893.001833097
948,893.265911098
949,895.452947055
950,896.888180124
951,898.744535346
952,898.826664775
953,900.42087736
954,900.600371893
955,900.824848946
956,901.71141265
957,902.288056044
958,903.170453982
959,903.86504014
960,904.801653082
961,905.327862322
962,905.85095066
963,906.403109135
964,907.54021807
965,908.948811784
966,910.087445902
967,910.461747266
968,910.933503564
969,912.765025093
970,912.877183705
971,913.438503055
972,914.562062199
973,916.266750648
974,916.964815043
975,917.435838383
976,917.786928667
977,918.729453479
978,920.233611455
979,920.313115229
980,921.058318615
981,923.448694653
982,924.212623267
983,925.787562911
984,927.290590365
985,929.298184027
986,930.040715751
987,930.18436949
988,930.459491121
989,930.688339422
990,931.438778232
991,932.505627858
992,933.703522665
993,934.725749334
994,934.941642017
995,936.735288882
996,937.86878152
997,938.632883224
998,939.863730245
999,940.028451473
1000,940.951057396
