# Domain: L_shaped (DST, dense eig full spectrum)
# Reference for the DOF requirement of the first 1000 eigenvalues
# Resolution M = 163, dofs = 19845
n,lambda_n
1,9.64701271181
2,15.1972230046
3,19.7392088026
4,29.5214694791
5,31.930402727
6,41.4878942942
7,44.9483391621
8,49.3480220054
9,49.3480220059
10,56.7245268935
11,65.3763432128
12,71.0753051175
13,71.5726744087
14,78.9568352089
15,89.354620445
16,92.3067891293
17,97.3804780145
18,98.6960440108
19,98.6960440108
20,101.630222911
21,112.375173049
22,115.519471807
23,128.304857214
24,128.304857214
25,130.119025932
26,130.270732769
27,142.487715722
28,151.120244666
29,154.560235232
30,162.196498564
31,164.715239143
32,164.853129665
33,167.783274818
34,167.783274819
35,177.652879219
36,179.73746299
37,184.059520252
38,197.392088022
39,197.392088022
40,201.484593262
41,207.409714951
42,208.773926349
43,209.480691524
44,223.219692277
45,223.632633183
46,236.202308414
47,238.416871662
48,246.740110027
49,246.740110027
50,250.821010951
51,252.87422481
52,256.609714428
53,256.609714428
54,265.786572759
55,269.439787977
56,270.225548982
57,281.350730592
58,286.218527632
59,286.218527632
60,289.095614
61,293.607165949
62,306.780373873
63,306.938277327
64,310.3724639
65,313.79123654
66,315.827340835
67,335.55459371
68,335.566549637
69,335.566549637
70,335.821730018
71,346.131172911
72,351.453381478
73,359.761348645
74,360.505682329
75,365.17536284
76,365.17536284
77,369.547325859
78,372.26692427
79,376.164810124
80,382.898283552
81,389.864861948
82,390.501198676
83,394.784176043
84,394.784176044
85,404.653780445
86,404.653780445
87,415.714057444
88,419.636950358
89,426.72147931
90,427.081398725
91,432.925040347
92,443.813450087
93,444.132198049
94,444.132198049
95,454.122442245
96,454.127084189
97,454.176719251
98,464.455779444
99,478.853994856
100,479.674463314
101,485.853511146
102,490.15616565
103,493.480220054
104,493.480220055
105,493.480220055
106,499.366721353
107,502.299810046
108,512.61509425
109,513.219428857
110,513.219428857
111,513.567716158
112,523.089033258
113,523.089033258
114,530.417177882
115,536.758290184
116,545.126389415
117,546.236378744
118,559.286577347
119,563.833433551
120,565.027731936
121,565.479690004
122,572.437055263
123,572.437055263
124,575.789475629
125,578.192704072
126,591.64408152
127,592.00270666
128,602.045868466
129,602.045868467
130,605.553551445
131,609.578925855
132,630.536626734
133,634.186544271
134,636.952019238
135,641.524286071
136,641.524286071
137,641.524286071
138,641.524286071
139,641.882123009
140,642.601161775
141,648.988978957
142,654.169277512
143,660.689784731
144,663.65779615
145,671.133099274
146,671.133099274
147,674.431436079
148,685.718054997
149,686.817823237
150,691.96022317
151,698.959601287
152,710.611516879
153,714.880675246
154,715.540113474
155,720.48112128
156,720.48112128
157,722.622183278
158,722.655589671
159,730.350725681
160,730.350725681
161,747.149329962
162,747.812376341
163,753.385389429
164,753.690723691
165,759.206181016
166,764.144124919
167,780.968276608
168,789.568352087
169,789.568352087
170,790.055625457
171,795.340572913
172,797.355038847
173,801.28903484
174,806.804478157
175,807.725841624
176,807.939284136
177,809.307560889
178,809.307560889
179,824.874292528
180,826.693887714
181,833.469848518
182,837.265975672
183,838.916374092
184,838.916374092
185,838.916374093
186,838.916374093
187,855.915320396
188,860.606700886
189,875.05799638
190,875.21978455
191,878.394791697
192,878.394791697
193,880.903876389
194,888.264396098
195,888.264396098
196,892.117991093
197,900.098973167
198,900.121042964
199,903.445778914
200,919.044854012
201,919.627487085
202,923.300503379
203,929.085370051
204,929.292600118
205,937.283435084
206,938.386139282
207,957.351626906
208,957.351626906
209,960.041074034
210,961.975372177
211,967.221231307
212,973.170520484
213,974.011325209
214,986.960440109
215,986.960440109
216,992.436482367
217,993.832679319
218,996.83004451
219,996.83004451
220,999.51720051
221,1003.79011938
222,1010.14064054
223,1013.58199505
224,1018.61436642
225,1026.43885771
226,1026.43885771
227,1027.28012346
228,1038.20238033
229,1039.31138481
230,1046.17806652
231,1046.17806652
232,1050.30392585
233,1055.06629123
234,1059.0251415
235,1062.46056977
236,1070.49807452
237,1075.78687972
238,1075.78687972
239,1076.27752975
240,1097.21530056
241,1097.29413204
242,1100.25435357
243,1100.49231699
244,1105.9305486
245,1111.71431225
246,1115.26529732
247,1115.26529732
248,1126.54376956
249,1127.79216797
250,1138.64676949
251,1139.42057106
252,1144.87411053
253,1144.87411053
254,1154.74371493
255,1154.74371493
256,1163.34287263
257,1170.08140731
258,1170.55656014
259,1174.33338476
260,1180.93703824
261,1192.59454913
262,1193.85926173
263,1199.70358895
264,1200.43261425
265,1204.09173693
266,1204.09173693
267,1210.75769791
268,1215.68405999
269,1217.43935345
270,1225.49341826
271,1225.77738058
272,1233.70055014
273,1233.70055014
274,1233.70055014
275,1233.70055014
276,1241.18333265
277,1242.0271287
278,1245.60091052
279,1249.70408012
280,1263.26677373
281,1263.30936334
282,1264.39168351
283,1283.04857214
284,1283.04857214
285,1283.04857214
286,1283.04857214
287,1286.62901135
288,1290.26022026
289,1309.26159556
290,1312.30756372
291,1315.31200018
292,1316.19571936
293,1321.20309167
294,1329.66843381
295,1335.83831193
296,1338.36180467
297,1342.26619855
298,1342.26619855
299,1344.11710922
300,1344.23006387
301,1350.9772678
302,1352.13580295
303,1352.13580295
304,1364.53958738
305,1377.09644953
306,1383.45784295
307,1386.315498
308,1386.37644087
309,1396.50401782
310,1398.43820039
311,1409.39661342
312,1411.80678315
313,1424.87350168
314,1427.96141662
315,1431.09263816
316,1431.09263816
317,1431.09263816
318,1431.09263816
319,1439.12698328
320,1440.96224256
321,1440.96224256
322,1443.35770527
323,1447.49585413
324,1447.54696106
325,1460.70145136
326,1460.70145136
327,1460.73476044
328,1461.26033639
329,1470.57105576
330,1470.57105576
331,1483.44008279
332,1487.64036574
333,1489.30247667
334,1493.08244158
335,1493.85356215
336,1502.57599308
337,1510.04947337
338,1510.04947337
339,1514.21492653
340,1531.70923002
341,1533.90071245
342,1542.93258186
343,1548.71388577
344,1549.52789097
345,1549.52789097
346,1551.41632431
347,1552.18375875
348,1552.54491744
349,1557.72479612
350,1557.8802235
351,1573.13364639
352,1577.29394682
353,1579.13670417
354,1579.13670417
355,1580.4600226
356,1580.71908658
357,1598.87591298
358,1612.95362251
359,1613.40723766
360,1616.39496261
361,1618.54082289
362,1618.61512178
363,1618.61512178
364,1629.54670682
365,1634.94188129
366,1659.25096979
367,1660.35618903
368,1663.22121996
369,1667.96314378
370,1667.96314378
371,1669.95759866
372,1673.91473639
373,1674.39952758
374,1677.83274818
375,1677.83274818
376,1677.83274819
377,1677.83274819
378,1686.03999369
379,1686.314866
380,1693.66867787
381,1699.60507828
382,1702.20167943
383,1707.44156139
384,1707.44156139
385,1708.04741064
386,1723.24946274
387,1725.19126325
388,1726.13033026
389,1731.40321524
390,1733.16534038
391,1736.51663963
392,1755.00880093
393,1755.73057035
394,1756.78958339
395,1756.78958339
396,1776.5287922
397,1776.5287922
398,1777.0255415
399,1780.8964129
400,1786.3983966
401,1786.3983966
402,1788.09527482
403,1790.39003333
404,1800.54650332
405,1801.36146096
406,1808.69660461
407,1808.86680878
408,1825.8768142
409,1825.8768142
410,1825.8768142
411,1825.8768142
412,1836.19842923
413,1836.27408713
414,1838.47180569
415,1842.50466053
416,1848.33145856
417,1858.64472776
418,1861.53191434
419,1867.52537393
420,1876.47897973
421,1884.40639296
422,1884.42649086
423,1897.81427949
424,1900.68038803
425,1904.83364941
426,1904.83364941
427,1905.78767555
428,1914.43090968
429,1914.70325381
430,1914.70325381
431,1917.26669227
432,1934.32884945
433,1938.33508916
434,1938.61832966
435,1944.02909488
436,1944.31206701
437,1944.31206701
438,1947.61419226
439,1947.97306676
440,1962.82956433
441,1965.37822726
442,1969.94367211
443,1970.32965706
444,1973.92088022
445,1973.92088022
446,1973.92088022
447,1980.4404879
448,1984.64832101
449,1993.66008902
450,1993.66008902
451,1997.19504261
452,2002.58073278
453,2023.26890222
454,2023.26890222
455,2023.26890222
456,2023.26890222
457,2026.16333486
458,2027.02056465
459,2037.83017897
460,2038.00753317
461,2044.40043364
462,2052.80662381
463,2052.87771543
464,2052.87771543
465,2063.02333628
466,2064.2195715
467,2073.69329773
468,2081.77877582
469,2084.65861068
470,2084.78653602
471,2091.6895137
472,2092.35613303
473,2092.35613303
474,2098.31690671
475,2112.58988261
476,2112.71164976
477,2113.1007277
478,2117.31469628
479,2127.04434445
480,2129.73761983
481,2141.6487266
482,2142.74196309
483,2151.57375944
484,2151.57375944
485,2155.96901989
486,2156.0104578
487,2163.33381111
488,2164.99552459
489,2174.84758198
490,2177.67224081
491,2181.18257264
492,2181.18257264
493,2181.18257264
494,2181.18257264
495,2217.05477967
496,2217.07749153
497,2220.66099025
498,2220.66099025
499,2223.95522756
500,2225.08276469
501,2226.7393558
502,2229.5983103
503,2230.53059465
504,2230.53059465
505,2234.78172348
506,2243.06782762
507,2249.33997194
508,2250.19560906
509,2250.55322842
510,2260.13940785
511,2260.13940785
512,2262.41204523
513,2276.60425471
514,2278.72248831
515,2279.15270553
516,2289.47254765
517,2289.74822105
518,2289.74822105
519,2289.84651897
520,2299.61782545
521,2299.61782545
522,2306.43659545
523,2309.48742985
524,2309.48742986
525,2316.223012
526,2316.25282384
527,2321.47354939
528,2321.59830317
529,2339.69514939
530,2349.5248162
531,2349.53157959
532,2350.94340957
533,2355.484444
534,2357.01373202
535,2378.57466066
536,2378.57466066
537,2380.67282267
538,2380.78159209
539,2385.57981916
540,2386.04471762
541,2388.44426506
542,2407.04192698
543,2407.61314301
544,2408.18347387
545,2408.18347387
546,2412.49884172
547,2417.0986218
548,2418.05307827
549,2418.05307827
550,2429.51686886
551,2430.45392823
552,2437.95784815
553,2439.65877708
554,2458.03522265
555,2458.53617261
556,2465.31945673
557,2467.40110027
558,2467.40110027
559,2467.40110027
560,2467.40110027
561,2474.48147217
562,2489.138173
563,2490.25463207
564,2498.13080184
565,2509.54166039
566,2511.39996741
567,2514.86324531
568,2525.14626407
569,2527.89043718
570,2535.21269841
571,2535.3941773
572,2536.48833108
573,2536.48833108
574,2540.21337491
575,2545.05559941
576,2552.19243484
577,2554.34260419
578,2561.25896729
579,2562.86585393
580,2566.09714428
581,2566.09714428
582,2566.09714428
583,2566.09714428
584,2566.40551625
585,2568.11808718
586,2575.96674868
587,2575.96674868
588,2587.41642346
589,2591.8563374
590,2598.61032975
591,2603.07302693
592,2613.75037694
593,2614.51790667
594,2615.44516629
595,2615.44516629
596,2615.44516629
597,2615.44516629
598,2638.41052679
599,2640.53517759
600,2649.86337062
601,2651.98038028
602,2652.04474741
603,2654.92358389
604,2654.92358389
605,2658.80706493
606,2684.5323971
607,2684.5323971
608,2690.42916622
609,2696.53121341
610,2696.56386919
611,2699.89814548
612,2704.2716059
613,2704.2716059
614,2705.74357699
615,2707.74660912
616,2713.06597062
617,2714.6646307
618,2718.72012518
619,2724.32262001
620,2724.85641586
621,2733.8804191
622,2733.8804191
623,2739.86855599
624,2740.21782823
625,2747.47958394
626,2763.33008636
627,2768.56000018
628,2772.63474453
629,2772.96704187
630,2773.35883671
631,2773.35883671
632,2780.2357986
633,2782.77658282
634,2790.08060412
635,2796.36634001
636,2817.10998086
637,2818.56002841
638,2827.03141583
639,2829.6851076
640,2838.03197497
641,2842.44606751
642,2846.11169103
643,2852.31567191
644,2852.31567191
645,2858.11020632
646,2858.1769264
647,2860.12069609
648,2860.56407241
649,2862.18527632
650,2862.18527632
651,2862.18527632
652,2862.18527632
653,2872.85943289
654,2876.38275967
655,2881.89922159
656,2881.92448512
657,2881.92448512
658,2882.01603993
659,2891.79408952
660,2891.79408952
661,2911.01777917
662,2912.39810494
663,2921.40290272
664,2921.40290272
665,2925.64590273
666,2926.95547727
667,2931.59043009
668,2933.21132067
669,2936.29185974
670,2938.90431161
671,2941.14211152
672,2941.14211152
673,2946.77346756
674,2948.79762689
675,2962.07479478
676,2973.68224342
677,2979.04576623
678,2981.58017913
679,3000.18243634
680,3004.94316008
681,3007.69872458
682,3010.22934233
683,3010.22934233
684,3010.22934233
685,3010.22934233
686,3012.67953899
687,3020.09894673
688,3020.09894673
689,3027.09399626
690,3030.40909013
691,3031.81615644
692,3032.06569101
693,3033.47123472
694,3033.80102545
695,3054.1100901
696,3056.49826842
697,3061.26481674
698,3066.67919413
699,3067.83433707
700,3069.05233576
701,3085.13147638
702,3086.83781608
703,3089.18617754
704,3089.18617754
705,3099.05578194
706,3099.05578194
707,3108.05475709
708,3108.44433384
709,3114.56536224
710,3116.69690927
711,3128.66459515
712,3128.66459515
713,3141.13854989
714,3146.18936791
715,3158.27340835
716,3158.27340835
717,3168.03297679
718,3168.41404193
719,3169.40440865
720,3169.73121223
721,3170.70741683
722,3183.18356586
723,3183.48866727
724,3184.63841588
725,3198.36828274
726,3204.93407259
727,3204.95812736
728,3207.62143035
729,3207.62143035
730,3207.62143035
731,3207.62143035
732,3207.62143035
733,3207.62143035
734,3222.96751796
735,3223.46768311
736,3228.31071603
737,3235.50080575
738,3237.23024356
739,3237.23024356
740,3244.45152046
741,3251.1012548
742,3252.60840246
743,3253.3180714
744,3255.37475188
745,3265.69834802
746,3270.4642318
747,3274.6232429
748,3278.42570327
749,3279.69501846
750,3284.89976745
751,3286.57826556
752,3286.57826556
753,3309.75351955
754,3312.85140916
755,3319.14871761
756,3322.87575869
757,3326.05668317
758,3326.05668317
759,3326.33119097
760,3327.4987925
761,3335.92628757
762,3335.92628757
763,3335.92628757
764,3355.66549637
765,3355.66549637
766,3355.66549637
767,3355.66549637
768,3357.98001537
769,3361.0315216
770,3369.16520185
771,3369.40006091
772,3387.14541715
773,3387.19656516
774,3400.4803228
775,3403.70626244
776,3410.79051519
777,3410.91521743
778,3414.88312278
779,3414.88312278
780,3417.36753022
781,3417.36841619
782,3417.90396458
783,3423.65766585
784,3428.04619497
785,3438.00537312
786,3444.49193598
787,3444.49193598
788,3456.49892999
789,3463.55451405
790,3463.94382378
791,3477.8952222
792,3481.33792043
793,3482.01835255
794,3483.97035358
795,3483.97035358
796,3490.92752644
797,3491.44764544
798,3510.07790649
799,3512.9779168
800,3513.57916679
801,3513.57916679
802,3513.74867838
803,3515.55607909
804,3531.12234338
805,3531.13678368
806,3535.29487384
807,3536.71885474
808,3553.05758439
809,3553.05758439
810,3560.33430753
811,3568.28686895
812,3568.7227448
813,3571.58687838
814,3572.79679319
815,3572.79679319
816,3573.84465766
817,3574.32076049
818,3587.12235865
819,3589.5791171
820,3602.4056064
821,3602.4056064
822,3602.4056064
823,3602.4056064
824,3604.33635734
825,3605.38590618
826,3612.71228713
827,3614.13720662
828,3621.71530385
829,3632.36677073
830,3637.8271398
831,3637.83173692
832,3641.884024
833,3641.884024
834,3651.7536284
835,3651.7536284
836,3651.7536284
837,3651.7536284
838,3657.31617174
839,3657.76876956
840,3673.53279953
841,3674.07247038
842,3681.36244161
843,3681.36244161
844,3686.74533297
845,3688.98233565
846,3690.95038362
847,3703.35306108
848,3717.54068296
849,3720.84085921
850,3720.84085921
851,3720.84085921
852,3720.84085921
853,3724.53581122
854,3726.01567988
855,3742.94442806
856,3743.03585929
857,3746.87544093
858,3750.64563084
859,3761.62978642
860,3762.24794574
861,3766.42387888
862,3768.69372895
863,3770.86723231
864,3778.26459231
865,3781.44257633
866,3792.0365402
867,3792.29913353
868,3798.69394559
869,3804.58239144
870,3809.66729882
871,3809.66729882
872,3822.01760615
873,3822.70769935
874,3829.40650762
875,3829.40650762
876,3836.99787154
877,3837.75332321
878,3838.10541028
879,3839.27611202
880,3839.27611202
881,3839.91023502
882,3846.84049226
883,3849.47810052
884,3868.88492523
885,3871.21973038
886,3874.41161654
887,3883.34236282
888,3886.20902797
889,3888.62413403
890,3888.62413403
891,3906.21133977
892,3906.54024147
893,3914.04124849
894,3916.921546
895,3918.23294723
896,3918.23294723
897,3941.61509477
898,3943.81002031
899,3947.84176044
900,3947.84176044
901,3952.4240796
902,3954.63554566
903,3957.71136484
904,3957.71136484
905,3965.17617448
906,3968.17796837
907,3969.30970714
908,3969.31595538
909,3976.77550484
910,3977.65946395
911,3987.32017804
912,3987.32017804
913,3991.78675479
914,3993.98500146
915,3997.18978244
916,3997.18978244
917,4001.46921573
918,4008.40530841
919,4009.69951609
920,4015.67627071
921,4015.75794192
922,4016.98506521
923,4022.49891254
924,4026.46065051
925,4036.66820005
926,4036.66820005
927,4046.53780445
928,4046.53780445
929,4046.53780445
930,4046.53780445
931,4054.42240554
932,4059.14853932
933,4067.7102839
934,4071.43556556
935,4075.76567654
936,4075.94611963
937,4092.45268126
938,4094.38405204
939,4099.95523954
940,4100.13236042
941,4105.75543085
942,4105.75543085
943,4111.45602771
944,4117.56494969
945,4122.26230964
946,4127.26857781
947,4150.01849227
948,4150.92620406
949,4155.10345286
950,4155.10345286
951,4157.38322632
952,4157.7156783
953,4163.05295213
954,4164.30644576
955,4181.11807431
956,4181.20356135
957,4184.71226606
958,4184.71226606
959,4186.69924009
960,4186.97205051
961,4194.58187046
962,4194.58187046
963,4194.58187046
964,4194.58187046
965,4194.58187046
966,4194.58187046
967,4216.08401913
968,4217.86963674
969,4222.94215558
970,4223.34628357
971,4232.31878122
972,4232.7427744
973,4249.43711223
974,4256.47809813
975,4258.43717939
976,4262.37881676
977,4273.53870567
978,4273.53870567
979,4275.03464805
980,4278.80721694
981,4278.81347902
982,4290.14784298
983,4290.70501059
984,4300.67766421
985,4300.88854209
986,4303.14751887
987,4303.14751887
988,4312.41409178
989,4334.54466382
990,4346.76241594
991,4350.46253262
992,4352.84005847
993,4356.51995521
994,4356.72172209
995,4362.36514528
996,4362.36514528
997,4362.36514528
998,4362.36514528
999,4362.72685898
1000,4363.98785409
